1370956778409,38cdf79bd92778f478ed96c0b79184c9,15,0,false,0,false,0.0,0.0.3
1370956778409,a045691d6bf7e21cb24ca1e03bcafc32,5,0,false,0,false,0.0,0.0.3
1370956778409,28311ac31f042050fa977ef577d12165,25,0,false,0,false,0.0,0.0.3
1370956778409,903109a2a177de7e4b2ee11393acc755,50,0,false,0,false,0.0,0.0.3
1370956778409,9b7464fdc7cb537744da4db1565305a1,75,0,false,0,false,0.0,0.0.3
1370956778409,ea7c005d285986f5a4075be67a2cebd6,100,0,false,0,false,0.0,0.0.3
1370956778409,76a1f412dbd0efc96b2005ca14110ea0,150,0,false,0,false,0.0,0.0.3
1370956778409,1d9c29cfd5afff7c598579e63ae0fbca,300,0,false,0,false,0.0,0.0.3
1370956778409,48e33cc00d68786db4f6e0ea064f97d7,500,0,false,0,false,0.0,0.0.3
1370956778409,a1633c6b0f152f804bc4425f832f5748,1000,0,false,0,false,0.0,0.0.3
1370959779018,a045691d6bf7e21cb24ca1e03bcafc32,5,0,false,0,false,15.0,0.0.3
1370959779018,38cdf79bd92778f478ed96c0b79184c9,15,1,false,0,false,15.0,0.0.3
1370959779018,28311ac31f042050fa977ef577d12165,25,0,false,0,false,15.0,0.0.3
1370959779018,903109a2a177de7e4b2ee11393acc755,50,0,false,0,false,15.0,0.0.3
1370959779018,9b7464fdc7cb537744da4db1565305a1,75,0,false,0,false,15.0,0.0.3
1370959779018,ea7c005d285986f5a4075be67a2cebd6,100,0,false,0,false,15.0,0.0.3
1370959779018,76a1f412dbd0efc96b2005ca14110ea0,150,0,false,0,false,15.0,0.0.3
1370959779018,1d9c29cfd5afff7c598579e63ae0fbca,300,0,false,0,false,15.0,0.0.3
1370959779018,48e33cc00d68786db4f6e0ea064f97d7,500,0,false,0,false,15.0,0.0.3
1370959779018,a1633c6b0f152f804bc4425f832f5748,1000,0,false,0,false,15.0,0.0.3
1370960379789,a045691d6bf7e21cb24ca1e03bcafc32,5,0,false,0,false,40.0,0.0.3
1370960379789,38cdf79bd92778f478ed96c0b79184c9,15,1,false,0,false,40.0,0.0.3
1370960379789,28311ac31f042050fa977ef577d12165,25,1,false,0,false,40.0,0.0.3
1370960379789,903109a2a177de7e4b2ee11393acc755,50,0,false,0,false,40.0,0.0.3
1370960379789,9b7464fdc7cb537744da4db1565305a1,75,0,false,0,false,40.0,0.0.3
1370960379789,ea7c005d285986f5a4075be67a2cebd6,100,0,false,0,false,40.0,0.0.3
1370960379789,76a1f412dbd0efc96b2005ca14110ea0,150,0,false,0,false,40.0,0.0.3
1370960379789,1d9c29cfd5afff7c598579e63ae0fbca,300,0,false,0,false,40.0,0.0.3
1370960379789,48e33cc00d68786db4f6e0ea064f97d7,500,0,false,0,false,40.0,0.0.3
1370960379789,a1633c6b0f152f804bc4425f832f5748,1000,0,false,0,false,40.0,0.0.3
1370961580169,a045691d6bf7e21cb24ca1e03bcafc32,5,0,false,0,false,75.0,0.0.3
1370961580169,9b7464fdc7cb537744da4db1565305a1,75,0,false,0,false,75.0,0.0.3
1370961580169,ea7c005d285986f5a4075be67a2cebd6,100,0,false,0,false,75.0,0.0.3
1370961580169,903109a2a177de7e4b2ee11393acc755,50,0,false,0,false,75.0,0.0.3
1370961580169,28311ac31f042050fa977ef577d12165,25,1,false,0,false,75.0,0.0.3
1370961580169,38cdf79bd92778f478ed96c0b79184c9,15,2,false,0,false,75.0,0.0.3
1370961580169,76a1f412dbd0efc96b2005ca14110ea0,150,0,false,0,false,75.0,0.0.3
1370961580169,1d9c29cfd5afff7c598579e63ae0fbca,300,0,false,0,false,75.0,0.0.3
1370961580169,48e33cc00d68786db4f6e0ea064f97d7,500,0,false,0,false,75.0,0.0.3
1370961580169,a1633c6b0f152f804bc4425f832f5748,1000,0,false,0,false,75.0,0.0.3
1370962180257,a045691d6bf7e21cb24ca1e03bcafc32,5,0,false,0,false,175.0,0.0.3
1370962180257,28311ac31f042050fa977ef577d12165,25,1,false,0,false,175.0,0.0.3
1370962180257,903109a2a177de7e4b2ee11393acc755,50,0,false,0,false,175.0,0.0.3
1370962180257,38cdf79bd92778f478ed96c0b79184c9,15,2,false,0,false,175.0,0.0.3
1370962180257,9b7464fdc7cb537744da4db1565305a1,75,0,false,0,false,175.0,0.0.3
1370962180257,ea7c005d285986f5a4075be67a2cebd6,100,1,false,0,false,175.0,0.0.3
1370962180257,76a1f412dbd0efc96b2005ca14110ea0,150,0,false,0,false,175.0,0.0.3
1370962180257,1d9c29cfd5afff7c598579e63ae0fbca,300,0,false,0,false,175.0,0.0.3
1370962180257,48e33cc00d68786db4f6e0ea064f97d7,500,0,false,0,false,175.0,0.0.3
1370962180257,a1633c6b0f152f804bc4425f832f5748,1000,0,false,0,false,175.0,0.0.3
1370962780536,a045691d6bf7e21cb24ca1e03bcafc32,5,0,false,0,false,205.0,0.0.3
1370962780536,38cdf79bd92778f478ed96c0b79184c9,15,4,false,0,false,205.0,0.0.3
1370962780536,28311ac31f042050fa977ef577d12165,25,1,false,0,false,205.0,0.0.3
1370962780536,903109a2a177de7e4b2ee11393acc755,50,0,false,0,false,205.0,0.0.3
1370962780536,9b7464fdc7cb537744da4db1565305a1,75,0,false,0,false,205.0,0.0.3
1370962780536,ea7c005d285986f5a4075be67a2cebd6,100,1,false,0,false,205.0,0.0.3
1370962780536,76a1f412dbd0efc96b2005ca14110ea0,150,0,false,0,false,205.0,0.0.3
1370962780536,1d9c29cfd5afff7c598579e63ae0fbca,300,0,false,0,false,205.0,0.0.3
1370962780536,48e33cc00d68786db4f6e0ea064f97d7,500,0,false,0,false,205.0,0.0.3
1370962780536,a1633c6b0f152f804bc4425f832f5748,1000,0,false,0,false,205.0,0.0.3
1370963380809,28311ac31f042050fa977ef577d12165,25,1,false,0,false,280.0,0.0.3
1370963380809,903109a2a177de7e4b2ee11393acc755,50,0,false,0,false,280.0,0.0.3
1370963380809,9b7464fdc7cb537744da4db1565305a1,75,1,false,0,false,280.0,0.0.3
1370963380809,a045691d6bf7e21cb24ca1e03bcafc32,5,0,false,0,false,280.0,0.0.3
1370963380809,ea7c005d285986f5a4075be67a2cebd6,100,1,false,0,false,280.0,0.0.3
1370963380809,38cdf79bd92778f478ed96c0b79184c9,15,4,false,0,false,280.0,0.0.3
1370963380809,76a1f412dbd0efc96b2005ca14110ea0,150,0,false,0,false,280.0,0.0.3
1370963380809,1d9c29cfd5afff7c598579e63ae0fbca,300,0,false,0,false,280.0,0.0.3
1370963380809,48e33cc00d68786db4f6e0ea064f97d7,500,0,false,0,false,280.0,0.0.3
1370963380809,a1633c6b0f152f804bc4425f832f5748,1000,0,false,0,false,280.0,0.0.3
1370965181577,a045691d6bf7e21cb24ca1e03bcafc32,5,0,false,0,false,320.0,0.0.3
1370965181577,38cdf79bd92778f478ed96c0b79184c9,15,5,false,0,false,320.0,0.0.3
1370965181577,28311ac31f042050fa977ef577d12165,25,2,false,0,false,320.0,0.0.3
1370965181577,903109a2a177de7e4b2ee11393acc755,50,0,false,0,false,320.0,0.0.3
1370965181577,9b7464fdc7cb537744da4db1565305a1,75,1,false,0,false,320.0,0.0.3
1370965181577,ea7c005d285986f5a4075be67a2cebd6,100,1,false,0,false,320.0,0.0.3
1370965181577,76a1f412dbd0efc96b2005ca14110ea0,150,0,false,0,false,320.0,0.0.3
1370965181577,1d9c29cfd5afff7c598579e63ae0fbca,300,0,false,0,false,320.0,0.0.3
1370965181577,48e33cc00d68786db4f6e0ea064f97d7,500,0,false,0,false,320.0,0.0.3
1370965181577,a1633c6b0f152f804bc4425f832f5748,1000,0,false,0,false,320.0,0.0.3
1370966981829,a045691d6bf7e21cb24ca1e03bcafc32,5,0,false,0,false,330.0,0.0.3
1370966981829,28311ac31f042050fa977ef577d12165,25,2,false,0,false,330.0,0.0.3
1370966981829,38cdf79bd92778f478ed96c0b79184c9,15,5,false,0,false,330.0,0.0.3
1370966981829,903109a2a177de7e4b2ee11393acc755,50,0,false,0,false,330.0,0.0.3
1370966981829,9b7464fdc7cb537744da4db1565305a1,75,1,false,0,false,330.0,0.0.3
1370966981829,ea7c005d285986f5a4075be67a2cebd6,100,1,false,0,false,330.0,0.0.3
1370966981829,76a1f412dbd0efc96b2005ca14110ea0,150,0,false,0,false,330.0,0.0.3
1370966981829,1d9c29cfd5afff7c598579e63ae0fbca,300,0,false,0,false,330.0,0.0.3
1370966981829,48e33cc00d68786db4f6e0ea064f97d7,500,0,false,0,false,330.0,0.0.3
1370966981829,a1633c6b0f152f804bc4425f832f5748,1000,0,false,0,false,330.0,0.0.3
1370972385055,a045691d6bf7e21cb24ca1e03bcafc32,5,0,false,0,false,380.0,0.0.3
1370972385055,28311ac31f042050fa977ef577d12165,25,2,false,0,false,380.0,0.0.3
1370972385055,38cdf79bd92778f478ed96c0b79184c9,15,5,false,0,false,380.0,0.0.3
1370972385055,903109a2a177de7e4b2ee11393acc755,50,1,false,0,false,380.0,0.0.3
1370972385055,9b7464fdc7cb537744da4db1565305a1,75,1,false,0,false,380.0,0.0.3
1370972385055,ea7c005d285986f5a4075be67a2cebd6,100,1,false,0,false,380.0,0.0.3
1370972385055,76a1f412dbd0efc96b2005ca14110ea0,150,0,false,0,false,380.0,0.0.3
1370972385055,1d9c29cfd5afff7c598579e63ae0fbca,300,0,false,0,false,380.0,0.0.3
1370972385055,48e33cc00d68786db4f6e0ea064f97d7,500,0,false,0,false,380.0,0.0.3
1370972385055,a1633c6b0f152f804bc4425f832f5748,1000,0,false,0,false,380.0,0.0.3
1370975385113,38cdf79bd92778f478ed96c0b79184c9,15,5,false,0,false,405.0,0.0.3
1370975385113,28311ac31f042050fa977ef577d12165,25,3,false,0,false,405.0,0.0.3
1370975385113,9b7464fdc7cb537744da4db1565305a1,75,1,false,0,false,405.0,0.0.3
1370975385113,ea7c005d285986f5a4075be67a2cebd6,100,1,false,0,false,405.0,0.0.3
1370975385113,903109a2a177de7e4b2ee11393acc755,50,1,false,0,false,405.0,0.0.3
1370975385113,a045691d6bf7e21cb24ca1e03bcafc32,5,0,false,0,false,405.0,0.0.3
1370975385113,76a1f412dbd0efc96b2005ca14110ea0,150,0,false,0,false,405.0,0.0.3
1370975385113,1d9c29cfd5afff7c598579e63ae0fbca,300,0,false,0,false,405.0,0.0.3
1370975385113,48e33cc00d68786db4f6e0ea064f97d7,500,0,false,0,false,405.0,0.0.3
1370975385113,a1633c6b0f152f804bc4425f832f5748,1000,0,false,0,false,405.0,0.0.3
1370975985863,a045691d6bf7e21cb24ca1e03bcafc32,5,0,false,0,false,505.0,0.0.3
1370975985863,38cdf79bd92778f478ed96c0b79184c9,15,5,false,0,false,505.0,0.0.3
1370975985863,28311ac31f042050fa977ef577d12165,25,3,false,0,false,505.0,0.0.3
1370975985863,903109a2a177de7e4b2ee11393acc755,50,1,false,0,false,505.0,0.0.3
1370975985863,9b7464fdc7cb537744da4db1565305a1,75,1,false,0,false,505.0,0.0.3
1370975985863,ea7c005d285986f5a4075be67a2cebd6,100,2,false,0,false,505.0,0.0.3
1370975985863,76a1f412dbd0efc96b2005ca14110ea0,150,0,false,0,false,505.0,0.0.3
1370975985863,1d9c29cfd5afff7c598579e63ae0fbca,300,0,false,0,false,505.0,0.0.3
1370975985863,48e33cc00d68786db4f6e0ea064f97d7,500,0,false,0,false,505.0,0.0.3
1370975985863,a1633c6b0f152f804bc4425f832f5748,1000,0,false,0,false,505.0,0.0.3
1370976585931,38cdf79bd92778f478ed96c0b79184c9,15,5,false,0,false,555.0,0.0.3
1370976585931,903109a2a177de7e4b2ee11393acc755,50,2,false,0,false,555.0,0.0.3
1370976585931,28311ac31f042050fa977ef577d12165,25,3,false,0,false,555.0,0.0.3
1370976585931,9b7464fdc7cb537744da4db1565305a1,75,1,false,0,false,555.0,0.0.3
1370976585931,ea7c005d285986f5a4075be67a2cebd6,100,2,false,0,false,555.0,0.0.3
1370976585931,76a1f412dbd0efc96b2005ca14110ea0,150,0,false,0,false,555.0,0.0.3
1370976585931,1d9c29cfd5afff7c598579e63ae0fbca,300,0,false,0,false,555.0,0.0.3
1370976585931,48e33cc00d68786db4f6e0ea064f97d7,500,0,false,0,false,555.0,0.0.3
1370976585931,a1633c6b0f152f804bc4425f832f5748,1000,0,false,0,false,555.0,0.0.3
1370976585931,a045691d6bf7e21cb24ca1e03bcafc32,5,0,false,0,false,555.0,0.0.3
1370977787316,a045691d6bf7e21cb24ca1e03bcafc32,5,0,false,0,false,585.0,0.0.3
1370977787316,38cdf79bd92778f478ed96c0b79184c9,15,5,false,0,false,585.0,0.0.3
1370977787316,9b7464fdc7cb537744da4db1565305a1,75,1,false,0,false,585.0,0.0.3
1370977787316,28311ac31f042050fa977ef577d12165,25,4,false,0,false,585.0,0.0.3
1370977787316,76a1f412dbd0efc96b2005ca14110ea0,150,0,false,0,false,585.0,0.0.3
1370977787316,ea7c005d285986f5a4075be67a2cebd6,100,2,false,0,false,585.0,0.0.3
1370977787316,903109a2a177de7e4b2ee11393acc755,50,2,false,0,false,585.0,0.0.3
1370977787316,1d9c29cfd5afff7c598579e63ae0fbca,300,0,false,0,false,585.0,0.0.3
1370977787316,a1633c6b0f152f804bc4425f832f5748,1000,0,false,0,false,585.0,0.0.3
1370977787316,48e33cc00d68786db4f6e0ea064f97d7,500,0,false,0,false,585.0,0.0.3
1370988611048,a045691d6bf7e21cb24ca1e03bcafc32,5,0,false,0,false,635.0,0.0.3
1370988611048,38cdf79bd92778f478ed96c0b79184c9,15,5,false,0,false,635.0,0.0.3
1370988611048,28311ac31f042050fa977ef577d12165,25,4,false,0,false,635.0,0.0.3
1370988611048,903109a2a177de7e4b2ee11393acc755,50,3,false,0,false,635.0,0.0.3
1370988611048,9b7464fdc7cb537744da4db1565305a1,75,1,false,0,false,635.0,0.0.3
1370988611048,ea7c005d285986f5a4075be67a2cebd6,100,2,false,0,false,635.0,0.0.3
1370988611048,76a1f412dbd0efc96b2005ca14110ea0,150,0,false,0,false,635.0,0.0.3
1370988611048,1d9c29cfd5afff7c598579e63ae0fbca,300,0,false,0,false,635.0,0.0.3
1370988611048,48e33cc00d68786db4f6e0ea064f97d7,500,0,false,0,false,635.0,0.0.3
1370988611048,a1633c6b0f152f804bc4425f832f5748,1000,0,false,0,false,635.0,0.0.3
1370991599957,38cdf79bd92778f478ed96c0b79184c9,15,5,false,0,false,710.0,0.0.3
1370991599957,28311ac31f042050fa977ef577d12165,25,4,false,0,false,710.0,0.0.3
1370991599957,903109a2a177de7e4b2ee11393acc755,50,3,false,0,false,710.0,0.0.3
1370991599957,a045691d6bf7e21cb24ca1e03bcafc32,5,0,false,0,false,710.0,0.0.3
1370991599957,ea7c005d285986f5a4075be67a2cebd6,100,2,false,0,false,710.0,0.0.3
1370991599957,9b7464fdc7cb537744da4db1565305a1,75,2,false,0,false,710.0,0.0.3
1370991599957,76a1f412dbd0efc96b2005ca14110ea0,150,0,false,0,false,710.0,0.0.3
1370991599957,1d9c29cfd5afff7c598579e63ae0fbca,300,0,false,0,false,710.0,0.0.3
1370991599957,48e33cc00d68786db4f6e0ea064f97d7,500,0,false,0,false,710.0,0.0.3
1370991599957,a1633c6b0f152f804bc4425f832f5748,1000,0,false,0,false,710.0,0.0.3
1370995805371,903109a2a177de7e4b2ee11393acc755,50,3,false,0,false,715.0,0.0.3
1370995805371,38cdf79bd92778f478ed96c0b79184c9,15,5,false,0,false,715.0,0.0.3
1370995805371,28311ac31f042050fa977ef577d12165,25,4,false,0,false,715.0,0.0.3
1370995805371,9b7464fdc7cb537744da4db1565305a1,75,2,false,0,false,715.0,0.0.3
1370995805371,ea7c005d285986f5a4075be67a2cebd6,100,2,false,0,false,715.0,0.0.3
1370995805371,76a1f412dbd0efc96b2005ca14110ea0,150,0,false,0,false,715.0,0.0.3
1370995805371,1d9c29cfd5afff7c598579e63ae0fbca,300,0,false,0,false,715.0,0.0.3
1370995805371,a1633c6b0f152f804bc4425f832f5748,1000,0,false,0,false,715.0,0.0.3
1370995805371,48e33cc00d68786db4f6e0ea064f97d7,500,0,false,0,false,715.0,0.0.3
1370995805371,a045691d6bf7e21cb24ca1e03bcafc32,5,0,false,0,false,715.0,0.0.3
1371009009526,a045691d6bf7e21cb24ca1e03bcafc32,5,0,false,0,false,865.0,0.0.3
1371009009526,38cdf79bd92778f478ed96c0b79184c9,15,5,false,0,false,865.0,0.0.3
1371009009526,28311ac31f042050fa977ef577d12165,25,4,false,0,false,865.0,0.0.3
1371009009526,903109a2a177de7e4b2ee11393acc755,50,3,false,0,false,865.0,0.0.3
1371009009526,9b7464fdc7cb537744da4db1565305a1,75,2,false,0,false,865.0,0.0.3
1371009009526,ea7c005d285986f5a4075be67a2cebd6,100,2,false,0,false,865.0,0.0.3
1371009009526,76a1f412dbd0efc96b2005ca14110ea0,150,1,false,0,false,865.0,0.0.3
1371009009526,1d9c29cfd5afff7c598579e63ae0fbca,300,0,false,0,false,865.0,0.0.3
1371009009526,48e33cc00d68786db4f6e0ea064f97d7,500,0,false,0,false,865.0,0.0.3
1371009009526,a1633c6b0f152f804bc4425f832f5748,1000,0,false,0,false,865.0,0.0.3
1371020414287,a045691d6bf7e21cb24ca1e03bcafc32,5,1,false,0,false,871.0,0.0.3
1371020414287,38cdf79bd92778f478ed96c0b79184c9,15,5,false,0,false,871.0,0.0.3
1371020414287,28311ac31f042050fa977ef577d12165,25,4,false,0,false,871.0,0.0.3
1371020414287,903109a2a177de7e4b2ee11393acc755,50,3,false,0,false,871.0,0.0.3
1371020414287,9b7464fdc7cb537744da4db1565305a1,75,2,false,0,false,871.0,0.0.3
1371020414287,ea7c005d285986f5a4075be67a2cebd6,100,2,false,0,false,871.0,0.0.3
1371020414287,76a1f412dbd0efc96b2005ca14110ea0,150,1,false,0,false,871.0,0.0.3
1371020414287,1d9c29cfd5afff7c598579e63ae0fbca,300,0,false,0,false,871.0,0.0.3
1371020414287,48e33cc00d68786db4f6e0ea064f97d7,500,0,false,0,false,871.0,0.0.3
1371020414287,a1633c6b0f152f804bc4425f832f5748,1000,0,false,0,false,871.0,0.0.3
1371052824654,a045691d6bf7e21cb24ca1e03bcafc32,5,1,false,0,false,896.0,0.0.3
1371052824654,28311ac31f042050fa977ef577d12165,25,5,false,0,false,896.0,0.0.3
1371052824654,903109a2a177de7e4b2ee11393acc755,50,3,false,0,false,896.0,0.0.3
1371052824654,9b7464fdc7cb537744da4db1565305a1,75,2,false,0,false,896.0,0.0.3
1371052824654,38cdf79bd92778f478ed96c0b79184c9,15,5,false,0,false,896.0,0.0.3
1371052824654,ea7c005d285986f5a4075be67a2cebd6,100,2,false,0,false,896.0,0.0.3
1371052824654,76a1f412dbd0efc96b2005ca14110ea0,150,1,false,0,false,896.0,0.0.3
1371052824654,1d9c29cfd5afff7c598579e63ae0fbca,300,0,false,0,false,896.0,0.0.3
1371052824654,48e33cc00d68786db4f6e0ea064f97d7,500,0,false,0,false,896.0,0.0.3
1371052824654,a1633c6b0f152f804bc4425f832f5748,1000,0,false,0,false,896.0,0.0.3
1371063028885,a045691d6bf7e21cb24ca1e03bcafc32,5,1,false,0,false,1021.0,0.0.3
1371063028885,28311ac31f042050fa977ef577d12165,25,5,false,0,false,1021.0,0.0.3
1371063028885,38cdf79bd92778f478ed96c0b79184c9,15,5,false,0,false,1021.0,0.0.3
1371063028885,903109a2a177de7e4b2ee11393acc755,50,3,false,0,false,1021.0,0.0.3
1371063028885,9b7464fdc7cb537744da4db1565305a1,75,2,false,0,false,1021.0,0.0.3
1371063028885,ea7c005d285986f5a4075be67a2cebd6,100,2,false,0,false,1021.0,0.0.3
1371063028885,76a1f412dbd0efc96b2005ca14110ea0,150,1,false,0,false,1021.0,0.0.3
1371063028885,1d9c29cfd5afff7c598579e63ae0fbca,300,0,false,0,false,1021.0,0.0.3
1371063028885,48e33cc00d68786db4f6e0ea064f97d7,500,0,false,0,false,1021.0,0.0.3
1371063028885,a1633c6b0f152f804bc4425f832f5748,1000,0,false,0,false,1021.0,0.0.3
1371066031032,a045691d6bf7e21cb24ca1e03bcafc32,5,1,false,0,false,1071.0,0.0.3
1371066031032,38cdf79bd92778f478ed96c0b79184c9,15,5,false,0,false,1071.0,0.0.3
1371066031032,28311ac31f042050fa977ef577d12165,25,5,false,0,false,1071.0,0.0.3
1371066031032,903109a2a177de7e4b2ee11393acc755,50,4,false,0,false,1071.0,0.0.3
1371066031032,9b7464fdc7cb537744da4db1565305a1,75,2,false,0,false,1071.0,0.0.3
1371066031032,ea7c005d285986f5a4075be67a2cebd6,100,2,false,0,false,1071.0,0.0.3
1371066031032,76a1f412dbd0efc96b2005ca14110ea0,150,1,false,0,false,1071.0,0.0.3
1371066031032,1d9c29cfd5afff7c598579e63ae0fbca,300,0,false,0,false,1071.0,0.0.3
1371066031032,48e33cc00d68786db4f6e0ea064f97d7,500,0,false,0,false,1071.0,0.0.3
1371066031032,a1633c6b0f152f804bc4425f832f5748,1000,0,false,0,false,1071.0,0.0.3
1371071436286,903109a2a177de7e4b2ee11393acc755,50,4,false,0,false,1072.0,0.0.3
1371071436286,a045691d6bf7e21cb24ca1e03bcafc32,5,1,false,0,false,1072.0,0.0.3
1371071436286,28311ac31f042050fa977ef577d12165,25,5,false,0,false,1072.0,0.0.3
1371071436286,ea7c005d285986f5a4075be67a2cebd6,100,2,false,0,false,1072.0,0.0.3
1371071436286,9b7464fdc7cb537744da4db1565305a1,75,2,false,0,false,1072.0,0.0.3
1371071436286,76a1f412dbd0efc96b2005ca14110ea0,150,1,false,0,false,1072.0,0.0.3
1371071436286,1d9c29cfd5afff7c598579e63ae0fbca,300,0,false,0,false,1072.0,0.0.3
1371071436286,48e33cc00d68786db4f6e0ea064f97d7,500,0,false,0,false,1072.0,0.0.3
1371071436286,a1633c6b0f152f804bc4425f832f5748,1000,0,false,0,false,1072.0,0.0.3
1371071436286,38cdf79bd92778f478ed96c0b79184c9,15,5,false,0,false,1072.0,0.0.3
1371225086110,a045691d6bf7e21cb24ca1e03bcafc32,5,1,false,0,false,1172.0,0.0.3
1371225086110,28311ac31f042050fa977ef577d12165,25,5,false,0,false,1172.0,0.0.3
1371225086110,903109a2a177de7e4b2ee11393acc755,50,4,false,0,false,1172.0,0.0.3
1371225086110,9b7464fdc7cb537744da4db1565305a1,75,2,false,0,false,1172.0,0.0.3
1371225086110,ea7c005d285986f5a4075be67a2cebd6,100,3,false,0,false,1172.0,0.0.3
1371225086110,76a1f412dbd0efc96b2005ca14110ea0,150,1,false,0,false,1172.0,0.0.3
1371225086110,1d9c29cfd5afff7c598579e63ae0fbca,300,0,false,0,false,1172.0,0.0.3
1371225086110,38cdf79bd92778f478ed96c0b79184c9,15,5,false,0,false,1172.0,0.0.3
1371225086110,48e33cc00d68786db4f6e0ea064f97d7,500,0,false,0,false,1172.0,0.0.3
1371225086110,a1633c6b0f152f804bc4425f832f5748,1000,0,false,0,false,1172.0,0.0.3
1371226890954,a045691d6bf7e21cb24ca1e03bcafc32,5,1,false,0,false,1197.0,0.0.3
1371226890954,38cdf79bd92778f478ed96c0b79184c9,15,5,false,0,false,1197.0,0.0.3
1371226890954,28311ac31f042050fa977ef577d12165,25,6,false,0,false,1197.0,0.0.3
1371226890954,903109a2a177de7e4b2ee11393acc755,50,4,false,0,false,1197.0,0.0.3
1371226890954,9b7464fdc7cb537744da4db1565305a1,75,2,false,0,false,1197.0,0.0.3
1371226890954,ea7c005d285986f5a4075be67a2cebd6,100,3,false,0,false,1197.0,0.0.3
1371226890954,76a1f412dbd0efc96b2005ca14110ea0,150,1,false,0,false,1197.0,0.0.3
1371226890954,1d9c29cfd5afff7c598579e63ae0fbca,300,0,false,0,false,1197.0,0.0.3
1371226890954,48e33cc00d68786db4f6e0ea064f97d7,500,0,false,0,false,1197.0,0.0.3
1371226890954,a1633c6b0f152f804bc4425f832f5748,1000,0,false,0,false,1197.0,0.0.3
1371319930325,a045691d6bf7e21cb24ca1e03bcafc32,5,1,false,0,false,1222.0,0.0.3
1371319930325,38cdf79bd92778f478ed96c0b79184c9,15,5,false,0,false,1222.0,0.0.3
1371319930325,28311ac31f042050fa977ef577d12165,25,7,false,0,false,1222.0,0.0.3
1371319930325,903109a2a177de7e4b2ee11393acc755,50,4,false,0,false,1222.0,0.0.3
1371319930325,9b7464fdc7cb537744da4db1565305a1,75,2,false,0,false,1222.0,0.0.3
1371319930325,ea7c005d285986f5a4075be67a2cebd6,100,3,false,0,false,1222.0,0.0.3
1371319930325,76a1f412dbd0efc96b2005ca14110ea0,150,1,false,0,false,1222.0,0.0.3
1371319930325,1d9c29cfd5afff7c598579e63ae0fbca,300,0,false,0,false,1222.0,0.0.3
1371319930325,48e33cc00d68786db4f6e0ea064f97d7,500,0,false,0,false,1222.0,0.0.3
1371319930325,a1633c6b0f152f804bc4425f832f5748,1000,0,false,0,false,1222.0,0.0.3
1371394963198,a045691d6bf7e21cb24ca1e03bcafc32,5,1,false,0,false,1247.0,0.0.3
1371394963198,28311ac31f042050fa977ef577d12165,25,7,false,0,false,1247.0,0.0.3
1371394963198,903109a2a177de7e4b2ee11393acc755,50,4,false,0,false,1247.0,0.0.3
1371394963198,9b7464fdc7cb537744da4db1565305a1,75,2,false,0,false,1247.0,0.0.3
1371394963198,ea7c005d285986f5a4075be67a2cebd6,100,3,false,0,false,1247.0,0.0.3
1371394963198,76a1f412dbd0efc96b2005ca14110ea0,150,1,false,0,false,1247.0,0.0.3
1371394963198,38cdf79bd92778f478ed96c0b79184c9,15,5,false,0,false,1247.0,0.0.3
1371394963198,1d9c29cfd5afff7c598579e63ae0fbca,300,0,false,0,false,1247.0,0.0.3
1371394963198,a1633c6b0f152f804bc4425f832f5748,1000,0,false,0,false,1247.0,0.0.3
1371394963198,48e33cc00d68786db4f6e0ea064f97d7,500,0,false,0,false,1247.0,0.0.3
1371414139860,38cdf79bd92778f478ed96c0b79184c9,15,5,false,0,false,1347.0,0.0.3
1371414139860,903109a2a177de7e4b2ee11393acc755,50,4,false,0,false,1347.0,0.0.3
1371414139860,28311ac31f042050fa977ef577d12165,25,7,false,0,false,1347.0,0.0.3
1371414139860,9b7464fdc7cb537744da4db1565305a1,75,3,false,0,false,1347.0,0.0.3
1371414139860,ea7c005d285986f5a4075be67a2cebd6,100,3,false,0,false,1347.0,0.0.3
1371414139860,76a1f412dbd0efc96b2005ca14110ea0,150,1,false,0,false,1347.0,0.0.3
1371414139860,1d9c29cfd5afff7c598579e63ae0fbca,300,0,false,0,false,1347.0,0.0.3
1371414139860,a045691d6bf7e21cb24ca1e03bcafc32,5,1,false,0,false,1347.0,0.0.3
1371414139860,48e33cc00d68786db4f6e0ea064f97d7,500,0,false,0,false,1347.0,0.0.3
1371414139860,a1633c6b0f152f804bc4425f832f5748,1000,0,false,0,false,1347.0,0.0.3
1371418936785,a045691d6bf7e21cb24ca1e03bcafc32,5,1,false,0,false,1422.0,0.0.3
1371418936785,38cdf79bd92778f478ed96c0b79184c9,15,5,false,0,false,1422.0,0.0.3
1371418936785,28311ac31f042050fa977ef577d12165,25,7,false,0,false,1422.0,0.0.3
1371418936785,903109a2a177de7e4b2ee11393acc755,50,4,false,0,false,1422.0,0.0.3
1371418936785,9b7464fdc7cb537744da4db1565305a1,75,4,false,0,false,1422.0,0.0.3
1371418936785,ea7c005d285986f5a4075be67a2cebd6,100,3,false,0,false,1422.0,0.0.3
1371418936785,76a1f412dbd0efc96b2005ca14110ea0,150,1,false,0,false,1422.0,0.0.3
1371418936785,1d9c29cfd5afff7c598579e63ae0fbca,300,0,false,0,false,1422.0,0.0.3
1371418936785,48e33cc00d68786db4f6e0ea064f97d7,500,0,false,0,false,1422.0,0.0.3
1371418936785,a1633c6b0f152f804bc4425f832f5748,1000,0,false,0,false,1422.0,0.0.3
1371438140551,38cdf79bd92778f478ed96c0b79184c9,15,5,false,0,false,1522.0,0.0.3
1371438140551,903109a2a177de7e4b2ee11393acc755,50,4,false,0,false,1522.0,0.0.3
1371438140551,28311ac31f042050fa977ef577d12165,25,7,false,0,false,1522.0,0.0.3
1371438140551,9b7464fdc7cb537744da4db1565305a1,75,4,false,0,false,1522.0,0.0.3
1371438140551,ea7c005d285986f5a4075be67a2cebd6,100,4,false,0,false,1522.0,0.0.3
1371438140551,76a1f412dbd0efc96b2005ca14110ea0,150,1,false,0,false,1522.0,0.0.3
1371438140551,1d9c29cfd5afff7c598579e63ae0fbca,300,0,false,0,false,1522.0,0.0.3
1371438140551,48e33cc00d68786db4f6e0ea064f97d7,500,0,false,0,false,1522.0,0.0.3
1371438140551,a045691d6bf7e21cb24ca1e03bcafc32,5,1,false,0,false,1522.0,0.0.3
1371438140551,a1633c6b0f152f804bc4425f832f5748,1000,0,false,0,false,1522.0,0.0.3
