1370896174577,edd59d66a2e0e632979fe7e53c982928,13,1,true,350,false,32.0,0.0.3
1370896174577,c965b9dbe06b1fcf132b3450b7c75018,1,0,false,0,false,32.0,0.0.3
1370896174577,7fe15461095a6708130552ead09b9b86,15,0,true,700,false,32.0,0.0.3
1370896174577,e784fb366a5869e49d01d8d1969cec85,17,0,false,0,false,32.0,0.0.3
1370896174577,07487dee6a884e62f88d1f68cf3b419e,19,1,true,350,false,32.0,0.0.3
1370896174577,953a7486060d56add273d1e2fe669158,23,0,false,0,false,32.0,0.0.3
1370896174577,5794ecd099083bfcd563d6abf59a0ecb,25,0,true,200,false,32.0,0.0.3
1370898574905,c965b9dbe06b1fcf132b3450b7c75018,1,0,false,0,false,45.0,0.0.3
1370898574905,edd59d66a2e0e632979fe7e53c982928,13,2,true,350,false,45.0,0.0.3
1370898574905,7fe15461095a6708130552ead09b9b86,15,0,true,700,false,45.0,0.0.3
1370898574905,e784fb366a5869e49d01d8d1969cec85,17,0,false,0,false,45.0,0.0.3
1370898574905,07487dee6a884e62f88d1f68cf3b419e,19,1,true,350,false,45.0,0.0.3
1370898574905,953a7486060d56add273d1e2fe669158,23,0,false,0,false,45.0,0.0.3
1370898574905,5794ecd099083bfcd563d6abf59a0ecb,25,0,true,200,false,45.0,0.0.3
1370899175541,c965b9dbe06b1fcf132b3450b7c75018,1,0,false,0,false,70.0,0.0.3
1370899175541,7fe15461095a6708130552ead09b9b86,15,0,true,700,false,70.0,0.0.3
1370899175541,edd59d66a2e0e632979fe7e53c982928,13,2,true,350,false,70.0,0.0.3
1370899175541,e784fb366a5869e49d01d8d1969cec85,17,0,false,0,false,70.0,0.0.3
1370899175541,07487dee6a884e62f88d1f68cf3b419e,19,1,true,350,false,70.0,0.0.3
1370899175541,953a7486060d56add273d1e2fe669158,23,0,false,0,false,70.0,0.0.3
1370899175541,5794ecd099083bfcd563d6abf59a0ecb,25,1,true,200,false,70.0,0.0.3
1370900376544,edd59d66a2e0e632979fe7e53c982928,13,4,true,350,false,96.0,0.0.3
1370900376544,7fe15461095a6708130552ead09b9b86,15,0,true,700,false,96.0,0.0.3
1370900376544,c965b9dbe06b1fcf132b3450b7c75018,1,0,false,0,false,96.0,0.0.3
1370900376544,e784fb366a5869e49d01d8d1969cec85,17,0,false,0,false,96.0,0.0.3
1370900376544,953a7486060d56add273d1e2fe669158,23,0,false,0,false,96.0,0.0.3
1370900376544,07487dee6a884e62f88d1f68cf3b419e,19,1,true,350,false,96.0,0.0.3
1370900376544,5794ecd099083bfcd563d6abf59a0ecb,25,1,true,200,false,96.0,0.0.3
1370900976151,7fe15461095a6708130552ead09b9b86,15,0,true,700,false,109.0,0.0.3
1370900976151,c965b9dbe06b1fcf132b3450b7c75018,1,0,false,0,false,109.0,0.0.3
1370900976151,e784fb366a5869e49d01d8d1969cec85,17,0,false,0,false,109.0,0.0.3
1370900976151,edd59d66a2e0e632979fe7e53c982928,13,5,true,350,false,109.0,0.0.3
1370900976151,07487dee6a884e62f88d1f68cf3b419e,19,1,true,350,false,109.0,0.0.3
1370900976151,953a7486060d56add273d1e2fe669158,23,0,false,0,false,109.0,0.0.3
1370900976151,5794ecd099083bfcd563d6abf59a0ecb,25,1,true,200,false,109.0,0.0.3
1370903377864,e784fb366a5869e49d01d8d1969cec85,17,0,false,0,false,122.0,0.0.3
1370903377864,7fe15461095a6708130552ead09b9b86,15,0,true,700,false,122.0,0.0.3
1370903377864,07487dee6a884e62f88d1f68cf3b419e,19,1,true,350,false,122.0,0.0.3
1370903377864,953a7486060d56add273d1e2fe669158,23,0,false,0,false,122.0,0.0.3
1370903377864,c965b9dbe06b1fcf132b3450b7c75018,1,0,false,0,false,122.0,0.0.3
1370903377864,5794ecd099083bfcd563d6abf59a0ecb,25,1,true,200,false,122.0,0.0.3
1370903377864,edd59d66a2e0e632979fe7e53c982928,13,6,true,350,false,122.0,0.0.3
1370905778633,edd59d66a2e0e632979fe7e53c982928,13,7,true,350,false,135.0,0.0.3
1370905778633,7fe15461095a6708130552ead09b9b86,15,0,true,700,false,135.0,0.0.3
1370905778633,c965b9dbe06b1fcf132b3450b7c75018,1,0,false,0,false,135.0,0.0.3
1370905778633,e784fb366a5869e49d01d8d1969cec85,17,0,false,0,false,135.0,0.0.3
1370905778633,07487dee6a884e62f88d1f68cf3b419e,19,1,true,350,false,135.0,0.0.3
1370905778633,953a7486060d56add273d1e2fe669158,23,0,false,0,false,135.0,0.0.3
1370905778633,5794ecd099083bfcd563d6abf59a0ecb,25,1,true,200,false,135.0,0.0.3
1370906981837,c965b9dbe06b1fcf132b3450b7c75018,1,0,false,0,false,148.0,0.0.3
1370906981837,edd59d66a2e0e632979fe7e53c982928,13,8,true,350,false,148.0,0.0.3
1370906981837,7fe15461095a6708130552ead09b9b86,15,0,true,700,false,148.0,0.0.3
1370906981837,e784fb366a5869e49d01d8d1969cec85,17,0,false,0,false,148.0,0.0.3
1370906981837,07487dee6a884e62f88d1f68cf3b419e,19,1,true,350,false,148.0,0.0.3
1370906981837,953a7486060d56add273d1e2fe669158,23,0,false,0,false,148.0,0.0.3
1370906981837,5794ecd099083bfcd563d6abf59a0ecb,25,1,true,200,false,148.0,0.0.3
1370909981926,c965b9dbe06b1fcf132b3450b7c75018,1,0,false,0,false,184.0,0.0.3
1370909981926,edd59d66a2e0e632979fe7e53c982928,13,10,true,350,false,184.0,0.0.3
1370909981926,7fe15461095a6708130552ead09b9b86,15,0,true,700,false,184.0,0.0.3
1370909981926,e784fb366a5869e49d01d8d1969cec85,17,0,false,0,false,184.0,0.0.3
1370909981926,07487dee6a884e62f88d1f68cf3b419e,19,1,true,350,false,184.0,0.0.3
1370909981926,953a7486060d56add273d1e2fe669158,23,0,false,0,false,184.0,0.0.3
1370909981926,5794ecd099083bfcd563d6abf59a0ecb,25,1,true,200,false,184.0,0.0.3
1370911781255,c965b9dbe06b1fcf132b3450b7c75018,1,0,false,0,false,203.0,0.0.3
1370911781255,edd59d66a2e0e632979fe7e53c982928,13,10,true,350,false,203.0,0.0.3
1370911781255,7fe15461095a6708130552ead09b9b86,15,0,true,700,false,203.0,0.0.3
1370911781255,e784fb366a5869e49d01d8d1969cec85,17,0,false,0,false,203.0,0.0.3
1370911781255,07487dee6a884e62f88d1f68cf3b419e,19,2,true,350,false,203.0,0.0.3
1370911781255,953a7486060d56add273d1e2fe669158,23,0,false,0,false,203.0,0.0.3
1370911781255,5794ecd099083bfcd563d6abf59a0ecb,25,1,true,200,false,203.0,0.0.3
1370914187949,c965b9dbe06b1fcf132b3450b7c75018,1,0,false,0,false,226.0,0.0.3
1370914187949,edd59d66a2e0e632979fe7e53c982928,13,11,true,350,false,226.0,0.0.3
1370914187949,e784fb366a5869e49d01d8d1969cec85,17,0,false,0,false,226.0,0.0.3
1370914187949,07487dee6a884e62f88d1f68cf3b419e,19,2,true,350,false,226.0,0.0.3
1370914187949,7fe15461095a6708130552ead09b9b86,15,0,true,700,false,226.0,0.0.3
1370914187949,953a7486060d56add273d1e2fe669158,23,0,false,0,false,226.0,0.0.3
1370914187949,5794ecd099083bfcd563d6abf59a0ecb,25,1,true,200,false,226.0,0.0.3
1370917785972,c965b9dbe06b1fcf132b3450b7c75018,1,0,false,0,false,239.0,0.0.3
1370917785972,edd59d66a2e0e632979fe7e53c982928,13,12,true,350,false,239.0,0.0.3
1370917785972,7fe15461095a6708130552ead09b9b86,15,0,true,700,false,239.0,0.0.3
1370917785972,e784fb366a5869e49d01d8d1969cec85,17,0,false,0,false,239.0,0.0.3
1370917785972,07487dee6a884e62f88d1f68cf3b419e,19,2,true,350,false,239.0,0.0.3
1370917785972,953a7486060d56add273d1e2fe669158,23,0,false,0,false,239.0,0.0.3
1370917785972,5794ecd099083bfcd563d6abf59a0ecb,25,1,true,200,false,239.0,0.0.3
1370920185666,c965b9dbe06b1fcf132b3450b7c75018,1,0,false,0,false,252.0,0.0.3
1370920185666,edd59d66a2e0e632979fe7e53c982928,13,13,true,350,false,252.0,0.0.3
1370920185666,e784fb366a5869e49d01d8d1969cec85,17,0,false,0,false,252.0,0.0.3
1370920185666,7fe15461095a6708130552ead09b9b86,15,0,true,700,false,252.0,0.0.3
1370920185666,07487dee6a884e62f88d1f68cf3b419e,19,2,true,350,false,252.0,0.0.3
1370920185666,953a7486060d56add273d1e2fe669158,23,0,false,0,false,252.0,0.0.3
1370920185666,5794ecd099083bfcd563d6abf59a0ecb,25,1,true,200,false,252.0,0.0.3
1370921385432,edd59d66a2e0e632979fe7e53c982928,13,13,true,350,false,277.0,0.0.3
1370921385432,e784fb366a5869e49d01d8d1969cec85,17,0,false,0,false,277.0,0.0.3
1370921385432,7fe15461095a6708130552ead09b9b86,15,0,true,700,false,277.0,0.0.3
1370921385432,07487dee6a884e62f88d1f68cf3b419e,19,2,true,350,false,277.0,0.0.3
1370921385432,953a7486060d56add273d1e2fe669158,23,0,false,0,false,277.0,0.0.3
1370921385432,5794ecd099083bfcd563d6abf59a0ecb,25,2,true,200,false,277.0,0.0.3
1370921385432,c965b9dbe06b1fcf132b3450b7c75018,1,0,false,0,false,277.0,0.0.3
1370924387018,c965b9dbe06b1fcf132b3450b7c75018,1,0,false,0,false,290.0,0.0.3
1370924387018,07487dee6a884e62f88d1f68cf3b419e,19,2,true,350,false,290.0,0.0.3
1370924387018,e784fb366a5869e49d01d8d1969cec85,17,0,false,0,false,290.0,0.0.3
1370924387018,953a7486060d56add273d1e2fe669158,23,0,false,0,false,290.0,0.0.3
1370924387018,7fe15461095a6708130552ead09b9b86,15,0,true,700,false,290.0,0.0.3
1370924387018,edd59d66a2e0e632979fe7e53c982928,13,14,true,350,false,290.0,0.0.3
1370924387018,5794ecd099083bfcd563d6abf59a0ecb,25,2,true,200,false,290.0,0.0.3
1370926786378,c965b9dbe06b1fcf132b3450b7c75018,1,0,false,0,false,340.0,0.0.3
1370926786378,edd59d66a2e0e632979fe7e53c982928,13,14,true,350,false,340.0,0.0.3
1370926786378,7fe15461095a6708130552ead09b9b86,15,0,true,700,false,340.0,0.0.3
1370926786378,953a7486060d56add273d1e2fe669158,23,0,false,0,false,340.0,0.0.3
1370926786378,5794ecd099083bfcd563d6abf59a0ecb,25,4,true,200,false,340.0,0.0.3
1370926786378,e784fb366a5869e49d01d8d1969cec85,17,0,false,0,false,340.0,0.0.3
1370926786378,07487dee6a884e62f88d1f68cf3b419e,19,2,true,350,false,340.0,0.0.3
1370927986927,7fe15461095a6708130552ead09b9b86,15,0,true,700,false,353.0,0.0.3
1370927986927,e784fb366a5869e49d01d8d1969cec85,17,0,false,0,false,353.0,0.0.3
1370927986927,07487dee6a884e62f88d1f68cf3b419e,19,2,true,350,false,353.0,0.0.3
1370927986927,953a7486060d56add273d1e2fe669158,23,0,false,0,false,353.0,0.0.3
1370927986927,5794ecd099083bfcd563d6abf59a0ecb,25,4,true,200,false,353.0,0.0.3
1370927986927,edd59d66a2e0e632979fe7e53c982928,13,15,true,350,false,353.0,0.0.3
1370927986927,c965b9dbe06b1fcf132b3450b7c75018,1,0,false,0,false,353.0,0.0.3
1370929187709,c965b9dbe06b1fcf132b3450b7c75018,1,0,false,0,false,366.0,0.0.3
1370929187709,edd59d66a2e0e632979fe7e53c982928,13,16,true,350,false,366.0,0.0.3
1370929187709,7fe15461095a6708130552ead09b9b86,15,0,true,700,false,366.0,0.0.3
1370929187709,e784fb366a5869e49d01d8d1969cec85,17,0,false,0,false,366.0,0.0.3
1370929187709,07487dee6a884e62f88d1f68cf3b419e,19,2,true,350,false,366.0,0.0.3
1370929187709,953a7486060d56add273d1e2fe669158,23,0,false,0,false,366.0,0.0.3
1370929187709,5794ecd099083bfcd563d6abf59a0ecb,25,4,true,200,false,366.0,0.0.3
1370929788052,edd59d66a2e0e632979fe7e53c982928,13,16,true,350,false,391.0,0.0.3
1370929788052,7fe15461095a6708130552ead09b9b86,15,0,true,700,false,391.0,0.0.3
1370929788052,07487dee6a884e62f88d1f68cf3b419e,19,2,true,350,false,391.0,0.0.3
1370929788052,e784fb366a5869e49d01d8d1969cec85,17,0,false,0,false,391.0,0.0.3
1370929788052,c965b9dbe06b1fcf132b3450b7c75018,1,0,false,0,false,391.0,0.0.3
1370929788052,5794ecd099083bfcd563d6abf59a0ecb,25,5,true,200,false,391.0,0.0.3
1370929788052,953a7486060d56add273d1e2fe669158,23,0,false,0,false,391.0,0.0.3
1370932186932,e784fb366a5869e49d01d8d1969cec85,17,0,false,0,false,414.0,0.0.3
1370932186932,edd59d66a2e0e632979fe7e53c982928,13,17,true,350,false,414.0,0.0.3
1370932186932,07487dee6a884e62f88d1f68cf3b419e,19,2,true,350,false,414.0,0.0.3
1370932186932,7fe15461095a6708130552ead09b9b86,15,0,true,700,false,414.0,0.0.3
1370932186932,953a7486060d56add273d1e2fe669158,23,0,false,0,false,414.0,0.0.3
1370932186932,5794ecd099083bfcd563d6abf59a0ecb,25,5,true,200,false,414.0,0.0.3
1370932186932,c965b9dbe06b1fcf132b3450b7c75018,1,0,false,0,false,414.0,0.0.3
1370939387962,c965b9dbe06b1fcf132b3450b7c75018,1,0,false,0,false,427.0,0.0.3
1370939387962,edd59d66a2e0e632979fe7e53c982928,13,18,true,350,false,427.0,0.0.3
1370939387962,7fe15461095a6708130552ead09b9b86,15,0,true,700,false,427.0,0.0.3
1370939387962,e784fb366a5869e49d01d8d1969cec85,17,0,false,0,false,427.0,0.0.3
1370939387962,07487dee6a884e62f88d1f68cf3b419e,19,2,true,350,false,427.0,0.0.3
1370939387962,953a7486060d56add273d1e2fe669158,23,0,false,0,false,427.0,0.0.3
1370939387962,5794ecd099083bfcd563d6abf59a0ecb,25,5,true,200,false,427.0,0.0.3
1370942991606,e784fb366a5869e49d01d8d1969cec85,17,0,false,0,false,440.0,0.0.3
1370942991606,c965b9dbe06b1fcf132b3450b7c75018,1,0,false,0,false,440.0,0.0.3
1370942991606,7fe15461095a6708130552ead09b9b86,15,0,true,700,false,440.0,0.0.3
1370942991606,07487dee6a884e62f88d1f68cf3b419e,19,2,true,350,false,440.0,0.0.3
1370942991606,953a7486060d56add273d1e2fe669158,23,0,false,0,false,440.0,0.0.3
1370942991606,5794ecd099083bfcd563d6abf59a0ecb,25,5,true,200,false,440.0,0.0.3
1370942991606,edd59d66a2e0e632979fe7e53c982928,13,19,true,350,false,440.0,0.0.3
1370948392385,7fe15461095a6708130552ead09b9b86,15,0,true,700,false,463.0,0.0.3
1370948392385,e784fb366a5869e49d01d8d1969cec85,17,0,false,0,false,463.0,0.0.3
1370948392385,c965b9dbe06b1fcf132b3450b7c75018,1,0,false,0,false,463.0,0.0.3
1370948392385,edd59d66a2e0e632979fe7e53c982928,13,20,true,350,false,463.0,0.0.3
1370948392385,07487dee6a884e62f88d1f68cf3b419e,19,2,true,350,false,463.0,0.0.3
1370948392385,953a7486060d56add273d1e2fe669158,23,0,false,0,false,463.0,0.0.3
1370948392385,5794ecd099083bfcd563d6abf59a0ecb,25,5,true,200,false,463.0,0.0.3
1370948990321,c965b9dbe06b1fcf132b3450b7c75018,1,0,false,0,false,486.0,0.0.3
1370948990321,edd59d66a2e0e632979fe7e53c982928,13,21,true,350,false,486.0,0.0.3
1370948990321,7fe15461095a6708130552ead09b9b86,15,0,true,700,false,486.0,0.0.3
1370948990321,e784fb366a5869e49d01d8d1969cec85,17,0,false,0,false,486.0,0.0.3
1370948990321,07487dee6a884e62f88d1f68cf3b419e,19,2,true,350,false,486.0,0.0.3
1370948990321,953a7486060d56add273d1e2fe669158,23,0,false,0,false,486.0,0.0.3
1370948990321,5794ecd099083bfcd563d6abf59a0ecb,25,5,true,200,false,486.0,0.0.3
1370951996873,e784fb366a5869e49d01d8d1969cec85,17,0,false,0,false,499.0,0.0.3
1370951996873,c965b9dbe06b1fcf132b3450b7c75018,1,0,false,0,false,499.0,0.0.3
1370951996873,07487dee6a884e62f88d1f68cf3b419e,19,2,true,350,false,499.0,0.0.3
1370951996873,7fe15461095a6708130552ead09b9b86,15,0,true,700,false,499.0,0.0.3
1370951996873,953a7486060d56add273d1e2fe669158,23,0,false,0,false,499.0,0.0.3
1370951996873,5794ecd099083bfcd563d6abf59a0ecb,25,5,true,200,false,499.0,0.0.3
1370951996873,edd59d66a2e0e632979fe7e53c982928,13,22,true,350,false,499.0,0.0.3
1370956796864,c965b9dbe06b1fcf132b3450b7c75018,1,0,false,0,false,512.0,0.0.3
1370956796864,edd59d66a2e0e632979fe7e53c982928,13,23,true,350,false,512.0,0.0.3
1370956796864,7fe15461095a6708130552ead09b9b86,15,0,true,700,false,512.0,0.0.3
1370956796864,e784fb366a5869e49d01d8d1969cec85,17,0,false,0,false,512.0,0.0.3
1370956796864,07487dee6a884e62f88d1f68cf3b419e,19,2,true,350,false,512.0,0.0.3
1370956796864,953a7486060d56add273d1e2fe669158,23,0,false,0,false,512.0,0.0.3
1370956796864,5794ecd099083bfcd563d6abf59a0ecb,25,5,true,200,false,512.0,0.0.3
1370957997211,c965b9dbe06b1fcf132b3450b7c75018,1,0,false,0,false,525.0,0.0.3
1370957997211,edd59d66a2e0e632979fe7e53c982928,13,24,true,350,false,525.0,0.0.3
1370957997211,7fe15461095a6708130552ead09b9b86,15,0,true,700,false,525.0,0.0.3
1370957997211,e784fb366a5869e49d01d8d1969cec85,17,0,false,0,false,525.0,0.0.3
1370957997211,07487dee6a884e62f88d1f68cf3b419e,19,2,true,350,false,525.0,0.0.3
1370957997211,953a7486060d56add273d1e2fe669158,23,0,false,0,false,525.0,0.0.3
1370957997211,5794ecd099083bfcd563d6abf59a0ecb,25,5,true,200,false,525.0,0.0.3
1370958596011,c965b9dbe06b1fcf132b3450b7c75018,1,0,false,0,false,548.0,0.0.3
1370958596011,edd59d66a2e0e632979fe7e53c982928,13,25,true,350,false,548.0,0.0.3
1370958596011,7fe15461095a6708130552ead09b9b86,15,0,true,700,false,548.0,0.0.3
1370958596011,e784fb366a5869e49d01d8d1969cec85,17,0,false,0,false,548.0,0.0.3
1370958596011,07487dee6a884e62f88d1f68cf3b419e,19,2,true,350,false,548.0,0.0.3
1370958596011,953a7486060d56add273d1e2fe669158,23,0,false,0,false,548.0,0.0.3
1370958596011,5794ecd099083bfcd563d6abf59a0ecb,25,5,true,200,false,548.0,0.0.3
1370962800375,c965b9dbe06b1fcf132b3450b7c75018,1,0,false,0,false,571.0,0.0.3
1370962800375,7fe15461095a6708130552ead09b9b86,15,0,true,700,false,571.0,0.0.3
1370962800375,edd59d66a2e0e632979fe7e53c982928,13,26,true,350,false,571.0,0.0.3
1370962800375,07487dee6a884e62f88d1f68cf3b419e,19,2,true,350,false,571.0,0.0.3
1370962800375,e784fb366a5869e49d01d8d1969cec85,17,0,false,0,false,571.0,0.0.3
1370962800375,953a7486060d56add273d1e2fe669158,23,0,false,0,false,571.0,0.0.3
1370962800375,5794ecd099083bfcd563d6abf59a0ecb,25,5,true,200,false,571.0,0.0.3
1370964000235,c965b9dbe06b1fcf132b3450b7c75018,1,0,false,0,false,584.0,0.0.3
1370964000235,edd59d66a2e0e632979fe7e53c982928,13,27,true,350,false,584.0,0.0.3
1370964000235,e784fb366a5869e49d01d8d1969cec85,17,0,false,0,false,584.0,0.0.3
1370964000235,7fe15461095a6708130552ead09b9b86,15,0,true,700,false,584.0,0.0.3
1370964000235,07487dee6a884e62f88d1f68cf3b419e,19,2,true,350,false,584.0,0.0.3
1370964000235,953a7486060d56add273d1e2fe669158,23,0,false,0,false,584.0,0.0.3
1370964000235,5794ecd099083bfcd563d6abf59a0ecb,25,5,true,200,false,584.0,0.0.3
1370964599456,c965b9dbe06b1fcf132b3450b7c75018,1,0,false,0,false,597.0,0.0.3
1370964599456,edd59d66a2e0e632979fe7e53c982928,13,28,true,350,false,597.0,0.0.3
1370964599456,7fe15461095a6708130552ead09b9b86,15,0,true,700,false,597.0,0.0.3
1370964599456,e784fb366a5869e49d01d8d1969cec85,17,0,false,0,false,597.0,0.0.3
1370964599456,07487dee6a884e62f88d1f68cf3b419e,19,2,true,350,false,597.0,0.0.3
1370964599456,953a7486060d56add273d1e2fe669158,23,0,false,0,false,597.0,0.0.3
1370964599456,5794ecd099083bfcd563d6abf59a0ecb,25,5,true,200,false,597.0,0.0.3
1370965802264,c965b9dbe06b1fcf132b3450b7c75018,1,0,false,0,false,623.0,0.0.3
1370965802264,e784fb366a5869e49d01d8d1969cec85,17,0,false,0,false,623.0,0.0.3
1370965802264,953a7486060d56add273d1e2fe669158,23,0,false,0,false,623.0,0.0.3
1370965802264,07487dee6a884e62f88d1f68cf3b419e,19,2,true,350,false,623.0,0.0.3
1370965802264,edd59d66a2e0e632979fe7e53c982928,13,30,true,350,false,623.0,0.0.3
1370965802264,7fe15461095a6708130552ead09b9b86,15,0,true,700,false,623.0,0.0.3
1370965802264,5794ecd099083bfcd563d6abf59a0ecb,25,5,true,200,false,623.0,0.0.3
1370968208887,e784fb366a5869e49d01d8d1969cec85,17,0,false,0,false,646.0,0.0.3
1370968208887,edd59d66a2e0e632979fe7e53c982928,13,31,true,350,false,646.0,0.0.3
1370968208887,07487dee6a884e62f88d1f68cf3b419e,19,2,true,350,false,646.0,0.0.3
1370968208887,7fe15461095a6708130552ead09b9b86,15,0,true,700,false,646.0,0.0.3
1370968208887,953a7486060d56add273d1e2fe669158,23,0,false,0,false,646.0,0.0.3
1370968208887,c965b9dbe06b1fcf132b3450b7c75018,1,0,false,0,false,646.0,0.0.3
1370968208887,5794ecd099083bfcd563d6abf59a0ecb,25,5,true,200,false,646.0,0.0.3
1370968799889,edd59d66a2e0e632979fe7e53c982928,13,32,true,350,false,659.0,0.0.3
1370968799889,e784fb366a5869e49d01d8d1969cec85,17,0,false,0,false,659.0,0.0.3
1370968799889,7fe15461095a6708130552ead09b9b86,15,0,true,700,false,659.0,0.0.3
1370968799889,953a7486060d56add273d1e2fe669158,23,0,false,0,false,659.0,0.0.3
1370968799889,07487dee6a884e62f88d1f68cf3b419e,19,2,true,350,false,659.0,0.0.3
1370968799889,c965b9dbe06b1fcf132b3450b7c75018,1,0,false,0,false,659.0,0.0.3
1370968799889,5794ecd099083bfcd563d6abf59a0ecb,25,5,true,200,false,659.0,0.0.3
1370969402139,7fe15461095a6708130552ead09b9b86,15,0,true,700,false,672.0,0.0.3
1370969402139,edd59d66a2e0e632979fe7e53c982928,13,33,true,350,false,672.0,0.0.3
1370969402139,c965b9dbe06b1fcf132b3450b7c75018,1,0,false,0,false,672.0,0.0.3
1370969402139,e784fb366a5869e49d01d8d1969cec85,17,0,false,0,false,672.0,0.0.3
1370969402139,07487dee6a884e62f88d1f68cf3b419e,19,2,true,350,false,672.0,0.0.3
1370969402139,5794ecd099083bfcd563d6abf59a0ecb,25,5,true,200,false,672.0,0.0.3
1370969402139,953a7486060d56add273d1e2fe669158,23,0,false,0,false,672.0,0.0.3
1370970602121,c965b9dbe06b1fcf132b3450b7c75018,1,0,false,0,false,708.0,0.0.3
1370970602121,edd59d66a2e0e632979fe7e53c982928,13,34,true,350,false,708.0,0.0.3
1370970602121,7fe15461095a6708130552ead09b9b86,15,0,true,700,false,708.0,0.0.3
1370970602121,e784fb366a5869e49d01d8d1969cec85,17,0,false,0,false,708.0,0.0.3
1370970602121,07487dee6a884e62f88d1f68cf3b419e,19,2,true,350,false,708.0,0.0.3
1370970602121,953a7486060d56add273d1e2fe669158,23,1,false,0,false,708.0,0.0.3
1370970602121,5794ecd099083bfcd563d6abf59a0ecb,25,5,true,200,false,708.0,0.0.3
1370971801580,c965b9dbe06b1fcf132b3450b7c75018,1,0,false,0,false,733.0,0.0.3
1370971801580,7fe15461095a6708130552ead09b9b86,15,0,true,700,false,733.0,0.0.3
1370971801580,edd59d66a2e0e632979fe7e53c982928,13,34,true,350,false,733.0,0.0.3
1370971801580,e784fb366a5869e49d01d8d1969cec85,17,0,false,0,false,733.0,0.0.3
1370971801580,07487dee6a884e62f88d1f68cf3b419e,19,2,true,350,false,733.0,0.0.3
1370971801580,953a7486060d56add273d1e2fe669158,23,1,false,0,false,733.0,0.0.3
1370971801580,5794ecd099083bfcd563d6abf59a0ecb,25,6,true,200,false,733.0,0.0.3
1370974202080,edd59d66a2e0e632979fe7e53c982928,13,35,true,350,false,756.0,0.0.3
1370974202080,7fe15461095a6708130552ead09b9b86,15,0,true,700,false,756.0,0.0.3
1370974202080,e784fb366a5869e49d01d8d1969cec85,17,0,false,0,false,756.0,0.0.3
1370974202080,07487dee6a884e62f88d1f68cf3b419e,19,2,true,350,false,756.0,0.0.3
1370974202080,c965b9dbe06b1fcf132b3450b7c75018,1,0,false,0,false,756.0,0.0.3
1370974202080,953a7486060d56add273d1e2fe669158,23,1,false,0,false,756.0,0.0.3
1370974202080,5794ecd099083bfcd563d6abf59a0ecb,25,6,true,200,false,756.0,0.0.3
1370977807472,c965b9dbe06b1fcf132b3450b7c75018,1,0,false,0,false,769.0,0.0.3
1370977807472,edd59d66a2e0e632979fe7e53c982928,13,36,true,350,false,769.0,0.0.3
1370977807472,7fe15461095a6708130552ead09b9b86,15,0,true,700,false,769.0,0.0.3
1370977807472,e784fb366a5869e49d01d8d1969cec85,17,0,false,0,false,769.0,0.0.3
1370977807472,07487dee6a884e62f88d1f68cf3b419e,19,2,true,350,false,769.0,0.0.3
1370977807472,953a7486060d56add273d1e2fe669158,23,1,false,0,false,769.0,0.0.3
1370977807472,5794ecd099083bfcd563d6abf59a0ecb,25,6,true,200,false,769.0,0.0.3
1370983208807,c965b9dbe06b1fcf132b3450b7c75018,1,0,false,0,false,805.0,0.0.3
1370983208807,edd59d66a2e0e632979fe7e53c982928,13,38,true,350,false,805.0,0.0.3
1370983208807,7fe15461095a6708130552ead09b9b86,15,0,true,700,false,805.0,0.0.3
1370983208807,e784fb366a5869e49d01d8d1969cec85,17,0,false,0,false,805.0,0.0.3
1370983208807,07487dee6a884e62f88d1f68cf3b419e,19,2,true,350,false,805.0,0.0.3
1370983208807,953a7486060d56add273d1e2fe669158,23,1,false,0,false,805.0,0.0.3
1370983208807,5794ecd099083bfcd563d6abf59a0ecb,25,6,true,200,false,805.0,0.0.3
1370983807517,c965b9dbe06b1fcf132b3450b7c75018,1,0,false,0,false,841.0,0.0.3
1370983807517,edd59d66a2e0e632979fe7e53c982928,13,40,true,350,false,841.0,0.0.3
1370983807517,7fe15461095a6708130552ead09b9b86,15,0,true,700,false,841.0,0.0.3
1370983807517,e784fb366a5869e49d01d8d1969cec85,17,0,false,0,false,841.0,0.0.3
1370983807517,07487dee6a884e62f88d1f68cf3b419e,19,2,true,350,false,841.0,0.0.3
1370983807517,953a7486060d56add273d1e2fe669158,23,1,false,0,false,841.0,0.0.3
1370983807517,5794ecd099083bfcd563d6abf59a0ecb,25,6,true,200,false,841.0,0.0.3
1370984407437,7fe15461095a6708130552ead09b9b86,15,0,true,700,false,854.0,0.0.3
1370984407437,e784fb366a5869e49d01d8d1969cec85,17,0,false,0,false,854.0,0.0.3
1370984407437,07487dee6a884e62f88d1f68cf3b419e,19,2,true,350,false,854.0,0.0.3
1370984407437,c965b9dbe06b1fcf132b3450b7c75018,1,0,false,0,false,854.0,0.0.3
1370984407437,953a7486060d56add273d1e2fe669158,23,1,false,0,false,854.0,0.0.3
1370984407437,edd59d66a2e0e632979fe7e53c982928,13,41,true,350,false,854.0,0.0.3
1370984407437,5794ecd099083bfcd563d6abf59a0ecb,25,6,true,200,false,854.0,0.0.3
1370985014022,edd59d66a2e0e632979fe7e53c982928,13,42,true,350,false,867.0,0.0.3
1370985014022,e784fb366a5869e49d01d8d1969cec85,17,0,false,0,false,867.0,0.0.3
1370985014022,7fe15461095a6708130552ead09b9b86,15,0,true,700,false,867.0,0.0.3
1370985014022,07487dee6a884e62f88d1f68cf3b419e,19,2,true,350,false,867.0,0.0.3
1370985014022,953a7486060d56add273d1e2fe669158,23,1,false,0,false,867.0,0.0.3
1370985014022,5794ecd099083bfcd563d6abf59a0ecb,25,6,true,200,false,867.0,0.0.3
1370985014022,c965b9dbe06b1fcf132b3450b7c75018,1,0,false,0,false,867.0,0.0.3
1370985609934,c965b9dbe06b1fcf132b3450b7c75018,1,0,false,0,false,880.0,0.0.3
1370985609934,edd59d66a2e0e632979fe7e53c982928,13,43,true,350,false,880.0,0.0.3
1370985609934,7fe15461095a6708130552ead09b9b86,15,0,true,700,false,880.0,0.0.3
1370985609934,e784fb366a5869e49d01d8d1969cec85,17,0,false,0,false,880.0,0.0.3
1370985609934,07487dee6a884e62f88d1f68cf3b419e,19,2,true,350,false,880.0,0.0.3
1370985609934,953a7486060d56add273d1e2fe669158,23,1,false,0,false,880.0,0.0.3
1370985609934,5794ecd099083bfcd563d6abf59a0ecb,25,6,true,200,false,880.0,0.0.3
1370986210693,edd59d66a2e0e632979fe7e53c982928,13,45,true,350,false,916.0,0.0.3
1370986210693,c965b9dbe06b1fcf132b3450b7c75018,1,0,false,0,false,916.0,0.0.3
1370986210693,e784fb366a5869e49d01d8d1969cec85,17,0,false,0,false,916.0,0.0.3
1370986210693,07487dee6a884e62f88d1f68cf3b419e,19,2,true,350,false,916.0,0.0.3
1370986210693,953a7486060d56add273d1e2fe669158,23,1,false,0,false,916.0,0.0.3
1370986210693,5794ecd099083bfcd563d6abf59a0ecb,25,6,true,200,false,916.0,0.0.3
1370986210693,7fe15461095a6708130552ead09b9b86,15,0,true,700,false,916.0,0.0.3
1370990416481,c965b9dbe06b1fcf132b3450b7c75018,1,0,false,0,false,936.0,0.0.3
1370990416481,edd59d66a2e0e632979fe7e53c982928,13,45,true,350,false,936.0,0.0.3
1370990416481,7fe15461095a6708130552ead09b9b86,15,0,true,700,false,936.0,0.0.3
1370990416481,e784fb366a5869e49d01d8d1969cec85,17,0,false,0,false,936.0,0.0.3
1370990416481,07487dee6a884e62f88d1f68cf3b419e,19,3,true,350,false,936.0,0.0.3
1370990416481,953a7486060d56add273d1e2fe669158,23,1,false,0,false,936.0,0.0.3
1370990416481,5794ecd099083bfcd563d6abf59a0ecb,25,6,true,200,false,936.0,0.0.3
1370992820019,e784fb366a5869e49d01d8d1969cec85,17,0,false,0,false,975.0,0.0.3
1370992820019,c965b9dbe06b1fcf132b3450b7c75018,1,0,false,0,false,975.0,0.0.3
1370992820019,7fe15461095a6708130552ead09b9b86,15,0,true,700,false,975.0,0.0.3
1370992820019,07487dee6a884e62f88d1f68cf3b419e,19,3,true,350,false,975.0,0.0.3
1370992820019,953a7486060d56add273d1e2fe669158,23,1,false,0,false,975.0,0.0.3
1370992820019,5794ecd099083bfcd563d6abf59a0ecb,25,6,true,200,false,975.0,0.0.3
1370992820019,edd59d66a2e0e632979fe7e53c982928,13,47,true,350,false,975.0,0.0.3
1370994022196,c965b9dbe06b1fcf132b3450b7c75018,1,0,false,0,false,988.0,0.0.3
1370994022196,edd59d66a2e0e632979fe7e53c982928,13,48,true,350,false,988.0,0.0.3
1370994022196,7fe15461095a6708130552ead09b9b86,15,0,true,700,false,988.0,0.0.3
1370994022196,e784fb366a5869e49d01d8d1969cec85,17,0,false,0,false,988.0,0.0.3
1370994022196,07487dee6a884e62f88d1f68cf3b419e,19,3,true,350,false,988.0,0.0.3
1370994022196,953a7486060d56add273d1e2fe669158,23,1,false,0,false,988.0,0.0.3
1370994022196,5794ecd099083bfcd563d6abf59a0ecb,25,6,true,200,false,988.0,0.0.3
1370995226584,7fe15461095a6708130552ead09b9b86,15,0,true,700,false,1001.0,0.0.3
1370995226584,07487dee6a884e62f88d1f68cf3b419e,19,3,true,350,false,1001.0,0.0.3
1370995226584,e784fb366a5869e49d01d8d1969cec85,17,0,false,0,false,1001.0,0.0.3
1370995226584,953a7486060d56add273d1e2fe669158,23,1,false,0,false,1001.0,0.0.3
1370995226584,5794ecd099083bfcd563d6abf59a0ecb,25,6,true,200,false,1001.0,0.0.3
1370995226584,c965b9dbe06b1fcf132b3450b7c75018,1,0,false,0,false,1001.0,0.0.3
1370995226584,edd59d66a2e0e632979fe7e53c982928,13,49,true,350,false,1001.0,0.0.3
1370995824715,c965b9dbe06b1fcf132b3450b7c75018,1,0,false,0,false,1014.0,0.0.3
1370995824715,edd59d66a2e0e632979fe7e53c982928,13,50,true,350,false,1014.0,0.0.3
1370995824715,7fe15461095a6708130552ead09b9b86,15,0,true,700,false,1014.0,0.0.3
1370995824715,e784fb366a5869e49d01d8d1969cec85,17,0,false,0,false,1014.0,0.0.3
1370995824715,07487dee6a884e62f88d1f68cf3b419e,19,3,true,350,false,1014.0,0.0.3
1370995824715,953a7486060d56add273d1e2fe669158,23,1,false,0,false,1014.0,0.0.3
1370995824715,5794ecd099083bfcd563d6abf59a0ecb,25,6,true,200,false,1014.0,0.0.3
1371001837364,c965b9dbe06b1fcf132b3450b7c75018,1,0,false,0,false,1027.0,0.0.3
1371001837364,edd59d66a2e0e632979fe7e53c982928,13,51,true,350,false,1027.0,0.0.3
1371001837364,7fe15461095a6708130552ead09b9b86,15,0,true,700,false,1027.0,0.0.3
1371001837364,e784fb366a5869e49d01d8d1969cec85,17,0,false,0,false,1027.0,0.0.3
1371001837364,07487dee6a884e62f88d1f68cf3b419e,19,3,true,350,false,1027.0,0.0.3
1371001837364,953a7486060d56add273d1e2fe669158,23,1,false,0,false,1027.0,0.0.3
1371001837364,5794ecd099083bfcd563d6abf59a0ecb,25,6,true,200,false,1027.0,0.0.3
1371006624101,c965b9dbe06b1fcf132b3450b7c75018,1,0,false,0,false,1040.0,0.0.3
1371006624101,edd59d66a2e0e632979fe7e53c982928,13,52,true,350,false,1040.0,0.0.3
1371006624101,7fe15461095a6708130552ead09b9b86,15,0,true,700,false,1040.0,0.0.3
1371006624101,e784fb366a5869e49d01d8d1969cec85,17,0,false,0,false,1040.0,0.0.3
1371006624101,07487dee6a884e62f88d1f68cf3b419e,19,3,true,350,false,1040.0,0.0.3
1371006624101,953a7486060d56add273d1e2fe669158,23,1,false,0,false,1040.0,0.0.3
1371006624101,5794ecd099083bfcd563d6abf59a0ecb,25,6,true,200,false,1040.0,0.0.3
1371007828915,c965b9dbe06b1fcf132b3450b7c75018,1,0,false,0,false,1070.0,0.0.3
1371007828915,edd59d66a2e0e632979fe7e53c982928,13,52,true,350,false,1070.0,0.0.3
1371007828915,7fe15461095a6708130552ead09b9b86,15,0,true,700,false,1070.0,0.0.3
1371007828915,e784fb366a5869e49d01d8d1969cec85,17,0,false,0,false,1070.0,0.0.3
1371007828915,07487dee6a884e62f88d1f68cf3b419e,19,4,true,350,false,1070.0,0.0.3
1371007828915,953a7486060d56add273d1e2fe669158,23,1,false,0,false,1070.0,0.0.3
1371007828915,5794ecd099083bfcd563d6abf59a0ecb,25,6,true,200,false,1070.0,0.0.3
1371010838677,c965b9dbe06b1fcf132b3450b7c75018,1,0,false,0,false,1083.0,0.0.3
1371010838677,7fe15461095a6708130552ead09b9b86,15,0,true,700,false,1083.0,0.0.3
1371010838677,edd59d66a2e0e632979fe7e53c982928,13,53,true,350,false,1083.0,0.0.3
1371010838677,e784fb366a5869e49d01d8d1969cec85,17,0,false,0,false,1083.0,0.0.3
1371010838677,07487dee6a884e62f88d1f68cf3b419e,19,4,true,350,false,1083.0,0.0.3
1371010838677,953a7486060d56add273d1e2fe669158,23,1,false,0,false,1083.0,0.0.3
1371010838677,5794ecd099083bfcd563d6abf59a0ecb,25,6,true,200,false,1083.0,0.0.3
1371015033418,c965b9dbe06b1fcf132b3450b7c75018,1,0,false,0,false,1106.0,0.0.3
1371015033418,edd59d66a2e0e632979fe7e53c982928,13,54,true,350,false,1106.0,0.0.3
1371015033418,7fe15461095a6708130552ead09b9b86,15,0,true,700,false,1106.0,0.0.3
1371015033418,e784fb366a5869e49d01d8d1969cec85,17,0,false,0,false,1106.0,0.0.3
1371015033418,07487dee6a884e62f88d1f68cf3b419e,19,4,true,350,false,1106.0,0.0.3
1371015033418,953a7486060d56add273d1e2fe669158,23,1,false,0,false,1106.0,0.0.3
1371015033418,5794ecd099083bfcd563d6abf59a0ecb,25,6,true,200,false,1106.0,0.0.3
1371022230202,c965b9dbe06b1fcf132b3450b7c75018,1,0,false,0,false,1119.0,0.0.3
1371022230202,edd59d66a2e0e632979fe7e53c982928,13,55,true,350,false,1119.0,0.0.3
1371022230202,7fe15461095a6708130552ead09b9b86,15,0,true,700,false,1119.0,0.0.3
1371022230202,e784fb366a5869e49d01d8d1969cec85,17,0,false,0,false,1119.0,0.0.3
1371022230202,07487dee6a884e62f88d1f68cf3b419e,19,4,true,350,false,1119.0,0.0.3
1371022230202,953a7486060d56add273d1e2fe669158,23,1,false,0,false,1119.0,0.0.3
1371022230202,5794ecd099083bfcd563d6abf59a0ecb,25,6,true,200,false,1119.0,0.0.3
1371022837410,e784fb366a5869e49d01d8d1969cec85,17,0,false,0,false,1142.0,0.0.3
1371022837410,c965b9dbe06b1fcf132b3450b7c75018,1,0,false,0,false,1142.0,0.0.3
1371022837410,7fe15461095a6708130552ead09b9b86,15,0,true,700,false,1142.0,0.0.3
1371022837410,953a7486060d56add273d1e2fe669158,23,1,false,0,false,1142.0,0.0.3
1371022837410,07487dee6a884e62f88d1f68cf3b419e,19,4,true,350,false,1142.0,0.0.3
1371022837410,5794ecd099083bfcd563d6abf59a0ecb,25,6,true,200,false,1142.0,0.0.3
1371022837410,edd59d66a2e0e632979fe7e53c982928,13,56,true,350,false,1142.0,0.0.3
1371035432561,edd59d66a2e0e632979fe7e53c982928,13,56,true,350,false,1171.0,0.0.3
1371035432561,e784fb366a5869e49d01d8d1969cec85,17,0,false,0,false,1171.0,0.0.3
1371035432561,7fe15461095a6708130552ead09b9b86,15,0,true,700,false,1171.0,0.0.3
1371035432561,07487dee6a884e62f88d1f68cf3b419e,19,5,true,350,false,1171.0,0.0.3
1371035432561,953a7486060d56add273d1e2fe669158,23,1,false,0,false,1171.0,0.0.3
1371035432561,5794ecd099083bfcd563d6abf59a0ecb,25,6,true,200,false,1171.0,0.0.3
1371035432561,c965b9dbe06b1fcf132b3450b7c75018,1,0,false,0,false,1171.0,0.0.3
1371037846232,c965b9dbe06b1fcf132b3450b7c75018,1,0,false,0,false,1196.0,0.0.3
1371037846232,e784fb366a5869e49d01d8d1969cec85,17,0,false,0,false,1196.0,0.0.3
1371037846232,7fe15461095a6708130552ead09b9b86,15,0,true,700,false,1196.0,0.0.3
1371037846232,07487dee6a884e62f88d1f68cf3b419e,19,5,true,350,false,1196.0,0.0.3
1371037846232,953a7486060d56add273d1e2fe669158,23,1,false,0,false,1196.0,0.0.3
1371037846232,5794ecd099083bfcd563d6abf59a0ecb,25,7,true,200,false,1196.0,0.0.3
1371037846232,edd59d66a2e0e632979fe7e53c982928,13,56,true,350,false,1196.0,0.0.3
1371040834712,7fe15461095a6708130552ead09b9b86,15,0,true,700,false,1209.0,0.0.3
1371040834712,c965b9dbe06b1fcf132b3450b7c75018,1,0,false,0,false,1209.0,0.0.3
1371040834712,e784fb366a5869e49d01d8d1969cec85,17,0,false,0,false,1209.0,0.0.3
1371040834712,edd59d66a2e0e632979fe7e53c982928,13,57,true,350,false,1209.0,0.0.3
1371040834712,07487dee6a884e62f88d1f68cf3b419e,19,5,true,350,false,1209.0,0.0.3
1371040834712,953a7486060d56add273d1e2fe669158,23,1,false,0,false,1209.0,0.0.3
1371040834712,5794ecd099083bfcd563d6abf59a0ecb,25,7,true,200,false,1209.0,0.0.3
1371042637368,c965b9dbe06b1fcf132b3450b7c75018,1,0,false,0,false,1242.0,0.0.3
1371042637368,7fe15461095a6708130552ead09b9b86,15,0,true,700,false,1242.0,0.0.3
1371042637368,edd59d66a2e0e632979fe7e53c982928,13,57,true,350,false,1242.0,0.0.3
1371042637368,07487dee6a884e62f88d1f68cf3b419e,19,5,true,350,false,1242.0,0.0.3
1371042637368,e784fb366a5869e49d01d8d1969cec85,17,0,false,0,false,1242.0,0.0.3
1371042637368,953a7486060d56add273d1e2fe669158,23,2,false,0,false,1242.0,0.0.3
1371042637368,5794ecd099083bfcd563d6abf59a0ecb,25,7,true,200,false,1242.0,0.0.3
1371043239559,c965b9dbe06b1fcf132b3450b7c75018,1,0,false,0,false,1265.0,0.0.3
1371043239559,edd59d66a2e0e632979fe7e53c982928,13,58,true,350,false,1265.0,0.0.3
1371043239559,7fe15461095a6708130552ead09b9b86,15,0,true,700,false,1265.0,0.0.3
1371043239559,e784fb366a5869e49d01d8d1969cec85,17,0,false,0,false,1265.0,0.0.3
1371043239559,07487dee6a884e62f88d1f68cf3b419e,19,5,true,350,false,1265.0,0.0.3
1371043239559,953a7486060d56add273d1e2fe669158,23,2,false,0,false,1265.0,0.0.3
1371043239559,5794ecd099083bfcd563d6abf59a0ecb,25,7,true,200,false,1265.0,0.0.3
1371051042295,c965b9dbe06b1fcf132b3450b7c75018,1,0,false,0,false,1278.0,0.0.3
1371051042295,edd59d66a2e0e632979fe7e53c982928,13,59,true,350,false,1278.0,0.0.3
1371051042295,7fe15461095a6708130552ead09b9b86,15,0,true,700,false,1278.0,0.0.3
1371051042295,e784fb366a5869e49d01d8d1969cec85,17,0,false,0,false,1278.0,0.0.3
1371051042295,07487dee6a884e62f88d1f68cf3b419e,19,5,true,350,false,1278.0,0.0.3
1371051042295,953a7486060d56add273d1e2fe669158,23,2,false,0,false,1278.0,0.0.3
1371051042295,5794ecd099083bfcd563d6abf59a0ecb,25,7,true,200,false,1278.0,0.0.3
1371052239779,c965b9dbe06b1fcf132b3450b7c75018,1,0,false,0,false,1291.0,0.0.3
1371052239779,edd59d66a2e0e632979fe7e53c982928,13,59,true,350,false,1291.0,0.0.3
1371052239779,7fe15461095a6708130552ead09b9b86,15,0,true,700,false,1291.0,0.0.3
1371052239779,e784fb366a5869e49d01d8d1969cec85,17,0,false,0,false,1291.0,0.0.3
1371052239779,07487dee6a884e62f88d1f68cf3b419e,19,5,true,350,false,1291.0,0.0.3
1371052239779,953a7486060d56add273d1e2fe669158,23,2,false,0,false,1291.0,0.0.3
1371052239779,5794ecd099083bfcd563d6abf59a0ecb,25,7,true,200,false,1291.0,0.0.3
1371052841459,c965b9dbe06b1fcf132b3450b7c75018,1,0,false,0,false,1314.0,0.0.3
1371052841459,7fe15461095a6708130552ead09b9b86,15,0,true,700,false,1314.0,0.0.3
1371052841459,e784fb366a5869e49d01d8d1969cec85,17,0,false,0,false,1314.0,0.0.3
1371052841459,07487dee6a884e62f88d1f68cf3b419e,19,5,true,350,false,1314.0,0.0.3
1371052841459,edd59d66a2e0e632979fe7e53c982928,13,59,true,350,false,1314.0,0.0.3
1371052841459,953a7486060d56add273d1e2fe669158,23,3,false,0,false,1314.0,0.0.3
1371052841459,5794ecd099083bfcd563d6abf59a0ecb,25,7,true,200,false,1314.0,0.0.3
1371054639148,c965b9dbe06b1fcf132b3450b7c75018,1,0,false,0,false,1357.0,0.0.3
1371054639148,e784fb366a5869e49d01d8d1969cec85,17,0,false,0,false,1357.0,0.0.3
1371054639148,7fe15461095a6708130552ead09b9b86,15,0,true,700,false,1357.0,0.0.3
1371054639148,953a7486060d56add273d1e2fe669158,23,3,false,0,false,1357.0,0.0.3
1371054639148,07487dee6a884e62f88d1f68cf3b419e,19,5,true,350,false,1357.0,0.0.3
1371054639148,5794ecd099083bfcd563d6abf59a0ecb,25,8,true,200,false,1357.0,0.0.3
1371054639148,edd59d66a2e0e632979fe7e53c982928,13,60,true,350,false,1357.0,0.0.3
1371057036630,c965b9dbe06b1fcf132b3450b7c75018,1,0,false,0,false,1370.0,0.0.3
1371057036630,edd59d66a2e0e632979fe7e53c982928,13,61,true,350,false,1370.0,0.0.3
1371057036630,7fe15461095a6708130552ead09b9b86,15,0,true,700,false,1370.0,0.0.3
1371057036630,e784fb366a5869e49d01d8d1969cec85,17,0,false,0,false,1370.0,0.0.3
1371057036630,07487dee6a884e62f88d1f68cf3b419e,19,5,true,350,false,1370.0,0.0.3
1371057036630,953a7486060d56add273d1e2fe669158,23,3,false,0,false,1370.0,0.0.3
1371057036630,5794ecd099083bfcd563d6abf59a0ecb,25,8,true,200,false,1370.0,0.0.3
1371061256960,c965b9dbe06b1fcf132b3450b7c75018,1,0,false,0,false,1383.0,0.0.3
1371061256960,edd59d66a2e0e632979fe7e53c982928,13,62,true,350,false,1383.0,0.0.3
1371061256960,7fe15461095a6708130552ead09b9b86,15,0,true,700,false,1383.0,0.0.3
1371061256960,e784fb366a5869e49d01d8d1969cec85,17,0,false,0,false,1383.0,0.0.3
1371061256960,07487dee6a884e62f88d1f68cf3b419e,19,5,true,350,false,1383.0,0.0.3
1371061256960,953a7486060d56add273d1e2fe669158,23,3,false,0,false,1383.0,0.0.3
1371061256960,5794ecd099083bfcd563d6abf59a0ecb,25,8,true,200,false,1383.0,0.0.3
1371066657861,edd59d66a2e0e632979fe7e53c982928,13,63,true,350,false,1406.0,0.0.3
1371066657861,c965b9dbe06b1fcf132b3450b7c75018,1,0,false,0,false,1406.0,0.0.3
1371066657861,7fe15461095a6708130552ead09b9b86,15,0,true,700,false,1406.0,0.0.3
1371066657861,e784fb366a5869e49d01d8d1969cec85,17,0,false,0,false,1406.0,0.0.3
1371066657861,07487dee6a884e62f88d1f68cf3b419e,19,5,true,350,false,1406.0,0.0.3
1371066657861,953a7486060d56add273d1e2fe669158,23,3,false,0,false,1406.0,0.0.3
1371066657861,5794ecd099083bfcd563d6abf59a0ecb,25,8,true,200,false,1406.0,0.0.3
1371069051488,c965b9dbe06b1fcf132b3450b7c75018,1,0,false,0,false,1419.0,0.0.3
1371069051488,edd59d66a2e0e632979fe7e53c982928,13,64,true,350,false,1419.0,0.0.3
1371069051488,7fe15461095a6708130552ead09b9b86,15,0,true,700,false,1419.0,0.0.3
1371069051488,e784fb366a5869e49d01d8d1969cec85,17,0,false,0,false,1419.0,0.0.3
1371069051488,07487dee6a884e62f88d1f68cf3b419e,19,5,true,350,false,1419.0,0.0.3
1371069051488,953a7486060d56add273d1e2fe669158,23,3,false,0,false,1419.0,0.0.3
1371069051488,5794ecd099083bfcd563d6abf59a0ecb,25,8,true,200,false,1419.0,0.0.3
1371082852395,c965b9dbe06b1fcf132b3450b7c75018,1,0,false,0,false,1442.0,0.0.3
1371082852395,edd59d66a2e0e632979fe7e53c982928,13,64,true,350,false,1442.0,0.0.3
1371082852395,7fe15461095a6708130552ead09b9b86,15,0,true,700,false,1442.0,0.0.3
1371082852395,e784fb366a5869e49d01d8d1969cec85,17,0,false,0,false,1442.0,0.0.3
1371082852395,07487dee6a884e62f88d1f68cf3b419e,19,5,true,350,false,1442.0,0.0.3
1371082852395,953a7486060d56add273d1e2fe669158,23,4,false,0,false,1442.0,0.0.3
1371082852395,5794ecd099083bfcd563d6abf59a0ecb,25,8,true,200,false,1442.0,0.0.3
1371083453519,c965b9dbe06b1fcf132b3450b7c75018,1,0,false,0,false,1429.0,0.0.3
1371083453519,edd59d66a2e0e632979fe7e53c982928,13,63,true,350,false,1429.0,0.0.3
1371083453519,7fe15461095a6708130552ead09b9b86,15,0,true,700,false,1429.0,0.0.3
1371083453519,e784fb366a5869e49d01d8d1969cec85,17,0,false,0,false,1429.0,0.0.3
1371083453519,07487dee6a884e62f88d1f68cf3b419e,19,5,true,350,false,1429.0,0.0.3
1371083453519,953a7486060d56add273d1e2fe669158,23,4,false,0,false,1429.0,0.0.3
1371083453519,5794ecd099083bfcd563d6abf59a0ecb,25,8,true,200,false,1429.0,0.0.3
1371084053777,c965b9dbe06b1fcf132b3450b7c75018,1,0,false,0,false,1406.0,0.0.3
1371084053777,edd59d66a2e0e632979fe7e53c982928,13,63,true,350,false,1406.0,0.0.3
1371084053777,7fe15461095a6708130552ead09b9b86,15,0,true,700,false,1406.0,0.0.3
1371084053777,e784fb366a5869e49d01d8d1969cec85,17,0,false,0,false,1406.0,0.0.3
1371084053777,07487dee6a884e62f88d1f68cf3b419e,19,5,true,350,false,1406.0,0.0.3
1371084053777,953a7486060d56add273d1e2fe669158,23,3,false,0,false,1406.0,0.0.3
1371084053777,5794ecd099083bfcd563d6abf59a0ecb,25,8,true,200,false,1406.0,0.0.3
1371091862008,c965b9dbe06b1fcf132b3450b7c75018,1,0,false,0,false,1454.0,0.0.3
1371091862008,edd59d66a2e0e632979fe7e53c982928,13,64,true,350,false,1454.0,0.0.3
1371091862008,7fe15461095a6708130552ead09b9b86,15,0,true,700,false,1454.0,0.0.3
1371091862008,e784fb366a5869e49d01d8d1969cec85,17,0,false,0,false,1454.0,0.0.3
1371091862008,07487dee6a884e62f88d1f68cf3b419e,19,5,true,350,false,1454.0,0.0.3
1371091862008,953a7486060d56add273d1e2fe669158,23,3,false,0,false,1454.0,0.0.3
1371091862008,5794ecd099083bfcd563d6abf59a0ecb,25,9,true,200,false,1454.0,0.0.3
1371093070394,edd59d66a2e0e632979fe7e53c982928,13,64,true,350,false,1467.0,0.0.3
1371093070394,7fe15461095a6708130552ead09b9b86,15,0,true,700,false,1467.0,0.0.3
1371093070394,c965b9dbe06b1fcf132b3450b7c75018,1,0,false,0,false,1467.0,0.0.3
1371093070394,e784fb366a5869e49d01d8d1969cec85,17,0,false,0,false,1467.0,0.0.3
1371093070394,07487dee6a884e62f88d1f68cf3b419e,19,5,true,350,false,1467.0,0.0.3
1371093070394,5794ecd099083bfcd563d6abf59a0ecb,25,9,true,200,false,1467.0,0.0.3
1371093070394,953a7486060d56add273d1e2fe669158,23,3,false,0,false,1467.0,0.0.3
1371093666363,c965b9dbe06b1fcf132b3450b7c75018,1,0,false,0,false,1479.0,0.0.3
1371093666363,edd59d66a2e0e632979fe7e53c982928,13,64,true,350,false,1479.0,0.0.3
1371093666363,7fe15461095a6708130552ead09b9b86,15,0,true,700,false,1479.0,0.0.3
1371093666363,e784fb366a5869e49d01d8d1969cec85,17,0,false,0,false,1479.0,0.0.3
1371093666363,07487dee6a884e62f88d1f68cf3b419e,19,5,true,350,false,1479.0,0.0.3
1371093666363,953a7486060d56add273d1e2fe669158,23,3,false,0,false,1479.0,0.0.3
1371093666363,5794ecd099083bfcd563d6abf59a0ecb,25,10,true,200,false,1479.0,0.0.3
1371094874487,c965b9dbe06b1fcf132b3450b7c75018,1,0,false,0,false,1492.0,0.0.3
1371094874487,edd59d66a2e0e632979fe7e53c982928,13,64,true,350,false,1492.0,0.0.3
1371094874487,7fe15461095a6708130552ead09b9b86,15,0,true,700,false,1492.0,0.0.3
1371094874487,e784fb366a5869e49d01d8d1969cec85,17,0,false,0,false,1492.0,0.0.3
1371094874487,07487dee6a884e62f88d1f68cf3b419e,19,5,true,350,false,1492.0,0.0.3
1371094874487,953a7486060d56add273d1e2fe669158,23,3,false,0,false,1492.0,0.0.3
1371094874487,5794ecd099083bfcd563d6abf59a0ecb,25,10,true,200,false,1492.0,0.0.3
1371095477371,c965b9dbe06b1fcf132b3450b7c75018,1,0,false,0,false,1505.0,0.0.3
1371095477371,7fe15461095a6708130552ead09b9b86,15,0,true,700,false,1505.0,0.0.3
1371095477371,edd59d66a2e0e632979fe7e53c982928,13,65,true,350,false,1505.0,0.0.3
1371095477371,e784fb366a5869e49d01d8d1969cec85,17,0,false,0,false,1505.0,0.0.3
1371095477371,07487dee6a884e62f88d1f68cf3b419e,19,5,true,350,false,1505.0,0.0.3
1371095477371,5794ecd099083bfcd563d6abf59a0ecb,25,10,true,200,false,1505.0,0.0.3
1371095477371,953a7486060d56add273d1e2fe669158,23,3,false,0,false,1505.0,0.0.3
1371097267809,edd59d66a2e0e632979fe7e53c982928,13,66,true,350,false,1518.0,0.0.3
1371097267809,c965b9dbe06b1fcf132b3450b7c75018,1,0,false,0,false,1518.0,0.0.3
1371097267809,e784fb366a5869e49d01d8d1969cec85,17,0,false,0,false,1518.0,0.0.3
1371097267809,07487dee6a884e62f88d1f68cf3b419e,19,5,true,350,false,1518.0,0.0.3
1371097267809,953a7486060d56add273d1e2fe669158,23,3,false,0,false,1518.0,0.0.3
1371097267809,5794ecd099083bfcd563d6abf59a0ecb,25,10,true,200,false,1518.0,0.0.3
1371097267809,7fe15461095a6708130552ead09b9b86,15,0,true,700,false,1518.0,0.0.3
1371100258137,c965b9dbe06b1fcf132b3450b7c75018,1,0,false,0,false,1531.0,0.0.3
1371100258137,edd59d66a2e0e632979fe7e53c982928,13,67,true,350,false,1531.0,0.0.3
1371100258137,7fe15461095a6708130552ead09b9b86,15,0,true,700,false,1531.0,0.0.3
1371100258137,e784fb366a5869e49d01d8d1969cec85,17,0,false,0,false,1531.0,0.0.3
1371100258137,07487dee6a884e62f88d1f68cf3b419e,19,5,true,350,false,1531.0,0.0.3
1371100258137,953a7486060d56add273d1e2fe669158,23,3,false,0,false,1531.0,0.0.3
1371100258137,5794ecd099083bfcd563d6abf59a0ecb,25,10,true,200,false,1531.0,0.0.3
1371103269429,7fe15461095a6708130552ead09b9b86,15,0,true,700,false,1508.0,0.0.3
1371103269429,e784fb366a5869e49d01d8d1969cec85,17,0,false,0,false,1508.0,0.0.3
1371103269429,07487dee6a884e62f88d1f68cf3b419e,19,5,true,350,false,1508.0,0.0.3
1371103269429,edd59d66a2e0e632979fe7e53c982928,13,66,true,350,false,1508.0,0.0.3
1371103269429,5794ecd099083bfcd563d6abf59a0ecb,25,10,true,200,false,1508.0,0.0.3
1371103269429,953a7486060d56add273d1e2fe669158,23,3,false,0,false,1508.0,0.0.3
1371103269429,c965b9dbe06b1fcf132b3450b7c75018,1,0,false,0,false,1508.0,0.0.3
1371106258848,c965b9dbe06b1fcf132b3450b7c75018,1,0,false,0,false,1521.0,0.0.3
1371106258848,7fe15461095a6708130552ead09b9b86,15,0,true,700,false,1521.0,0.0.3
1371106258848,edd59d66a2e0e632979fe7e53c982928,13,67,true,350,false,1521.0,0.0.3
1371106258848,e784fb366a5869e49d01d8d1969cec85,17,0,false,0,false,1521.0,0.0.3
1371106258848,07487dee6a884e62f88d1f68cf3b419e,19,5,true,350,false,1521.0,0.0.3
1371106258848,5794ecd099083bfcd563d6abf59a0ecb,25,10,true,200,false,1521.0,0.0.3
1371106258848,953a7486060d56add273d1e2fe669158,23,3,false,0,false,1521.0,0.0.3
