1370521375446,0a987daf7f18ad452668370341c26adf,30,0,true,100,false,35.0,0.0.3
1370521375446,79137ab74a4f6b66838ce71c844a7453,5,0,false,0,false,35.0,0.0.3
1370521375446,8a33cb77cf999abaaf27b3256f7b8011,29,0,false,0,false,35.0,0.0.3
1370521375446,0ea08dce5eea14e983af74b858a81955,28,0,true,100,false,35.0,0.0.3
1370521375446,eccae579fe8fc42f26f02a7600aa2c7f,35,1,false,0,false,35.0,0.0.3
1370521375446,1fa7a37e07face426a6190896266ce6d,50,0,true,75,false,35.0,0.0.3
1370521375446,1d8f52c3bf648fbd55d88118f62a3582,60,0,false,0,false,35.0,0.0.3
1370521375446,203d4803edbbf3b9b14d9be7c6ae0781,80,0,false,0,false,35.0,0.0.3
1370521375446,26e6632ab06914c82e82a53ee2ae5f66,150,0,false,0,false,35.0,0.0.3
1370524376335,0ea08dce5eea14e983af74b858a81955,28,0,true,100,false,70.0,0.0.3
1370524376335,0a987daf7f18ad452668370341c26adf,30,0,true,100,false,70.0,0.0.3
1370524376335,8a33cb77cf999abaaf27b3256f7b8011,29,0,false,0,false,70.0,0.0.3
1370524376335,79137ab74a4f6b66838ce71c844a7453,5,0,false,0,false,70.0,0.0.3
1370524376335,eccae579fe8fc42f26f02a7600aa2c7f,35,2,false,0,false,70.0,0.0.3
1370524376335,1d8f52c3bf648fbd55d88118f62a3582,60,0,false,0,false,70.0,0.0.3
1370524376335,1fa7a37e07face426a6190896266ce6d,50,0,true,75,false,70.0,0.0.3
1370524376335,26e6632ab06914c82e82a53ee2ae5f66,150,0,false,0,false,70.0,0.0.3
1370524376335,203d4803edbbf3b9b14d9be7c6ae0781,80,0,false,0,false,70.0,0.0.3
1370527377671,0ea08dce5eea14e983af74b858a81955,28,0,true,100,false,105.0,0.0.3
1370527377671,79137ab74a4f6b66838ce71c844a7453,5,0,false,0,false,105.0,0.0.3
1370527377671,8a33cb77cf999abaaf27b3256f7b8011,29,0,false,0,false,105.0,0.0.3
1370527377671,0a987daf7f18ad452668370341c26adf,30,0,true,100,false,105.0,0.0.3
1370527377671,eccae579fe8fc42f26f02a7600aa2c7f,35,3,false,0,false,105.0,0.0.3
1370527377671,1fa7a37e07face426a6190896266ce6d,50,0,true,75,false,105.0,0.0.3
1370527377671,1d8f52c3bf648fbd55d88118f62a3582,60,0,false,0,false,105.0,0.0.3
1370527377671,203d4803edbbf3b9b14d9be7c6ae0781,80,0,false,0,false,105.0,0.0.3
1370527377671,26e6632ab06914c82e82a53ee2ae5f66,150,0,false,0,false,105.0,0.0.3
1370527978136,79137ab74a4f6b66838ce71c844a7453,5,0,false,0,false,140.0,0.0.3
1370527978136,0ea08dce5eea14e983af74b858a81955,28,0,true,100,false,140.0,0.0.3
1370527978136,8a33cb77cf999abaaf27b3256f7b8011,29,0,false,0,false,140.0,0.0.3
1370527978136,0a987daf7f18ad452668370341c26adf,30,0,true,100,false,140.0,0.0.3
1370527978136,eccae579fe8fc42f26f02a7600aa2c7f,35,4,false,0,false,140.0,0.0.3
1370527978136,1fa7a37e07face426a6190896266ce6d,50,0,true,75,false,140.0,0.0.3
1370527978136,1d8f52c3bf648fbd55d88118f62a3582,60,0,false,0,false,140.0,0.0.3
1370527978136,203d4803edbbf3b9b14d9be7c6ae0781,80,0,false,0,false,140.0,0.0.3
1370527978136,26e6632ab06914c82e82a53ee2ae5f66,150,0,false,0,false,140.0,0.0.3
1370528578055,79137ab74a4f6b66838ce71c844a7453,5,0,false,0,false,175.0,0.0.3
1370528578055,0ea08dce5eea14e983af74b858a81955,28,0,true,100,false,175.0,0.0.3
1370528578055,8a33cb77cf999abaaf27b3256f7b8011,29,0,false,0,false,175.0,0.0.3
1370528578055,0a987daf7f18ad452668370341c26adf,30,0,true,100,false,175.0,0.0.3
1370528578055,eccae579fe8fc42f26f02a7600aa2c7f,35,5,false,0,false,175.0,0.0.3
1370528578055,1fa7a37e07face426a6190896266ce6d,50,0,true,75,false,175.0,0.0.3
1370528578055,1d8f52c3bf648fbd55d88118f62a3582,60,0,false,0,false,175.0,0.0.3
1370528578055,203d4803edbbf3b9b14d9be7c6ae0781,80,0,false,0,false,175.0,0.0.3
1370528578055,26e6632ab06914c82e82a53ee2ae5f66,150,0,false,0,false,175.0,0.0.3
1370529178213,79137ab74a4f6b66838ce71c844a7453,5,0,false,0,false,205.0,0.0.3
1370529178213,8a33cb77cf999abaaf27b3256f7b8011,29,0,false,0,false,205.0,0.0.3
1370529178213,0ea08dce5eea14e983af74b858a81955,28,0,true,100,false,205.0,0.0.3
1370529178213,0a987daf7f18ad452668370341c26adf,30,1,true,100,false,205.0,0.0.3
1370529178213,eccae579fe8fc42f26f02a7600aa2c7f,35,5,false,0,false,205.0,0.0.3
1370529178213,1fa7a37e07face426a6190896266ce6d,50,0,true,75,false,205.0,0.0.3
1370529178213,1d8f52c3bf648fbd55d88118f62a3582,60,0,false,0,false,205.0,0.0.3
1370529178213,203d4803edbbf3b9b14d9be7c6ae0781,80,0,false,0,false,205.0,0.0.3
1370529178213,26e6632ab06914c82e82a53ee2ae5f66,150,0,false,0,false,205.0,0.0.3
1370530378470,79137ab74a4f6b66838ce71c844a7453,5,0,false,0,false,268.0,0.0.3
1370530378470,0ea08dce5eea14e983af74b858a81955,28,1,true,100,false,268.0,0.0.3
1370530378470,8a33cb77cf999abaaf27b3256f7b8011,29,0,false,0,false,268.0,0.0.3
1370530378470,0a987daf7f18ad452668370341c26adf,30,1,true,100,false,268.0,0.0.3
1370530378470,eccae579fe8fc42f26f02a7600aa2c7f,35,6,false,0,false,268.0,0.0.3
1370530378470,1fa7a37e07face426a6190896266ce6d,50,0,true,75,false,268.0,0.0.3
1370530378470,1d8f52c3bf648fbd55d88118f62a3582,60,0,false,0,false,268.0,0.0.3
1370530378470,203d4803edbbf3b9b14d9be7c6ae0781,80,0,false,0,false,268.0,0.0.3
1370530378470,26e6632ab06914c82e82a53ee2ae5f66,150,0,false,0,false,268.0,0.0.3
1370535180171,79137ab74a4f6b66838ce71c844a7453,5,0,false,0,false,303.0,0.0.3
1370535180171,0ea08dce5eea14e983af74b858a81955,28,1,true,100,false,303.0,0.0.3
1370535180171,8a33cb77cf999abaaf27b3256f7b8011,29,0,false,0,false,303.0,0.0.3
1370535180171,0a987daf7f18ad452668370341c26adf,30,1,true,100,false,303.0,0.0.3
1370535180171,eccae579fe8fc42f26f02a7600aa2c7f,35,7,false,0,false,303.0,0.0.3
1370535180171,1fa7a37e07face426a6190896266ce6d,50,0,true,75,false,303.0,0.0.3
1370535180171,1d8f52c3bf648fbd55d88118f62a3582,60,0,false,0,false,303.0,0.0.3
1370535180171,203d4803edbbf3b9b14d9be7c6ae0781,80,0,false,0,false,303.0,0.0.3
1370535180171,26e6632ab06914c82e82a53ee2ae5f66,150,0,false,0,false,303.0,0.0.3
1370535781402,79137ab74a4f6b66838ce71c844a7453,5,0,false,0,false,388.0,0.0.3
1370535781402,0ea08dce5eea14e983af74b858a81955,28,1,true,100,false,388.0,0.0.3
1370535781402,0a987daf7f18ad452668370341c26adf,30,1,true,100,false,388.0,0.0.3
1370535781402,8a33cb77cf999abaaf27b3256f7b8011,29,0,false,0,false,388.0,0.0.3
1370535781402,eccae579fe8fc42f26f02a7600aa2c7f,35,9,false,0,false,388.0,0.0.3
1370535781402,1fa7a37e07face426a6190896266ce6d,50,0,true,75,false,388.0,0.0.3
1370535781402,1d8f52c3bf648fbd55d88118f62a3582,60,0,false,0,false,388.0,0.0.3
1370535781402,26e6632ab06914c82e82a53ee2ae5f66,150,0,false,0,false,388.0,0.0.3
1370535781402,203d4803edbbf3b9b14d9be7c6ae0781,80,0,false,0,false,388.0,0.0.3
1370536380965,79137ab74a4f6b66838ce71c844a7453,5,0,false,0,false,448.0,0.0.3
1370536380965,0ea08dce5eea14e983af74b858a81955,28,1,true,100,false,448.0,0.0.3
1370536380965,8a33cb77cf999abaaf27b3256f7b8011,29,0,false,0,false,448.0,0.0.3
1370536380965,0a987daf7f18ad452668370341c26adf,30,1,true,100,false,448.0,0.0.3
1370536380965,eccae579fe8fc42f26f02a7600aa2c7f,35,9,false,0,false,448.0,0.0.3
1370536380965,1fa7a37e07face426a6190896266ce6d,50,0,true,75,false,448.0,0.0.3
1370536380965,1d8f52c3bf648fbd55d88118f62a3582,60,1,false,0,false,448.0,0.0.3
1370536380965,203d4803edbbf3b9b14d9be7c6ae0781,80,0,false,0,false,448.0,0.0.3
1370536380965,26e6632ab06914c82e82a53ee2ae5f66,150,0,false,0,false,448.0,0.0.3
1370536981205,79137ab74a4f6b66838ce71c844a7453,5,0,false,0,false,449.0,0.0.3
1370536981205,0ea08dce5eea14e983af74b858a81955,28,1,true,100,false,449.0,0.0.3
1370536981205,8a33cb77cf999abaaf27b3256f7b8011,29,0,false,0,false,449.0,0.0.3
1370536981205,0a987daf7f18ad452668370341c26adf,30,1,true,100,false,449.0,0.0.3
1370536981205,eccae579fe8fc42f26f02a7600aa2c7f,35,9,false,0,false,449.0,0.0.3
1370536981205,1fa7a37e07face426a6190896266ce6d,50,0,true,75,false,449.0,0.0.3
1370536981205,1d8f52c3bf648fbd55d88118f62a3582,60,1,false,0,false,449.0,0.0.3
1370536981205,203d4803edbbf3b9b14d9be7c6ae0781,80,0,false,0,false,449.0,0.0.3
1370536981205,26e6632ab06914c82e82a53ee2ae5f66,150,0,false,0,false,449.0,0.0.3
1370537581580,0ea08dce5eea14e983af74b858a81955,28,1,true,100,false,514.0,0.0.3
1370537581580,8a33cb77cf999abaaf27b3256f7b8011,29,0,false,0,false,514.0,0.0.3
1370537581580,eccae579fe8fc42f26f02a7600aa2c7f,35,10,false,0,false,514.0,0.0.3
1370537581580,79137ab74a4f6b66838ce71c844a7453,5,0,false,0,false,514.0,0.0.3
1370537581580,1fa7a37e07face426a6190896266ce6d,50,0,true,75,false,514.0,0.0.3
1370537581580,0a987daf7f18ad452668370341c26adf,30,2,true,100,false,514.0,0.0.3
1370537581580,1d8f52c3bf648fbd55d88118f62a3582,60,1,false,0,false,514.0,0.0.3
1370537581580,203d4803edbbf3b9b14d9be7c6ae0781,80,0,false,0,false,514.0,0.0.3
1370537581580,26e6632ab06914c82e82a53ee2ae5f66,150,0,false,0,false,514.0,0.0.3
1370538181519,0ea08dce5eea14e983af74b858a81955,28,1,true,100,false,684.0,0.0.3
1370538181519,0a987daf7f18ad452668370341c26adf,30,2,true,100,false,684.0,0.0.3
1370538181519,8a33cb77cf999abaaf27b3256f7b8011,29,0,false,0,false,684.0,0.0.3
1370538181519,eccae579fe8fc42f26f02a7600aa2c7f,35,12,false,0,false,684.0,0.0.3
1370538181519,79137ab74a4f6b66838ce71c844a7453,5,0,false,0,false,684.0,0.0.3
1370538181519,1fa7a37e07face426a6190896266ce6d,50,2,true,75,false,684.0,0.0.3
1370538181519,1d8f52c3bf648fbd55d88118f62a3582,60,1,false,0,false,684.0,0.0.3
1370538181519,203d4803edbbf3b9b14d9be7c6ae0781,80,0,false,0,false,684.0,0.0.3
1370538181519,26e6632ab06914c82e82a53ee2ae5f66,150,0,false,0,false,684.0,0.0.3
1370539383380,79137ab74a4f6b66838ce71c844a7453,5,0,false,0,false,749.0,0.0.3
1370539383380,0ea08dce5eea14e983af74b858a81955,28,1,true,100,false,749.0,0.0.3
1370539383380,8a33cb77cf999abaaf27b3256f7b8011,29,0,false,0,false,749.0,0.0.3
1370539383380,0a987daf7f18ad452668370341c26adf,30,2,true,100,false,749.0,0.0.3
1370539383380,eccae579fe8fc42f26f02a7600aa2c7f,35,12,false,0,false,749.0,0.0.3
1370539383380,1fa7a37e07face426a6190896266ce6d,50,3,true,75,false,749.0,0.0.3
1370539383380,1d8f52c3bf648fbd55d88118f62a3582,60,1,false,0,false,749.0,0.0.3
1370539383380,203d4803edbbf3b9b14d9be7c6ae0781,80,0,false,0,false,749.0,0.0.3
1370539383380,26e6632ab06914c82e82a53ee2ae5f66,150,0,false,0,false,749.0,0.0.3
1370539982921,79137ab74a4f6b66838ce71c844a7453,5,0,false,0,false,784.0,0.0.3
1370539982921,0a987daf7f18ad452668370341c26adf,30,2,true,100,false,784.0,0.0.3
1370539982921,8a33cb77cf999abaaf27b3256f7b8011,29,0,false,0,false,784.0,0.0.3
1370539982921,0ea08dce5eea14e983af74b858a81955,28,1,true,100,false,784.0,0.0.3
1370539982921,eccae579fe8fc42f26f02a7600aa2c7f,35,13,false,0,false,784.0,0.0.3
1370539982921,1fa7a37e07face426a6190896266ce6d,50,3,true,75,false,784.0,0.0.3
1370539982921,203d4803edbbf3b9b14d9be7c6ae0781,80,0,false,0,false,784.0,0.0.3
1370539982921,1d8f52c3bf648fbd55d88118f62a3582,60,1,false,0,false,784.0,0.0.3
1370539982921,26e6632ab06914c82e82a53ee2ae5f66,150,0,false,0,false,784.0,0.0.3
1370541184111,79137ab74a4f6b66838ce71c844a7453,5,1,false,0,false,774.0,0.0.3
1370541184111,0a987daf7f18ad452668370341c26adf,30,2,true,100,false,774.0,0.0.3
1370541184111,8a33cb77cf999abaaf27b3256f7b8011,29,0,false,0,false,774.0,0.0.3
1370541184111,eccae579fe8fc42f26f02a7600aa2c7f,35,13,false,0,false,774.0,0.0.3
1370541184111,1fa7a37e07face426a6190896266ce6d,50,3,true,75,false,774.0,0.0.3
1370541184111,1d8f52c3bf648fbd55d88118f62a3582,60,1,false,0,false,774.0,0.0.3
1370541184111,0ea08dce5eea14e983af74b858a81955,28,1,true,100,false,774.0,0.0.3
1370541184111,203d4803edbbf3b9b14d9be7c6ae0781,80,0,false,0,false,774.0,0.0.3
1370541184111,26e6632ab06914c82e82a53ee2ae5f66,150,0,false,0,false,774.0,0.0.3
1370542384403,79137ab74a4f6b66838ce71c844a7453,5,1,false,0,false,839.0,0.0.3
1370542384403,0ea08dce5eea14e983af74b858a81955,28,1,true,100,false,839.0,0.0.3
1370542384403,0a987daf7f18ad452668370341c26adf,30,3,true,100,false,839.0,0.0.3
1370542384403,8a33cb77cf999abaaf27b3256f7b8011,29,0,false,0,false,839.0,0.0.3
1370542384403,eccae579fe8fc42f26f02a7600aa2c7f,35,14,false,0,false,839.0,0.0.3
1370542384403,1fa7a37e07face426a6190896266ce6d,50,2,true,75,false,839.0,0.0.3
1370542384403,1d8f52c3bf648fbd55d88118f62a3582,60,1,false,0,false,839.0,0.0.3
1370542384403,26e6632ab06914c82e82a53ee2ae5f66,150,0,false,0,false,839.0,0.0.3
1370542384403,203d4803edbbf3b9b14d9be7c6ae0781,80,0,false,0,false,839.0,0.0.3
1370543585051,79137ab74a4f6b66838ce71c844a7453,5,1,false,0,false,869.0,0.0.3
1370543585051,0a987daf7f18ad452668370341c26adf,30,4,true,100,false,869.0,0.0.3
1370543585051,8a33cb77cf999abaaf27b3256f7b8011,29,0,false,0,false,869.0,0.0.3
1370543585051,1fa7a37e07face426a6190896266ce6d,50,2,true,75,false,869.0,0.0.3
1370543585051,eccae579fe8fc42f26f02a7600aa2c7f,35,14,false,0,false,869.0,0.0.3
1370543585051,1d8f52c3bf648fbd55d88118f62a3582,60,1,false,0,false,869.0,0.0.3
1370543585051,0ea08dce5eea14e983af74b858a81955,28,1,true,100,false,869.0,0.0.3
1370543585051,203d4803edbbf3b9b14d9be7c6ae0781,80,0,false,0,false,869.0,0.0.3
1370543585051,26e6632ab06914c82e82a53ee2ae5f66,150,0,false,0,false,869.0,0.0.3
1370544185736,0a987daf7f18ad452668370341c26adf,30,4,true,100,false,904.0,0.0.3
1370544185736,79137ab74a4f6b66838ce71c844a7453,5,1,false,0,false,904.0,0.0.3
1370544185736,1fa7a37e07face426a6190896266ce6d,50,2,true,75,false,904.0,0.0.3
1370544185736,8a33cb77cf999abaaf27b3256f7b8011,29,0,false,0,false,904.0,0.0.3
1370544185736,eccae579fe8fc42f26f02a7600aa2c7f,35,15,false,0,false,904.0,0.0.3
1370544185736,1d8f52c3bf648fbd55d88118f62a3582,60,1,false,0,false,904.0,0.0.3
1370544185736,203d4803edbbf3b9b14d9be7c6ae0781,80,0,false,0,false,904.0,0.0.3
1370544185736,26e6632ab06914c82e82a53ee2ae5f66,150,0,false,0,false,904.0,0.0.3
1370544185736,0ea08dce5eea14e983af74b858a81955,28,1,true,100,false,904.0,0.0.3
1370545387256,79137ab74a4f6b66838ce71c844a7453,5,1,false,0,false,964.0,0.0.3
1370545387256,0ea08dce5eea14e983af74b858a81955,28,1,true,100,false,964.0,0.0.3
1370545387256,8a33cb77cf999abaaf27b3256f7b8011,29,0,false,0,false,964.0,0.0.3
1370545387256,0a987daf7f18ad452668370341c26adf,30,4,true,100,false,964.0,0.0.3
1370545387256,eccae579fe8fc42f26f02a7600aa2c7f,35,15,false,0,false,964.0,0.0.3
1370545387256,1fa7a37e07face426a6190896266ce6d,50,2,true,75,false,964.0,0.0.3
1370545387256,1d8f52c3bf648fbd55d88118f62a3582,60,2,false,0,false,964.0,0.0.3
1370545387256,203d4803edbbf3b9b14d9be7c6ae0781,80,0,false,0,false,964.0,0.0.3
1370545387256,26e6632ab06914c82e82a53ee2ae5f66,150,0,false,0,false,964.0,0.0.3
1370546587639,79137ab74a4f6b66838ce71c844a7453,5,1,false,0,false,1059.0,0.0.3
1370546587639,0ea08dce5eea14e983af74b858a81955,28,1,true,100,false,1059.0,0.0.3
1370546587639,8a33cb77cf999abaaf27b3256f7b8011,29,0,false,0,false,1059.0,0.0.3
1370546587639,0a987daf7f18ad452668370341c26adf,30,4,true,100,false,1059.0,0.0.3
1370546587639,eccae579fe8fc42f26f02a7600aa2c7f,35,15,false,0,false,1059.0,0.0.3
1370546587639,1fa7a37e07face426a6190896266ce6d,50,2,true,75,false,1059.0,0.0.3
1370546587639,1d8f52c3bf648fbd55d88118f62a3582,60,2,false,0,false,1059.0,0.0.3
1370546587639,203d4803edbbf3b9b14d9be7c6ae0781,80,1,false,0,false,1059.0,0.0.3
1370546587639,26e6632ab06914c82e82a53ee2ae5f66,150,0,false,0,false,1059.0,0.0.3
1370549588692,0ea08dce5eea14e983af74b858a81955,28,1,true,100,false,1169.0,0.0.3
1370549588692,0a987daf7f18ad452668370341c26adf,30,5,true,100,false,1169.0,0.0.3
1370549588692,8a33cb77cf999abaaf27b3256f7b8011,29,0,false,0,false,1169.0,0.0.3
1370549588692,eccae579fe8fc42f26f02a7600aa2c7f,35,17,false,0,false,1169.0,0.0.3
1370549588692,1fa7a37e07face426a6190896266ce6d,50,2,true,75,false,1169.0,0.0.3
1370549588692,1d8f52c3bf648fbd55d88118f62a3582,60,2,false,0,false,1169.0,0.0.3
1370549588692,203d4803edbbf3b9b14d9be7c6ae0781,80,1,false,0,false,1169.0,0.0.3
1370549588692,26e6632ab06914c82e82a53ee2ae5f66,150,0,false,0,false,1169.0,0.0.3
1370549588692,79137ab74a4f6b66838ce71c844a7453,5,1,false,0,false,1169.0,0.0.3
1370557391967,79137ab74a4f6b66838ce71c844a7453,5,1,false,0,false,1197.0,0.0.3
1370557391967,0ea08dce5eea14e983af74b858a81955,28,2,true,100,false,1197.0,0.0.3
1370557391967,8a33cb77cf999abaaf27b3256f7b8011,29,0,false,0,false,1197.0,0.0.3
1370557391967,0a987daf7f18ad452668370341c26adf,30,5,true,100,false,1197.0,0.0.3
1370557391967,eccae579fe8fc42f26f02a7600aa2c7f,35,17,false,0,false,1197.0,0.0.3
1370557391967,1fa7a37e07face426a6190896266ce6d,50,2,true,75,false,1197.0,0.0.3
1370557391967,1d8f52c3bf648fbd55d88118f62a3582,60,2,false,0,false,1197.0,0.0.3
1370557391967,203d4803edbbf3b9b14d9be7c6ae0781,80,1,false,0,false,1197.0,0.0.3
1370557391967,26e6632ab06914c82e82a53ee2ae5f66,150,0,false,0,false,1197.0,0.0.3
1370557992958,79137ab74a4f6b66838ce71c844a7453,5,1,false,0,false,1225.0,0.0.3
1370557992958,0ea08dce5eea14e983af74b858a81955,28,3,true,100,false,1225.0,0.0.3
1370557992958,8a33cb77cf999abaaf27b3256f7b8011,29,0,false,0,false,1225.0,0.0.3
1370557992958,0a987daf7f18ad452668370341c26adf,30,5,true,100,false,1225.0,0.0.3
1370557992958,eccae579fe8fc42f26f02a7600aa2c7f,35,17,false,0,false,1225.0,0.0.3
1370557992958,1fa7a37e07face426a6190896266ce6d,50,2,true,75,false,1225.0,0.0.3
1370557992958,1d8f52c3bf648fbd55d88118f62a3582,60,2,false,0,false,1225.0,0.0.3
1370557992958,203d4803edbbf3b9b14d9be7c6ae0781,80,1,false,0,false,1225.0,0.0.3
1370557992958,26e6632ab06914c82e82a53ee2ae5f66,150,0,false,0,false,1225.0,0.0.3
1370558594303,79137ab74a4f6b66838ce71c844a7453,5,1,false,0,false,1290.0,0.0.3
1370558594303,0a987daf7f18ad452668370341c26adf,30,5,true,100,false,1290.0,0.0.3
1370558594303,0ea08dce5eea14e983af74b858a81955,28,3,true,100,false,1290.0,0.0.3
1370558594303,8a33cb77cf999abaaf27b3256f7b8011,29,0,false,0,false,1290.0,0.0.3
1370558594303,eccae579fe8fc42f26f02a7600aa2c7f,35,17,false,0,false,1290.0,0.0.3
1370558594303,1fa7a37e07face426a6190896266ce6d,50,3,true,75,false,1290.0,0.0.3
1370558594303,203d4803edbbf3b9b14d9be7c6ae0781,80,1,false,0,false,1290.0,0.0.3
1370558594303,1d8f52c3bf648fbd55d88118f62a3582,60,2,false,0,false,1290.0,0.0.3
1370558594303,26e6632ab06914c82e82a53ee2ae5f66,150,0,false,0,false,1290.0,0.0.3
1370567599729,79137ab74a4f6b66838ce71c844a7453,5,1,false,0,false,1340.0,0.0.3
1370567599729,0ea08dce5eea14e983af74b858a81955,28,3,true,100,false,1340.0,0.0.3
1370567599729,0a987daf7f18ad452668370341c26adf,30,5,true,100,false,1340.0,0.0.3
1370567599729,8a33cb77cf999abaaf27b3256f7b8011,29,0,false,0,false,1340.0,0.0.3
1370567599729,eccae579fe8fc42f26f02a7600aa2c7f,35,18,false,0,false,1340.0,0.0.3
1370567599729,1fa7a37e07face426a6190896266ce6d,50,3,true,75,false,1340.0,0.0.3
1370567599729,1d8f52c3bf648fbd55d88118f62a3582,60,2,false,0,false,1340.0,0.0.3
1370567599729,203d4803edbbf3b9b14d9be7c6ae0781,80,1,false,0,false,1340.0,0.0.3
1370567599729,26e6632ab06914c82e82a53ee2ae5f66,150,0,false,0,false,1340.0,0.0.3
1370568200616,79137ab74a4f6b66838ce71c844a7453,5,1,false,0,false,1425.0,0.0.3
1370568200616,0ea08dce5eea14e983af74b858a81955,28,3,true,100,false,1425.0,0.0.3
1370568200616,8a33cb77cf999abaaf27b3256f7b8011,29,0,false,0,false,1425.0,0.0.3
1370568200616,0a987daf7f18ad452668370341c26adf,30,5,true,100,false,1425.0,0.0.3
1370568200616,eccae579fe8fc42f26f02a7600aa2c7f,35,19,false,0,false,1425.0,0.0.3
1370568200616,1fa7a37e07face426a6190896266ce6d,50,4,true,75,false,1425.0,0.0.3
1370568200616,26e6632ab06914c82e82a53ee2ae5f66,150,0,false,0,false,1425.0,0.0.3
1370568200616,203d4803edbbf3b9b14d9be7c6ae0781,80,1,false,0,false,1425.0,0.0.3
1370568200616,1d8f52c3bf648fbd55d88118f62a3582,60,2,false,0,false,1425.0,0.0.3
1370568799821,79137ab74a4f6b66838ce71c844a7453,5,1,false,0,false,1375.0,0.0.3
1370568799821,0ea08dce5eea14e983af74b858a81955,28,3,true,100,false,1375.0,0.0.3
1370568799821,8a33cb77cf999abaaf27b3256f7b8011,29,0,false,0,false,1375.0,0.0.3
1370568799821,0a987daf7f18ad452668370341c26adf,30,5,true,100,false,1375.0,0.0.3
1370568799821,eccae579fe8fc42f26f02a7600aa2c7f,35,18,false,0,false,1375.0,0.0.3
1370568799821,1fa7a37e07face426a6190896266ce6d,50,4,true,75,false,1375.0,0.0.3
1370568799821,1d8f52c3bf648fbd55d88118f62a3582,60,2,false,0,false,1375.0,0.0.3
1370568799821,203d4803edbbf3b9b14d9be7c6ae0781,80,1,false,0,false,1375.0,0.0.3
1370568799821,26e6632ab06914c82e82a53ee2ae5f66,150,0,false,0,false,1375.0,0.0.3
1370569401495,79137ab74a4f6b66838ce71c844a7453,5,1,false,0,false,1325.0,0.0.3
1370569401495,0ea08dce5eea14e983af74b858a81955,28,3,true,100,false,1325.0,0.0.3
1370569401495,8a33cb77cf999abaaf27b3256f7b8011,29,0,false,0,false,1325.0,0.0.3
1370569401495,0a987daf7f18ad452668370341c26adf,30,5,true,100,false,1325.0,0.0.3
1370569401495,eccae579fe8fc42f26f02a7600aa2c7f,35,17,false,0,false,1325.0,0.0.3
1370569401495,1fa7a37e07face426a6190896266ce6d,50,4,true,75,false,1325.0,0.0.3
1370569401495,1d8f52c3bf648fbd55d88118f62a3582,60,2,false,0,false,1325.0,0.0.3
1370569401495,203d4803edbbf3b9b14d9be7c6ae0781,80,1,false,0,false,1325.0,0.0.3
1370569401495,26e6632ab06914c82e82a53ee2ae5f66,150,0,false,0,false,1325.0,0.0.3
1370572401862,79137ab74a4f6b66838ce71c844a7453,5,1,false,0,false,1400.0,0.0.3
1370572401862,0ea08dce5eea14e983af74b858a81955,28,3,true,100,false,1400.0,0.0.3
1370572401862,8a33cb77cf999abaaf27b3256f7b8011,29,0,false,0,false,1400.0,0.0.3
1370572401862,0a987daf7f18ad452668370341c26adf,30,5,true,100,false,1400.0,0.0.3
1370572401862,eccae579fe8fc42f26f02a7600aa2c7f,35,17,false,0,false,1400.0,0.0.3
1370572401862,1fa7a37e07face426a6190896266ce6d,50,4,true,75,false,1400.0,0.0.3
1370572401862,1d8f52c3bf648fbd55d88118f62a3582,60,3,false,0,false,1400.0,0.0.3
1370572401862,203d4803edbbf3b9b14d9be7c6ae0781,80,1,false,0,false,1400.0,0.0.3
1370572401862,26e6632ab06914c82e82a53ee2ae5f66,150,0,false,0,false,1400.0,0.0.3
1370577201746,79137ab74a4f6b66838ce71c844a7453,5,1,false,0,false,1475.0,0.0.3
1370577201746,0ea08dce5eea14e983af74b858a81955,28,3,true,100,false,1475.0,0.0.3
1370577201746,8a33cb77cf999abaaf27b3256f7b8011,29,0,false,0,false,1475.0,0.0.3
1370577201746,0a987daf7f18ad452668370341c26adf,30,5,true,100,false,1475.0,0.0.3
1370577201746,eccae579fe8fc42f26f02a7600aa2c7f,35,17,false,0,false,1475.0,0.0.3
1370577201746,1fa7a37e07face426a6190896266ce6d,50,4,true,75,false,1475.0,0.0.3
1370577201746,1d8f52c3bf648fbd55d88118f62a3582,60,4,false,0,false,1475.0,0.0.3
1370577201746,203d4803edbbf3b9b14d9be7c6ae0781,80,1,false,0,false,1475.0,0.0.3
1370577201746,26e6632ab06914c82e82a53ee2ae5f66,150,0,false,0,false,1475.0,0.0.3
1370580804333,0ea08dce5eea14e983af74b858a81955,28,3,true,100,false,1435.0,0.0.3
1370580804333,0a987daf7f18ad452668370341c26adf,30,5,true,100,false,1435.0,0.0.3
1370580804333,8a33cb77cf999abaaf27b3256f7b8011,29,0,false,0,false,1435.0,0.0.3
1370580804333,eccae579fe8fc42f26f02a7600aa2c7f,35,16,false,0,false,1435.0,0.0.3
1370580804333,1fa7a37e07face426a6190896266ce6d,50,4,true,75,false,1435.0,0.0.3
1370580804333,79137ab74a4f6b66838ce71c844a7453,5,1,false,0,false,1435.0,0.0.3
1370580804333,1d8f52c3bf648fbd55d88118f62a3582,60,4,false,0,false,1435.0,0.0.3
1370580804333,203d4803edbbf3b9b14d9be7c6ae0781,80,1,false,0,false,1435.0,0.0.3
1370580804333,26e6632ab06914c82e82a53ee2ae5f66,150,0,false,0,false,1435.0,0.0.3
1370587406552,79137ab74a4f6b66838ce71c844a7453,5,1,false,0,false,1400.0,0.0.3
1370587406552,0ea08dce5eea14e983af74b858a81955,28,3,true,100,false,1400.0,0.0.3
1370587406552,8a33cb77cf999abaaf27b3256f7b8011,29,0,false,0,false,1400.0,0.0.3
1370587406552,0a987daf7f18ad452668370341c26adf,30,5,true,100,false,1400.0,0.0.3
1370587406552,eccae579fe8fc42f26f02a7600aa2c7f,35,15,false,0,false,1400.0,0.0.3
1370587406552,1fa7a37e07face426a6190896266ce6d,50,4,true,75,false,1400.0,0.0.3
1370587406552,1d8f52c3bf648fbd55d88118f62a3582,60,4,false,0,false,1400.0,0.0.3
1370587406552,203d4803edbbf3b9b14d9be7c6ae0781,80,1,false,0,false,1400.0,0.0.3
1370587406552,26e6632ab06914c82e82a53ee2ae5f66,150,0,false,0,false,1400.0,0.0.3
1370592207953,0ea08dce5eea14e983af74b858a81955,28,3,true,100,false,1430.0,0.0.3
1370592207953,8a33cb77cf999abaaf27b3256f7b8011,29,0,false,0,false,1430.0,0.0.3
1370592207953,0a987daf7f18ad452668370341c26adf,30,6,true,100,false,1430.0,0.0.3
1370592207953,79137ab74a4f6b66838ce71c844a7453,5,1,false,0,false,1430.0,0.0.3
1370592207953,eccae579fe8fc42f26f02a7600aa2c7f,35,15,false,0,false,1430.0,0.0.3
1370592207953,1fa7a37e07face426a6190896266ce6d,50,4,true,75,false,1430.0,0.0.3
1370592207953,1d8f52c3bf648fbd55d88118f62a3582,60,4,false,0,false,1430.0,0.0.3
1370592207953,203d4803edbbf3b9b14d9be7c6ae0781,80,1,false,0,false,1430.0,0.0.3
1370592207953,26e6632ab06914c82e82a53ee2ae5f66,150,0,false,0,false,1430.0,0.0.3
1370595808530,0ea08dce5eea14e983af74b858a81955,28,3,true,100,false,1480.0,0.0.3
1370595808530,0a987daf7f18ad452668370341c26adf,30,6,true,100,false,1480.0,0.0.3
1370595808530,1fa7a37e07face426a6190896266ce6d,50,4,true,75,false,1480.0,0.0.3
1370595808530,8a33cb77cf999abaaf27b3256f7b8011,29,0,false,0,false,1480.0,0.0.3
1370595808530,eccae579fe8fc42f26f02a7600aa2c7f,35,16,false,0,false,1480.0,0.0.3
1370595808530,1d8f52c3bf648fbd55d88118f62a3582,60,4,false,0,false,1480.0,0.0.3
1370595808530,79137ab74a4f6b66838ce71c844a7453,5,1,false,0,false,1480.0,0.0.3
1370595808530,203d4803edbbf3b9b14d9be7c6ae0781,80,1,false,0,false,1480.0,0.0.3
1370595808530,26e6632ab06914c82e82a53ee2ae5f66,150,0,false,0,false,1480.0,0.0.3
1370607813849,79137ab74a4f6b66838ce71c844a7453,5,1,false,0,false,1515.0,0.0.3
1370607813849,0ea08dce5eea14e983af74b858a81955,28,3,true,100,false,1515.0,0.0.3
1370607813849,8a33cb77cf999abaaf27b3256f7b8011,29,0,false,0,false,1515.0,0.0.3
1370607813849,0a987daf7f18ad452668370341c26adf,30,6,true,100,false,1515.0,0.0.3
1370607813849,eccae579fe8fc42f26f02a7600aa2c7f,35,17,false,0,false,1515.0,0.0.3
1370607813849,1fa7a37e07face426a6190896266ce6d,50,4,true,75,false,1515.0,0.0.3
1370607813849,1d8f52c3bf648fbd55d88118f62a3582,60,4,false,0,false,1515.0,0.0.3
1370607813849,203d4803edbbf3b9b14d9be7c6ae0781,80,1,false,0,false,1515.0,0.0.3
1370607813849,26e6632ab06914c82e82a53ee2ae5f66,150,0,false,0,false,1515.0,0.0.3
1370610217198,8a33cb77cf999abaaf27b3256f7b8011,29,0,false,0,false,1550.0,0.0.3
1370610217198,0ea08dce5eea14e983af74b858a81955,28,3,true,100,false,1550.0,0.0.3
1370610217198,0a987daf7f18ad452668370341c26adf,30,6,true,100,false,1550.0,0.0.3
1370610217198,79137ab74a4f6b66838ce71c844a7453,5,1,false,0,false,1550.0,0.0.3
1370610217198,eccae579fe8fc42f26f02a7600aa2c7f,35,18,false,0,false,1550.0,0.0.3
1370610217198,1fa7a37e07face426a6190896266ce6d,50,4,true,75,false,1550.0,0.0.3
1370610217198,1d8f52c3bf648fbd55d88118f62a3582,60,4,false,0,false,1550.0,0.0.3
1370610217198,203d4803edbbf3b9b14d9be7c6ae0781,80,1,false,0,false,1550.0,0.0.3
1370610217198,26e6632ab06914c82e82a53ee2ae5f66,150,0,false,0,false,1550.0,0.0.3
1370610813593,79137ab74a4f6b66838ce71c844a7453,5,1,false,0,false,1590.0,0.0.3
1370610813593,0ea08dce5eea14e983af74b858a81955,28,3,true,100,false,1590.0,0.0.3
1370610813593,8a33cb77cf999abaaf27b3256f7b8011,29,0,false,0,false,1590.0,0.0.3
1370610813593,0a987daf7f18ad452668370341c26adf,30,6,true,100,false,1590.0,0.0.3
1370610813593,eccae579fe8fc42f26f02a7600aa2c7f,35,19,false,0,false,1590.0,0.0.3
1370610813593,1fa7a37e07face426a6190896266ce6d,50,4,true,75,false,1590.0,0.0.3
1370610813593,1d8f52c3bf648fbd55d88118f62a3582,60,4,false,0,false,1590.0,0.0.3
1370610813593,203d4803edbbf3b9b14d9be7c6ae0781,80,1,false,0,false,1590.0,0.0.3
1370610813593,26e6632ab06914c82e82a53ee2ae5f66,150,0,false,0,false,1590.0,0.0.3
1370613817910,79137ab74a4f6b66838ce71c844a7453,5,1,false,0,false,1625.0,0.0.3
1370613817910,0ea08dce5eea14e983af74b858a81955,28,3,true,100,false,1625.0,0.0.3
1370613817910,8a33cb77cf999abaaf27b3256f7b8011,29,0,false,0,false,1625.0,0.0.3
1370613817910,0a987daf7f18ad452668370341c26adf,30,6,true,100,false,1625.0,0.0.3
1370613817910,eccae579fe8fc42f26f02a7600aa2c7f,35,20,false,0,false,1625.0,0.0.3
1370613817910,1fa7a37e07face426a6190896266ce6d,50,4,true,75,false,1625.0,0.0.3
1370613817910,1d8f52c3bf648fbd55d88118f62a3582,60,4,false,0,false,1625.0,0.0.3
1370613817910,203d4803edbbf3b9b14d9be7c6ae0781,80,1,false,0,false,1625.0,0.0.3
1370613817910,26e6632ab06914c82e82a53ee2ae5f66,150,0,false,0,false,1625.0,0.0.3
1370616815692,79137ab74a4f6b66838ce71c844a7453,5,2,false,0,false,1680.0,0.0.3
1370616815692,0a987daf7f18ad452668370341c26adf,30,6,true,100,false,1680.0,0.0.3
1370616815692,eccae579fe8fc42f26f02a7600aa2c7f,35,21,false,0,false,1680.0,0.0.3
1370616815692,8a33cb77cf999abaaf27b3256f7b8011,29,0,false,0,false,1680.0,0.0.3
1370616815692,1fa7a37e07face426a6190896266ce6d,50,4,true,75,false,1680.0,0.0.3
1370616815692,1d8f52c3bf648fbd55d88118f62a3582,60,4,false,0,false,1680.0,0.0.3
1370616815692,0ea08dce5eea14e983af74b858a81955,28,3,true,100,false,1680.0,0.0.3
1370616815692,203d4803edbbf3b9b14d9be7c6ae0781,80,1,false,0,false,1680.0,0.0.3
1370616815692,26e6632ab06914c82e82a53ee2ae5f66,150,0,false,0,false,1680.0,0.0.3
1370627028045,8a33cb77cf999abaaf27b3256f7b8011,29,0,false,0,false,1681.0,0.0.3
1370627028045,0a987daf7f18ad452668370341c26adf,30,6,true,100,false,1681.0,0.0.3
1370627028045,79137ab74a4f6b66838ce71c844a7453,5,2,false,0,false,1681.0,0.0.3
1370627028045,eccae579fe8fc42f26f02a7600aa2c7f,35,21,false,0,false,1681.0,0.0.3
1370627028045,0ea08dce5eea14e983af74b858a81955,28,3,true,100,false,1681.0,0.0.3
1370627028045,1fa7a37e07face426a6190896266ce6d,50,4,true,75,false,1681.0,0.0.3
1370627028045,1d8f52c3bf648fbd55d88118f62a3582,60,4,false,0,false,1681.0,0.0.3
1370627028045,203d4803edbbf3b9b14d9be7c6ae0781,80,1,false,0,false,1681.0,0.0.3
1370627028045,26e6632ab06914c82e82a53ee2ae5f66,150,0,false,0,false,1681.0,0.0.3
1370628825587,79137ab74a4f6b66838ce71c844a7453,5,2,false,0,false,1716.0,0.0.3
1370628825587,0a987daf7f18ad452668370341c26adf,30,6,true,100,false,1716.0,0.0.3
1370628825587,0ea08dce5eea14e983af74b858a81955,28,3,true,100,false,1716.0,0.0.3
1370628825587,eccae579fe8fc42f26f02a7600aa2c7f,35,22,false,0,false,1716.0,0.0.3
1370628825587,8a33cb77cf999abaaf27b3256f7b8011,29,0,false,0,false,1716.0,0.0.3
1370628825587,1fa7a37e07face426a6190896266ce6d,50,4,true,75,false,1716.0,0.0.3
1370628825587,1d8f52c3bf648fbd55d88118f62a3582,60,4,false,0,false,1716.0,0.0.3
1370628825587,203d4803edbbf3b9b14d9be7c6ae0781,80,1,false,0,false,1716.0,0.0.3
1370628825587,26e6632ab06914c82e82a53ee2ae5f66,150,0,false,0,false,1716.0,0.0.3
1370631224837,79137ab74a4f6b66838ce71c844a7453,5,2,false,0,false,1751.0,0.0.3
1370631224837,8a33cb77cf999abaaf27b3256f7b8011,29,0,false,0,false,1751.0,0.0.3
1370631224837,0a987daf7f18ad452668370341c26adf,30,6,true,100,false,1751.0,0.0.3
1370631224837,eccae579fe8fc42f26f02a7600aa2c7f,35,23,false,0,false,1751.0,0.0.3
1370631224837,0ea08dce5eea14e983af74b858a81955,28,3,true,100,false,1751.0,0.0.3
1370631224837,1fa7a37e07face426a6190896266ce6d,50,4,true,75,false,1751.0,0.0.3
1370631224837,1d8f52c3bf648fbd55d88118f62a3582,60,4,false,0,false,1751.0,0.0.3
1370631224837,203d4803edbbf3b9b14d9be7c6ae0781,80,1,false,0,false,1751.0,0.0.3
1370631224837,26e6632ab06914c82e82a53ee2ae5f66,150,0,false,0,false,1751.0,0.0.3
1370634234478,79137ab74a4f6b66838ce71c844a7453,5,2,false,0,false,1851.0,0.0.3
1370634234478,0ea08dce5eea14e983af74b858a81955,28,3,true,100,false,1851.0,0.0.3
1370634234478,8a33cb77cf999abaaf27b3256f7b8011,29,0,false,0,false,1851.0,0.0.3
1370634234478,0a987daf7f18ad452668370341c26adf,30,6,true,100,false,1851.0,0.0.3
1370634234478,eccae579fe8fc42f26f02a7600aa2c7f,35,24,false,0,false,1851.0,0.0.3
1370634234478,1fa7a37e07face426a6190896266ce6d,50,5,true,75,false,1851.0,0.0.3
1370634234478,1d8f52c3bf648fbd55d88118f62a3582,60,4,false,0,false,1851.0,0.0.3
1370634234478,203d4803edbbf3b9b14d9be7c6ae0781,80,1,false,0,false,1851.0,0.0.3
1370634234478,26e6632ab06914c82e82a53ee2ae5f66,150,0,false,0,false,1851.0,0.0.3
1370637229095,0ea08dce5eea14e983af74b858a81955,28,3,true,100,false,1931.0,0.0.3
1370637229095,0a987daf7f18ad452668370341c26adf,30,6,true,100,false,1931.0,0.0.3
1370637229095,eccae579fe8fc42f26f02a7600aa2c7f,35,24,false,0,false,1931.0,0.0.3
1370637229095,8a33cb77cf999abaaf27b3256f7b8011,29,0,false,0,false,1931.0,0.0.3
1370637229095,1fa7a37e07face426a6190896266ce6d,50,5,true,75,false,1931.0,0.0.3
1370637229095,1d8f52c3bf648fbd55d88118f62a3582,60,4,false,0,false,1931.0,0.0.3
1370637229095,79137ab74a4f6b66838ce71c844a7453,5,2,false,0,false,1931.0,0.0.3
1370637229095,203d4803edbbf3b9b14d9be7c6ae0781,80,2,false,0,false,1931.0,0.0.3
1370637229095,26e6632ab06914c82e82a53ee2ae5f66,150,0,false,0,false,1931.0,0.0.3
1370642637756,79137ab74a4f6b66838ce71c844a7453,5,2,false,0,false,1966.0,0.0.3
1370642637756,0ea08dce5eea14e983af74b858a81955,28,3,true,100,false,1966.0,0.0.3
1370642637756,0a987daf7f18ad452668370341c26adf,30,6,true,100,false,1966.0,0.0.3
1370642637756,8a33cb77cf999abaaf27b3256f7b8011,29,0,false,0,false,1966.0,0.0.3
1370642637756,1fa7a37e07face426a6190896266ce6d,50,5,true,75,false,1966.0,0.0.3
1370642637756,eccae579fe8fc42f26f02a7600aa2c7f,35,25,false,0,false,1966.0,0.0.3
1370642637756,1d8f52c3bf648fbd55d88118f62a3582,60,4,false,0,false,1966.0,0.0.3
1370642637756,203d4803edbbf3b9b14d9be7c6ae0781,80,2,false,0,false,1966.0,0.0.3
1370642637756,26e6632ab06914c82e82a53ee2ae5f66,150,0,false,0,false,1966.0,0.0.3
1370651040348,0ea08dce5eea14e983af74b858a81955,28,3,true,100,false,2006.0,0.0.3
1370651040348,8a33cb77cf999abaaf27b3256f7b8011,29,0,false,0,false,2006.0,0.0.3
1370651040348,0a987daf7f18ad452668370341c26adf,30,6,true,100,false,2006.0,0.0.3
1370651040348,eccae579fe8fc42f26f02a7600aa2c7f,35,26,false,0,false,2006.0,0.0.3
1370651040348,1fa7a37e07face426a6190896266ce6d,50,5,true,75,false,2006.0,0.0.3
1370651040348,1d8f52c3bf648fbd55d88118f62a3582,60,4,false,0,false,2006.0,0.0.3
1370651040348,203d4803edbbf3b9b14d9be7c6ae0781,80,2,false,0,false,2006.0,0.0.3
1370651040348,26e6632ab06914c82e82a53ee2ae5f66,150,0,false,0,false,2006.0,0.0.3
1370651040348,79137ab74a4f6b66838ce71c844a7453,5,2,false,0,false,2006.0,0.0.3
1370660642879,0ea08dce5eea14e983af74b858a81955,28,3,true,100,false,2041.0,0.0.3
1370660642879,79137ab74a4f6b66838ce71c844a7453,5,2,false,0,false,2041.0,0.0.3
1370660642879,8a33cb77cf999abaaf27b3256f7b8011,29,0,false,0,false,2041.0,0.0.3
1370660642879,0a987daf7f18ad452668370341c26adf,30,6,true,100,false,2041.0,0.0.3
1370660642879,eccae579fe8fc42f26f02a7600aa2c7f,35,27,false,0,false,2041.0,0.0.3
1370660642879,1fa7a37e07face426a6190896266ce6d,50,5,true,75,false,2041.0,0.0.3
1370660642879,203d4803edbbf3b9b14d9be7c6ae0781,80,2,false,0,false,2041.0,0.0.3
1370660642879,1d8f52c3bf648fbd55d88118f62a3582,60,4,false,0,false,2041.0,0.0.3
1370660642879,26e6632ab06914c82e82a53ee2ae5f66,150,0,false,0,false,2041.0,0.0.3
1370666650400,79137ab74a4f6b66838ce71c844a7453,5,2,false,0,false,2006.0,0.0.3
1370666650400,0ea08dce5eea14e983af74b858a81955,28,3,true,100,false,2006.0,0.0.3
1370666650400,8a33cb77cf999abaaf27b3256f7b8011,29,0,false,0,false,2006.0,0.0.3
1370666650400,0a987daf7f18ad452668370341c26adf,30,6,true,100,false,2006.0,0.0.3
1370666650400,eccae579fe8fc42f26f02a7600aa2c7f,35,26,false,0,false,2006.0,0.0.3
1370666650400,1fa7a37e07face426a6190896266ce6d,50,5,true,75,false,2006.0,0.0.3
1370666650400,1d8f52c3bf648fbd55d88118f62a3582,60,4,false,0,false,2006.0,0.0.3
1370666650400,203d4803edbbf3b9b14d9be7c6ae0781,80,2,false,0,false,2006.0,0.0.3
1370666650400,26e6632ab06914c82e82a53ee2ae5f66,150,0,false,0,false,2006.0,0.0.3
1370690658212,0ea08dce5eea14e983af74b858a81955,28,2,true,100,false,1978.0,0.0.3
1370690658212,79137ab74a4f6b66838ce71c844a7453,5,2,false,0,false,1978.0,0.0.3
1370690658212,8a33cb77cf999abaaf27b3256f7b8011,29,0,false,0,false,1978.0,0.0.3
1370690658212,eccae579fe8fc42f26f02a7600aa2c7f,35,26,false,0,false,1978.0,0.0.3
1370690658212,0a987daf7f18ad452668370341c26adf,30,6,true,100,false,1978.0,0.0.3
1370690658212,1fa7a37e07face426a6190896266ce6d,50,5,true,75,false,1978.0,0.0.3
1370690658212,1d8f52c3bf648fbd55d88118f62a3582,60,4,false,0,false,1978.0,0.0.3
1370690658212,26e6632ab06914c82e82a53ee2ae5f66,150,0,false,0,false,1978.0,0.0.3
1370690658212,203d4803edbbf3b9b14d9be7c6ae0781,80,2,false,0,false,1978.0,0.0.3
1370724272351,79137ab74a4f6b66838ce71c844a7453,5,2,false,0,false,2028.0,0.0.3
1370724272351,0ea08dce5eea14e983af74b858a81955,28,2,true,100,false,2028.0,0.0.3
1370724272351,8a33cb77cf999abaaf27b3256f7b8011,29,0,false,0,false,2028.0,0.0.3
1370724272351,1d8f52c3bf648fbd55d88118f62a3582,60,4,false,0,false,2028.0,0.0.3
1370724272351,1fa7a37e07face426a6190896266ce6d,50,5,true,75,false,2028.0,0.0.3
1370724272351,203d4803edbbf3b9b14d9be7c6ae0781,80,2,false,0,false,2028.0,0.0.3
1370724272351,26e6632ab06914c82e82a53ee2ae5f66,150,0,false,0,false,2028.0,0.0.3
1370724272351,0a987daf7f18ad452668370341c26adf,30,6,true,100,false,2028.0,0.0.3
1370724272351,eccae579fe8fc42f26f02a7600aa2c7f,35,27,false,0,false,2028.0,0.0.3
1370728476607,0ea08dce5eea14e983af74b858a81955,28,2,true,100,false,2058.0,0.0.3
1370728476607,8a33cb77cf999abaaf27b3256f7b8011,29,0,false,0,false,2058.0,0.0.3
1370728476607,0a987daf7f18ad452668370341c26adf,30,7,true,100,false,2058.0,0.0.3
1370728476607,79137ab74a4f6b66838ce71c844a7453,5,2,false,0,false,2058.0,0.0.3
1370728476607,eccae579fe8fc42f26f02a7600aa2c7f,35,27,false,0,false,2058.0,0.0.3
1370728476607,1fa7a37e07face426a6190896266ce6d,50,5,true,75,false,2058.0,0.0.3
1370728476607,1d8f52c3bf648fbd55d88118f62a3582,60,4,false,0,false,2058.0,0.0.3
1370728476607,203d4803edbbf3b9b14d9be7c6ae0781,80,2,false,0,false,2058.0,0.0.3
1370728476607,26e6632ab06914c82e82a53ee2ae5f66,150,0,false,0,false,2058.0,0.0.3
1370735688604,79137ab74a4f6b66838ce71c844a7453,5,2,false,0,false,2088.0,0.0.3
1370735688604,0ea08dce5eea14e983af74b858a81955,28,2,true,100,false,2088.0,0.0.3
1370735688604,8a33cb77cf999abaaf27b3256f7b8011,29,0,false,0,false,2088.0,0.0.3
1370735688604,0a987daf7f18ad452668370341c26adf,30,8,true,100,false,2088.0,0.0.3
1370735688604,eccae579fe8fc42f26f02a7600aa2c7f,35,27,false,0,false,2088.0,0.0.3
1370735688604,1fa7a37e07face426a6190896266ce6d,50,5,true,75,false,2088.0,0.0.3
1370735688604,1d8f52c3bf648fbd55d88118f62a3582,60,4,false,0,false,2088.0,0.0.3
1370735688604,203d4803edbbf3b9b14d9be7c6ae0781,80,2,false,0,false,2088.0,0.0.3
1370735688604,26e6632ab06914c82e82a53ee2ae5f66,150,0,false,0,false,2088.0,0.0.3
1370749482264,79137ab74a4f6b66838ce71c844a7453,5,2,false,0,false,2123.0,0.0.3
1370749482264,0ea08dce5eea14e983af74b858a81955,28,2,true,100,false,2123.0,0.0.3
1370749482264,8a33cb77cf999abaaf27b3256f7b8011,29,0,false,0,false,2123.0,0.0.3
1370749482264,eccae579fe8fc42f26f02a7600aa2c7f,35,28,false,0,false,2123.0,0.0.3
1370749482264,0a987daf7f18ad452668370341c26adf,30,8,true,100,false,2123.0,0.0.3
1370749482264,1fa7a37e07face426a6190896266ce6d,50,5,true,75,false,2123.0,0.0.3
1370749482264,1d8f52c3bf648fbd55d88118f62a3582,60,4,false,0,false,2123.0,0.0.3
1370749482264,203d4803edbbf3b9b14d9be7c6ae0781,80,2,false,0,false,2123.0,0.0.3
1370749482264,26e6632ab06914c82e82a53ee2ae5f66,150,0,false,0,false,2123.0,0.0.3
1370789096449,79137ab74a4f6b66838ce71c844a7453,5,2,false,0,false,2158.0,0.0.3
1370789096449,0ea08dce5eea14e983af74b858a81955,28,2,true,100,false,2158.0,0.0.3
1370789096449,8a33cb77cf999abaaf27b3256f7b8011,29,0,false,0,false,2158.0,0.0.3
1370789096449,0a987daf7f18ad452668370341c26adf,30,8,true,100,false,2158.0,0.0.3
1370789096449,eccae579fe8fc42f26f02a7600aa2c7f,35,29,false,0,false,2158.0,0.0.3
1370789096449,1fa7a37e07face426a6190896266ce6d,50,5,true,75,false,2158.0,0.0.3
1370789096449,1d8f52c3bf648fbd55d88118f62a3582,60,4,false,0,false,2158.0,0.0.3
1370789096449,203d4803edbbf3b9b14d9be7c6ae0781,80,2,false,0,false,2158.0,0.0.3
1370789096449,26e6632ab06914c82e82a53ee2ae5f66,150,0,false,0,false,2158.0,0.0.3
1370814315532,79137ab74a4f6b66838ce71c844a7453,5,2,false,0,false,2223.0,0.0.3
1370814315532,0a987daf7f18ad452668370341c26adf,30,8,true,100,false,2223.0,0.0.3
1370814315532,eccae579fe8fc42f26f02a7600aa2c7f,35,29,false,0,false,2223.0,0.0.3
1370814315532,8a33cb77cf999abaaf27b3256f7b8011,29,0,false,0,false,2223.0,0.0.3
1370814315532,1fa7a37e07face426a6190896266ce6d,50,6,true,75,false,2223.0,0.0.3
1370814315532,1d8f52c3bf648fbd55d88118f62a3582,60,4,false,0,false,2223.0,0.0.3
1370814315532,203d4803edbbf3b9b14d9be7c6ae0781,80,2,false,0,false,2223.0,0.0.3
1370814315532,26e6632ab06914c82e82a53ee2ae5f66,150,0,false,0,false,2223.0,0.0.3
1370814315532,0ea08dce5eea14e983af74b858a81955,28,2,true,100,false,2223.0,0.0.3
1370879735973,79137ab74a4f6b66838ce71c844a7453,5,2,false,0,false,2253.0,0.0.3
1370879735973,0a987daf7f18ad452668370341c26adf,30,9,true,100,false,2253.0,0.0.3
1370879735973,8a33cb77cf999abaaf27b3256f7b8011,29,0,false,0,false,2253.0,0.0.3
1370879735973,eccae579fe8fc42f26f02a7600aa2c7f,35,29,false,0,false,2253.0,0.0.3
1370879735973,1fa7a37e07face426a6190896266ce6d,50,6,true,75,false,2253.0,0.0.3
1370879735973,1d8f52c3bf648fbd55d88118f62a3582,60,4,false,0,false,2253.0,0.0.3
1370879735973,203d4803edbbf3b9b14d9be7c6ae0781,80,2,false,0,false,2253.0,0.0.3
1370879735973,0ea08dce5eea14e983af74b858a81955,28,2,true,100,false,2253.0,0.0.3
1370879735973,26e6632ab06914c82e82a53ee2ae5f66,150,0,false,0,false,2253.0,0.0.3
1370880935354,79137ab74a4f6b66838ce71c844a7453,5,2,false,0,false,2303.0,0.0.3
1370880935354,0ea08dce5eea14e983af74b858a81955,28,2,true,100,false,2303.0,0.0.3
1370880935354,8a33cb77cf999abaaf27b3256f7b8011,29,0,false,0,false,2303.0,0.0.3
1370880935354,0a987daf7f18ad452668370341c26adf,30,9,true,100,false,2303.0,0.0.3
1370880935354,eccae579fe8fc42f26f02a7600aa2c7f,35,29,false,0,false,2303.0,0.0.3
1370880935354,1fa7a37e07face426a6190896266ce6d,50,7,true,75,false,2303.0,0.0.3
1370880935354,203d4803edbbf3b9b14d9be7c6ae0781,80,2,false,0,false,2303.0,0.0.3
1370880935354,1d8f52c3bf648fbd55d88118f62a3582,60,4,false,0,false,2303.0,0.0.3
1370880935354,26e6632ab06914c82e82a53ee2ae5f66,150,0,false,0,false,2303.0,0.0.3
1370881238201,79137ab74a4f6b66838ce71c844a7453,5,2,false,0,false,2303.0,0.0.3
1370881238201,8a33cb77cf999abaaf27b3256f7b8011,29,0,false,0,false,2303.0,0.0.3
1370881238201,0a987daf7f18ad452668370341c26adf,30,9,true,100,false,2303.0,0.0.3
1370881238201,0ea08dce5eea14e983af74b858a81955,28,2,true,100,false,2303.0,0.0.3
1370881238201,eccae579fe8fc42f26f02a7600aa2c7f,35,29,false,0,false,2303.0,0.0.3
1370881238201,1fa7a37e07face426a6190896266ce6d,50,7,true,75,false,2303.0,0.0.3
1370881238201,1d8f52c3bf648fbd55d88118f62a3582,60,4,false,0,false,2303.0,0.0.3
1370881238201,203d4803edbbf3b9b14d9be7c6ae0781,80,2,false,0,false,2303.0,0.0.3
1370881238201,26e6632ab06914c82e82a53ee2ae5f66,150,0,false,0,false,2303.0,0.0.3
1370884843358,79137ab74a4f6b66838ce71c844a7453,5,2,false,0,false,2268.0,0.0.3
1370884843358,0a987daf7f18ad452668370341c26adf,30,9,true,100,false,2268.0,0.0.3
1370884843358,8a33cb77cf999abaaf27b3256f7b8011,29,0,false,0,false,2268.0,0.0.3
1370884843358,eccae579fe8fc42f26f02a7600aa2c7f,35,28,false,0,false,2268.0,0.0.3
1370884843358,1fa7a37e07face426a6190896266ce6d,50,7,true,75,false,2268.0,0.0.3
1370884843358,1d8f52c3bf648fbd55d88118f62a3582,60,4,false,0,false,2268.0,0.0.3
1370884843358,0ea08dce5eea14e983af74b858a81955,28,2,true,100,false,2268.0,0.0.3
1370884843358,203d4803edbbf3b9b14d9be7c6ae0781,80,2,false,0,false,2268.0,0.0.3
1370884843358,26e6632ab06914c82e82a53ee2ae5f66,150,0,false,0,false,2268.0,0.0.3
1370913070352,79137ab74a4f6b66838ce71c844a7453,5,2,false,0,false,2267.0,0.0.3
1370913070352,8a33cb77cf999abaaf27b3256f7b8011,29,0,false,0,false,2267.0,0.0.3
1370913070352,0ea08dce5eea14e983af74b858a81955,28,2,true,100,false,2267.0,0.0.3
1370913070352,0a987daf7f18ad452668370341c26adf,30,9,true,100,false,2267.0,0.0.3
1370913070352,eccae579fe8fc42f26f02a7600aa2c7f,35,28,false,0,false,2267.0,0.0.3
1370913070352,1fa7a37e07face426a6190896266ce6d,50,7,true,75,false,2267.0,0.0.3
1370913070352,1d8f52c3bf648fbd55d88118f62a3582,60,4,false,0,false,2267.0,0.0.3
1370913070352,203d4803edbbf3b9b14d9be7c6ae0781,80,2,false,0,false,2267.0,0.0.3
1370913070352,26e6632ab06914c82e82a53ee2ae5f66,150,0,false,0,false,2267.0,0.0.3
1370921457650,79137ab74a4f6b66838ce71c844a7453,5,2,false,0,false,2232.0,0.0.3
1370921457650,0ea08dce5eea14e983af74b858a81955,28,2,true,100,false,2232.0,0.0.3
1370921457650,8a33cb77cf999abaaf27b3256f7b8011,29,0,false,0,false,2232.0,0.0.3
1370921457650,0a987daf7f18ad452668370341c26adf,30,9,true,100,false,2232.0,0.0.3
1370921457650,eccae579fe8fc42f26f02a7600aa2c7f,35,27,false,0,false,2232.0,0.0.3
1370921457650,1fa7a37e07face426a6190896266ce6d,50,7,true,75,false,2232.0,0.0.3
1370921457650,1d8f52c3bf648fbd55d88118f62a3582,60,4,false,0,false,2232.0,0.0.3
1370921457650,26e6632ab06914c82e82a53ee2ae5f66,150,0,false,0,false,2232.0,0.0.3
1370921457650,203d4803edbbf3b9b14d9be7c6ae0781,80,2,false,0,false,2232.0,0.0.3
1370923851559,79137ab74a4f6b66838ce71c844a7453,5,2,false,0,false,2260.0,0.0.3
1370923851559,0a987daf7f18ad452668370341c26adf,30,9,true,100,false,2260.0,0.0.3
1370923851559,1fa7a37e07face426a6190896266ce6d,50,7,true,75,false,2260.0,0.0.3
1370923851559,8a33cb77cf999abaaf27b3256f7b8011,29,0,false,0,false,2260.0,0.0.3
1370923851559,eccae579fe8fc42f26f02a7600aa2c7f,35,27,false,0,false,2260.0,0.0.3
1370923851559,1d8f52c3bf648fbd55d88118f62a3582,60,4,false,0,false,2260.0,0.0.3
1370923851559,203d4803edbbf3b9b14d9be7c6ae0781,80,2,false,0,false,2260.0,0.0.3
1370923851559,26e6632ab06914c82e82a53ee2ae5f66,150,0,false,0,false,2260.0,0.0.3
1370923851559,0ea08dce5eea14e983af74b858a81955,28,3,true,100,false,2260.0,0.0.3
1370931057105,8a33cb77cf999abaaf27b3256f7b8011,29,0,false,0,false,2295.0,0.0.3
1370931057105,79137ab74a4f6b66838ce71c844a7453,5,2,false,0,false,2295.0,0.0.3
1370931057105,0a987daf7f18ad452668370341c26adf,30,9,true,100,false,2295.0,0.0.3
1370931057105,eccae579fe8fc42f26f02a7600aa2c7f,35,28,false,0,false,2295.0,0.0.3
1370931057105,1fa7a37e07face426a6190896266ce6d,50,7,true,75,false,2295.0,0.0.3
1370931057105,1d8f52c3bf648fbd55d88118f62a3582,60,4,false,0,false,2295.0,0.0.3
1370931057105,203d4803edbbf3b9b14d9be7c6ae0781,80,2,false,0,false,2295.0,0.0.3
1370931057105,26e6632ab06914c82e82a53ee2ae5f66,150,0,false,0,false,2295.0,0.0.3
1370931057105,0ea08dce5eea14e983af74b858a81955,28,3,true,100,false,2295.0,0.0.3
1370937066482,79137ab74a4f6b66838ce71c844a7453,5,2,false,0,false,2345.0,0.0.3
1370937066482,0ea08dce5eea14e983af74b858a81955,28,3,true,100,false,2345.0,0.0.3
1370937066482,8a33cb77cf999abaaf27b3256f7b8011,29,0,false,0,false,2345.0,0.0.3
1370937066482,0a987daf7f18ad452668370341c26adf,30,9,true,100,false,2345.0,0.0.3
1370937066482,eccae579fe8fc42f26f02a7600aa2c7f,35,29,false,0,false,2345.0,0.0.3
1370937066482,1fa7a37e07face426a6190896266ce6d,50,7,true,75,false,2345.0,0.0.3
1370937066482,1d8f52c3bf648fbd55d88118f62a3582,60,4,false,0,false,2345.0,0.0.3
1370937066482,203d4803edbbf3b9b14d9be7c6ae0781,80,2,false,0,false,2345.0,0.0.3
1370937066482,26e6632ab06914c82e82a53ee2ae5f66,150,0,false,0,false,2345.0,0.0.3
1370948458602,79137ab74a4f6b66838ce71c844a7453,5,2,false,0,false,2375.0,0.0.3
1370948458602,0ea08dce5eea14e983af74b858a81955,28,3,true,100,false,2375.0,0.0.3
1370948458602,8a33cb77cf999abaaf27b3256f7b8011,29,0,false,0,false,2375.0,0.0.3
1370948458602,0a987daf7f18ad452668370341c26adf,30,10,true,100,false,2375.0,0.0.3
1370948458602,eccae579fe8fc42f26f02a7600aa2c7f,35,29,false,0,false,2375.0,0.0.3
1370948458602,1fa7a37e07face426a6190896266ce6d,50,7,true,75,false,2375.0,0.0.3
1370948458602,1d8f52c3bf648fbd55d88118f62a3582,60,4,false,0,false,2375.0,0.0.3
1370948458602,203d4803edbbf3b9b14d9be7c6ae0781,80,2,false,0,false,2375.0,0.0.3
1370948458602,26e6632ab06914c82e82a53ee2ae5f66,150,0,false,0,false,2375.0,0.0.3
1370949057525,0ea08dce5eea14e983af74b858a81955,28,3,true,100,false,2405.0,0.0.3
1370949057525,0a987daf7f18ad452668370341c26adf,30,11,true,100,false,2405.0,0.0.3
1370949057525,8a33cb77cf999abaaf27b3256f7b8011,29,0,false,0,false,2405.0,0.0.3
1370949057525,eccae579fe8fc42f26f02a7600aa2c7f,35,29,false,0,false,2405.0,0.0.3
1370949057525,1fa7a37e07face426a6190896266ce6d,50,7,true,75,false,2405.0,0.0.3
1370949057525,203d4803edbbf3b9b14d9be7c6ae0781,80,2,false,0,false,2405.0,0.0.3
1370949057525,1d8f52c3bf648fbd55d88118f62a3582,60,4,false,0,false,2405.0,0.0.3
1370949057525,26e6632ab06914c82e82a53ee2ae5f66,150,0,false,0,false,2405.0,0.0.3
1370949057525,79137ab74a4f6b66838ce71c844a7453,5,2,false,0,false,2405.0,0.0.3
1370967686840,79137ab74a4f6b66838ce71c844a7453,5,2,false,0,false,2445.0,0.0.3
1370967686840,8a33cb77cf999abaaf27b3256f7b8011,29,0,false,0,false,2445.0,0.0.3
1370967686840,eccae579fe8fc42f26f02a7600aa2c7f,35,30,false,0,false,2445.0,0.0.3
1370967686840,0a987daf7f18ad452668370341c26adf,30,11,true,100,false,2445.0,0.0.3
1370967686840,1fa7a37e07face426a6190896266ce6d,50,7,true,75,false,2445.0,0.0.3
1370967686840,1d8f52c3bf648fbd55d88118f62a3582,60,4,false,0,false,2445.0,0.0.3
1370967686840,0ea08dce5eea14e983af74b858a81955,28,3,true,100,false,2445.0,0.0.3
1370967686840,203d4803edbbf3b9b14d9be7c6ae0781,80,2,false,0,false,2445.0,0.0.3
1370967686840,26e6632ab06914c82e82a53ee2ae5f66,150,0,false,0,false,2445.0,0.0.3
1371037325547,79137ab74a4f6b66838ce71c844a7453,5,2,false,0,false,2450.0,0.0.3
1371037325547,0ea08dce5eea14e983af74b858a81955,28,3,true,100,false,2450.0,0.0.3
1371037325547,8a33cb77cf999abaaf27b3256f7b8011,29,0,false,0,false,2450.0,0.0.3
1371037325547,0a987daf7f18ad452668370341c26adf,30,11,true,100,false,2450.0,0.0.3
1371037325547,eccae579fe8fc42f26f02a7600aa2c7f,35,30,false,0,false,2450.0,0.0.3
1371037325547,1fa7a37e07face426a6190896266ce6d,50,8,true,75,false,2450.0,0.0.3
1371037325547,1d8f52c3bf648fbd55d88118f62a3582,60,4,false,0,false,2450.0,0.0.3
1371037325547,203d4803edbbf3b9b14d9be7c6ae0781,80,2,false,0,false,2450.0,0.0.3
1371037325547,26e6632ab06914c82e82a53ee2ae5f66,150,0,false,0,false,2450.0,0.0.3
1371042121649,79137ab74a4f6b66838ce71c844a7453,5,2,false,0,false,2485.0,0.0.3
1371042121649,0ea08dce5eea14e983af74b858a81955,28,3,true,100,false,2485.0,0.0.3
1371042121649,0a987daf7f18ad452668370341c26adf,30,11,true,100,false,2485.0,0.0.3
1371042121649,8a33cb77cf999abaaf27b3256f7b8011,29,0,false,0,false,2485.0,0.0.3
1371042121649,eccae579fe8fc42f26f02a7600aa2c7f,35,31,false,0,false,2485.0,0.0.3
1371042121649,1fa7a37e07face426a6190896266ce6d,50,8,true,75,false,2485.0,0.0.3
1371042121649,1d8f52c3bf648fbd55d88118f62a3582,60,4,false,0,false,2485.0,0.0.3
1371042121649,203d4803edbbf3b9b14d9be7c6ae0781,80,2,false,0,false,2485.0,0.0.3
1371042121649,26e6632ab06914c82e82a53ee2ae5f66,150,0,false,0,false,2485.0,0.0.3
1371043323587,79137ab74a4f6b66838ce71c844a7453,5,1,false,0,false,2480.0,0.0.3
1371043323587,0ea08dce5eea14e983af74b858a81955,28,3,true,100,false,2480.0,0.0.3
1371043323587,8a33cb77cf999abaaf27b3256f7b8011,29,0,false,0,false,2480.0,0.0.3
1371043323587,0a987daf7f18ad452668370341c26adf,30,11,true,100,false,2480.0,0.0.3
1371043323587,eccae579fe8fc42f26f02a7600aa2c7f,35,31,false,0,false,2480.0,0.0.3
1371043323587,1fa7a37e07face426a6190896266ce6d,50,8,true,75,false,2480.0,0.0.3
1371043323587,1d8f52c3bf648fbd55d88118f62a3582,60,4,false,0,false,2480.0,0.0.3
1371043323587,203d4803edbbf3b9b14d9be7c6ae0781,80,2,false,0,false,2480.0,0.0.3
1371043323587,26e6632ab06914c82e82a53ee2ae5f66,150,0,false,0,false,2480.0,0.0.3
1371049915984,79137ab74a4f6b66838ce71c844a7453,5,1,false,0,false,2515.0,0.0.3
1371049915984,0a987daf7f18ad452668370341c26adf,30,11,true,100,false,2515.0,0.0.3
1371049915984,8a33cb77cf999abaaf27b3256f7b8011,29,0,false,0,false,2515.0,0.0.3
1371049915984,1d8f52c3bf648fbd55d88118f62a3582,60,4,false,0,false,2515.0,0.0.3
1371049915984,26e6632ab06914c82e82a53ee2ae5f66,150,0,false,0,false,2515.0,0.0.3
1371049915984,203d4803edbbf3b9b14d9be7c6ae0781,80,2,false,0,false,2515.0,0.0.3
1371049915984,0ea08dce5eea14e983af74b858a81955,28,3,true,100,false,2515.0,0.0.3
1371049915984,1fa7a37e07face426a6190896266ce6d,50,8,true,75,false,2515.0,0.0.3
1371049915984,eccae579fe8fc42f26f02a7600aa2c7f,35,32,false,0,false,2515.0,0.0.3
1371060107899,79137ab74a4f6b66838ce71c844a7453,5,1,false,0,false,2550.0,0.0.3
1371060107899,0ea08dce5eea14e983af74b858a81955,28,3,true,100,false,2550.0,0.0.3
1371060107899,8a33cb77cf999abaaf27b3256f7b8011,29,0,false,0,false,2550.0,0.0.3
1371060107899,0a987daf7f18ad452668370341c26adf,30,11,true,100,false,2550.0,0.0.3
1371060107899,eccae579fe8fc42f26f02a7600aa2c7f,35,33,false,0,false,2550.0,0.0.3
1371060107899,1fa7a37e07face426a6190896266ce6d,50,8,true,75,false,2550.0,0.0.3
1371060107899,1d8f52c3bf648fbd55d88118f62a3582,60,4,false,0,false,2550.0,0.0.3
1371060107899,203d4803edbbf3b9b14d9be7c6ae0781,80,2,false,0,false,2550.0,0.0.3
1371060107899,26e6632ab06914c82e82a53ee2ae5f66,150,0,false,0,false,2550.0,0.0.3
1371080521513,79137ab74a4f6b66838ce71c844a7453,5,1,false,0,false,2551.0,0.0.3
1371080521513,0a987daf7f18ad452668370341c26adf,30,11,true,100,false,2551.0,0.0.3
1371080521513,eccae579fe8fc42f26f02a7600aa2c7f,35,33,false,0,false,2551.0,0.0.3
1371080521513,8a33cb77cf999abaaf27b3256f7b8011,29,0,false,0,false,2551.0,0.0.3
1371080521513,1fa7a37e07face426a6190896266ce6d,50,8,true,75,false,2551.0,0.0.3
1371080521513,203d4803edbbf3b9b14d9be7c6ae0781,80,2,false,0,false,2551.0,0.0.3
1371080521513,1d8f52c3bf648fbd55d88118f62a3582,60,4,false,0,false,2551.0,0.0.3
1371080521513,26e6632ab06914c82e82a53ee2ae5f66,150,0,false,0,false,2551.0,0.0.3
1371080521513,0ea08dce5eea14e983af74b858a81955,28,3,true,100,false,2551.0,0.0.3
1371109944835,79137ab74a4f6b66838ce71c844a7453,5,1,false,0,false,2501.0,0.0.3
1371109944835,8a33cb77cf999abaaf27b3256f7b8011,29,0,false,0,false,2501.0,0.0.3
1371109944835,0a987daf7f18ad452668370341c26adf,30,11,true,100,false,2501.0,0.0.3
1371109944835,eccae579fe8fc42f26f02a7600aa2c7f,35,32,false,0,false,2501.0,0.0.3
1371109944835,0ea08dce5eea14e983af74b858a81955,28,3,true,100,false,2501.0,0.0.3
1371109944835,1fa7a37e07face426a6190896266ce6d,50,8,true,75,false,2501.0,0.0.3
1371109944835,1d8f52c3bf648fbd55d88118f62a3582,60,4,false,0,false,2501.0,0.0.3
1371109944835,203d4803edbbf3b9b14d9be7c6ae0781,80,2,false,0,false,2501.0,0.0.3
1371109944835,26e6632ab06914c82e82a53ee2ae5f66,150,0,false,0,false,2501.0,0.0.3
1371111141209,79137ab74a4f6b66838ce71c844a7453,5,1,false,0,false,2561.0,0.0.3
1371111141209,0ea08dce5eea14e983af74b858a81955,28,3,true,100,false,2561.0,0.0.3
1371111141209,8a33cb77cf999abaaf27b3256f7b8011,29,0,false,0,false,2561.0,0.0.3
1371111141209,0a987daf7f18ad452668370341c26adf,30,11,true,100,false,2561.0,0.0.3
1371111141209,eccae579fe8fc42f26f02a7600aa2c7f,35,32,false,0,false,2561.0,0.0.3
1371111141209,1fa7a37e07face426a6190896266ce6d,50,8,true,75,false,2561.0,0.0.3
1371111141209,1d8f52c3bf648fbd55d88118f62a3582,60,5,false,0,false,2561.0,0.0.3
1371111141209,203d4803edbbf3b9b14d9be7c6ae0781,80,2,false,0,false,2561.0,0.0.3
1371111141209,26e6632ab06914c82e82a53ee2ae5f66,150,0,false,0,false,2561.0,0.0.3
1371132154396,79137ab74a4f6b66838ce71c844a7453,5,1,false,0,false,2590.0,0.0.3
1371132154396,0ea08dce5eea14e983af74b858a81955,28,3,true,100,false,2590.0,0.0.3
1371132154396,8a33cb77cf999abaaf27b3256f7b8011,29,1,false,0,false,2590.0,0.0.3
1371132154396,0a987daf7f18ad452668370341c26adf,30,11,true,100,false,2590.0,0.0.3
1371132154396,eccae579fe8fc42f26f02a7600aa2c7f,35,32,false,0,false,2590.0,0.0.3
1371132154396,203d4803edbbf3b9b14d9be7c6ae0781,80,2,false,0,false,2590.0,0.0.3
1371132154396,1fa7a37e07face426a6190896266ce6d,50,8,true,75,false,2590.0,0.0.3
1371132154396,1d8f52c3bf648fbd55d88118f62a3582,60,5,false,0,false,2590.0,0.0.3
1371132154396,26e6632ab06914c82e82a53ee2ae5f66,150,0,false,0,false,2590.0,0.0.3
1371136957629,79137ab74a4f6b66838ce71c844a7453,5,1,false,0,false,2630.0,0.0.3
1371136957629,8a33cb77cf999abaaf27b3256f7b8011,29,1,false,0,false,2630.0,0.0.3
1371136957629,0ea08dce5eea14e983af74b858a81955,28,3,true,100,false,2630.0,0.0.3
1371136957629,0a987daf7f18ad452668370341c26adf,30,11,true,100,false,2630.0,0.0.3
1371136957629,eccae579fe8fc42f26f02a7600aa2c7f,35,33,false,0,false,2630.0,0.0.3
1371136957629,1fa7a37e07face426a6190896266ce6d,50,8,true,75,false,2630.0,0.0.3
1371136957629,1d8f52c3bf648fbd55d88118f62a3582,60,5,false,0,false,2630.0,0.0.3
1371136957629,203d4803edbbf3b9b14d9be7c6ae0781,80,2,false,0,false,2630.0,0.0.3
1371136957629,26e6632ab06914c82e82a53ee2ae5f66,150,0,false,0,false,2630.0,0.0.3
1371139360540,79137ab74a4f6b66838ce71c844a7453,5,1,false,0,false,2658.0,0.0.3
1371139360540,0a987daf7f18ad452668370341c26adf,30,11,true,100,false,2658.0,0.0.3
1371139360540,8a33cb77cf999abaaf27b3256f7b8011,29,1,false,0,false,2658.0,0.0.3
1371139360540,0ea08dce5eea14e983af74b858a81955,28,4,true,100,false,2658.0,0.0.3
1371139360540,eccae579fe8fc42f26f02a7600aa2c7f,35,33,false,0,false,2658.0,0.0.3
1371139360540,1fa7a37e07face426a6190896266ce6d,50,8,true,75,false,2658.0,0.0.3
1371139360540,1d8f52c3bf648fbd55d88118f62a3582,60,5,false,0,false,2658.0,0.0.3
1371139360540,203d4803edbbf3b9b14d9be7c6ae0781,80,2,false,0,false,2658.0,0.0.3
1371139360540,26e6632ab06914c82e82a53ee2ae5f66,150,0,false,0,false,2658.0,0.0.3
1371142959101,79137ab74a4f6b66838ce71c844a7453,5,1,false,0,false,2693.0,0.0.3
1371142959101,0ea08dce5eea14e983af74b858a81955,28,4,true,100,false,2693.0,0.0.3
1371142959101,8a33cb77cf999abaaf27b3256f7b8011,29,1,false,0,false,2693.0,0.0.3
1371142959101,0a987daf7f18ad452668370341c26adf,30,11,true,100,false,2693.0,0.0.3
1371142959101,eccae579fe8fc42f26f02a7600aa2c7f,35,34,false,0,false,2693.0,0.0.3
1371142959101,1fa7a37e07face426a6190896266ce6d,50,8,true,75,false,2693.0,0.0.3
1371142959101,1d8f52c3bf648fbd55d88118f62a3582,60,5,false,0,false,2693.0,0.0.3
1371142959101,203d4803edbbf3b9b14d9be7c6ae0781,80,2,false,0,false,2693.0,0.0.3
1371142959101,26e6632ab06914c82e82a53ee2ae5f66,150,0,false,0,false,2693.0,0.0.3
1371162246431,79137ab74a4f6b66838ce71c844a7453,5,1,false,0,false,2694.0,0.0.3
1371162246431,0ea08dce5eea14e983af74b858a81955,28,4,true,100,false,2694.0,0.0.3
1371162246431,8a33cb77cf999abaaf27b3256f7b8011,29,1,false,0,false,2694.0,0.0.3
1371162246431,0a987daf7f18ad452668370341c26adf,30,11,true,100,false,2694.0,0.0.3
1371162246431,eccae579fe8fc42f26f02a7600aa2c7f,35,34,false,0,false,2694.0,0.0.3
1371162246431,1fa7a37e07face426a6190896266ce6d,50,8,true,75,false,2694.0,0.0.3
1371162246431,1d8f52c3bf648fbd55d88118f62a3582,60,5,false,0,false,2694.0,0.0.3
1371162246431,203d4803edbbf3b9b14d9be7c6ae0781,80,2,false,0,false,2694.0,0.0.3
1371162246431,26e6632ab06914c82e82a53ee2ae5f66,150,0,false,0,false,2694.0,0.0.3
1371213764424,79137ab74a4f6b66838ce71c844a7453,5,1,false,0,false,2664.0,0.0.3
1371213764424,0a987daf7f18ad452668370341c26adf,30,10,true,100,false,2664.0,0.0.3
1371213764424,8a33cb77cf999abaaf27b3256f7b8011,29,1,false,0,false,2664.0,0.0.3
1371213764424,eccae579fe8fc42f26f02a7600aa2c7f,35,34,false,0,false,2664.0,0.0.3
1371213764424,0ea08dce5eea14e983af74b858a81955,28,4,true,100,false,2664.0,0.0.3
1371213764424,1fa7a37e07face426a6190896266ce6d,50,8,true,75,false,2664.0,0.0.3
1371213764424,1d8f52c3bf648fbd55d88118f62a3582,60,5,false,0,false,2664.0,0.0.3
1371213764424,26e6632ab06914c82e82a53ee2ae5f66,150,0,false,0,false,2664.0,0.0.3
1371213764424,203d4803edbbf3b9b14d9be7c6ae0781,80,2,false,0,false,2664.0,0.0.3
1371226993147,79137ab74a4f6b66838ce71c844a7453,5,1,false,0,false,2665.0,0.0.3
1371226993147,8a33cb77cf999abaaf27b3256f7b8011,29,1,false,0,false,2665.0,0.0.3
1371226993147,0a987daf7f18ad452668370341c26adf,30,10,true,100,false,2665.0,0.0.3
1371226993147,eccae579fe8fc42f26f02a7600aa2c7f,35,34,false,0,false,2665.0,0.0.3
1371226993147,1fa7a37e07face426a6190896266ce6d,50,8,true,75,false,2665.0,0.0.3
1371226993147,0ea08dce5eea14e983af74b858a81955,28,4,true,100,false,2665.0,0.0.3
1371226993147,1d8f52c3bf648fbd55d88118f62a3582,60,5,false,0,false,2665.0,0.0.3
1371226993147,203d4803edbbf3b9b14d9be7c6ae0781,80,2,false,0,false,2665.0,0.0.3
1371226993147,26e6632ab06914c82e82a53ee2ae5f66,150,0,false,0,false,2665.0,0.0.3
1371227587268,79137ab74a4f6b66838ce71c844a7453,5,1,false,0,false,2664.0,0.0.3
1371227587268,0ea08dce5eea14e983af74b858a81955,28,4,true,100,false,2664.0,0.0.3
1371227587268,8a33cb77cf999abaaf27b3256f7b8011,29,1,false,0,false,2664.0,0.0.3
1371227587268,0a987daf7f18ad452668370341c26adf,30,10,true,100,false,2664.0,0.0.3
1371227587268,eccae579fe8fc42f26f02a7600aa2c7f,35,34,false,0,false,2664.0,0.0.3
1371227587268,1fa7a37e07face426a6190896266ce6d,50,8,true,75,false,2664.0,0.0.3
1371227587268,1d8f52c3bf648fbd55d88118f62a3582,60,5,false,0,false,2664.0,0.0.3
1371227587268,203d4803edbbf3b9b14d9be7c6ae0781,80,2,false,0,false,2664.0,0.0.3
1371227587268,26e6632ab06914c82e82a53ee2ae5f66,150,0,false,0,false,2664.0,0.0.3
1371239575620,79137ab74a4f6b66838ce71c844a7453,5,1,false,0,false,2693.0,0.0.3
1371239575620,8a33cb77cf999abaaf27b3256f7b8011,29,2,false,0,false,2693.0,0.0.3
1371239575620,0a987daf7f18ad452668370341c26adf,30,10,true,100,false,2693.0,0.0.3
1371239575620,eccae579fe8fc42f26f02a7600aa2c7f,35,34,false,0,false,2693.0,0.0.3
1371239575620,0ea08dce5eea14e983af74b858a81955,28,4,true,100,false,2693.0,0.0.3
1371239575620,1fa7a37e07face426a6190896266ce6d,50,8,true,75,false,2693.0,0.0.3
1371239575620,1d8f52c3bf648fbd55d88118f62a3582,60,5,false,0,false,2693.0,0.0.3
1371239575620,203d4803edbbf3b9b14d9be7c6ae0781,80,2,false,0,false,2693.0,0.0.3
1371239575620,26e6632ab06914c82e82a53ee2ae5f66,150,0,false,0,false,2693.0,0.0.3
1371252829141,0ea08dce5eea14e983af74b858a81955,28,5,true,100,false,2721.0,0.0.3
1371252829141,0a987daf7f18ad452668370341c26adf,30,10,true,100,false,2721.0,0.0.3
1371252829141,8a33cb77cf999abaaf27b3256f7b8011,29,2,false,0,false,2721.0,0.0.3
1371252829141,eccae579fe8fc42f26f02a7600aa2c7f,35,34,false,0,false,2721.0,0.0.3
1371252829141,1fa7a37e07face426a6190896266ce6d,50,8,true,75,false,2721.0,0.0.3
1371252829141,1d8f52c3bf648fbd55d88118f62a3582,60,5,false,0,false,2721.0,0.0.3
1371252829141,203d4803edbbf3b9b14d9be7c6ae0781,80,2,false,0,false,2721.0,0.0.3
1371252829141,26e6632ab06914c82e82a53ee2ae5f66,150,0,false,0,false,2721.0,0.0.3
1371252829141,79137ab74a4f6b66838ce71c844a7453,5,1,false,0,false,2721.0,0.0.3
