1371828064085,1d53c50b37bb1cd96441297a76967f27,10,0,false,0,false,400.0,0.0.3
1371828064085,3788e3144825b03e491b32227547d622,25,0,false,0,false,400.0,0.0.3
1371828064085,a15718229aa80528da97c7bfd6c9a976,75,0,false,0,false,400.0,0.0.3
1371828064085,82c48fc7af10d4b1df666f5314ddd31e,100,2,false,0,false,400.0,0.0.3
1371828064085,f2dc6eb72040c42565c89546b1a116b4,250,0,false,0,false,400.0,0.0.3
1371828064085,899dbcf100c368208e110d3a900474ed,500,0,false,0,false,400.0,0.0.3
1371828064085,7cd7c794ad6de23b786851284eb6c449,1000,0,false,0,false,400.0,0.0.3
1371829864593,a15718229aa80528da97c7bfd6c9a976,75,1,false,0,false,475.0,0.0.3
1371829864593,1d53c50b37bb1cd96441297a76967f27,10,0,false,0,false,475.0,0.0.3
1371829864593,82c48fc7af10d4b1df666f5314ddd31e,100,2,false,0,false,475.0,0.0.3
1371829864593,f2dc6eb72040c42565c89546b1a116b4,250,0,false,0,false,475.0,0.0.3
1371829864593,899dbcf100c368208e110d3a900474ed,500,0,false,0,false,475.0,0.0.3
1371829864593,7cd7c794ad6de23b786851284eb6c449,1000,0,false,0,false,475.0,0.0.3
1371829864593,3788e3144825b03e491b32227547d622,25,0,false,0,false,475.0,0.0.3
1371830464300,1d53c50b37bb1cd96441297a76967f27,10,1,false,0,false,485.0,0.0.3
1371830464300,3788e3144825b03e491b32227547d622,25,0,false,0,false,485.0,0.0.3
1371830464300,a15718229aa80528da97c7bfd6c9a976,75,1,false,0,false,485.0,0.0.3
1371830464300,82c48fc7af10d4b1df666f5314ddd31e,100,2,false,0,false,485.0,0.0.3
1371830464300,f2dc6eb72040c42565c89546b1a116b4,250,0,false,0,false,485.0,0.0.3
1371830464300,899dbcf100c368208e110d3a900474ed,500,0,false,0,false,485.0,0.0.3
1371830464300,7cd7c794ad6de23b786851284eb6c449,1000,0,false,0,false,485.0,0.0.3
1371832266732,3788e3144825b03e491b32227547d622,25,0,false,0,false,495.0,0.0.3
1371832266732,82c48fc7af10d4b1df666f5314ddd31e,100,2,false,0,false,495.0,0.0.3
1371832266732,a15718229aa80528da97c7bfd6c9a976,75,1,false,0,false,495.0,0.0.3
1371832266732,1d53c50b37bb1cd96441297a76967f27,10,2,false,0,false,495.0,0.0.3
1371832266732,f2dc6eb72040c42565c89546b1a116b4,250,0,false,0,false,495.0,0.0.3
1371832266732,899dbcf100c368208e110d3a900474ed,500,0,false,0,false,495.0,0.0.3
1371832266732,7cd7c794ad6de23b786851284eb6c449,1000,0,false,0,false,495.0,0.0.3
1371833467110,1d53c50b37bb1cd96441297a76967f27,10,4,false,0,false,1645.0,0.0.3
1371833467110,3788e3144825b03e491b32227547d622,25,0,false,0,false,1645.0,0.0.3
1371833467110,a15718229aa80528da97c7bfd6c9a976,75,1,false,0,false,1645.0,0.0.3
1371833467110,82c48fc7af10d4b1df666f5314ddd31e,100,4,false,0,false,1645.0,0.0.3
1371833467110,f2dc6eb72040c42565c89546b1a116b4,250,1,false,0,false,1645.0,0.0.3
1371833467110,899dbcf100c368208e110d3a900474ed,500,0,false,0,false,1645.0,0.0.3
1371833467110,7cd7c794ad6de23b786851284eb6c449,1000,0,false,0,false,1645.0,0.0.3
1371834066803,1d53c50b37bb1cd96441297a76967f27,10,4,false,0,false,1745.0,0.0.3
1371834066803,3788e3144825b03e491b32227547d622,25,0,false,0,false,1745.0,0.0.3
1371834066803,a15718229aa80528da97c7bfd6c9a976,75,1,false,0,false,1745.0,0.0.3
1371834066803,82c48fc7af10d4b1df666f5314ddd31e,100,5,false,0,false,1745.0,0.0.3
1371834066803,f2dc6eb72040c42565c89546b1a116b4,250,1,false,0,false,1745.0,0.0.3
1371834066803,899dbcf100c368208e110d3a900474ed,500,0,false,0,false,1745.0,0.0.3
1371834066803,7cd7c794ad6de23b786851284eb6c449,1000,0,false,0,false,1745.0,0.0.3
1371834666806,1d53c50b37bb1cd96441297a76967f27,10,4,false,0,false,1920.0,0.0.3
1371834666806,a15718229aa80528da97c7bfd6c9a976,75,2,false,0,false,1920.0,0.0.3
1371834666806,3788e3144825b03e491b32227547d622,25,0,false,0,false,1920.0,0.0.3
1371834666806,82c48fc7af10d4b1df666f5314ddd31e,100,6,false,0,false,1920.0,0.0.3
1371834666806,f2dc6eb72040c42565c89546b1a116b4,250,1,false,0,false,1920.0,0.0.3
1371834666806,7cd7c794ad6de23b786851284eb6c449,1000,0,false,0,false,1920.0,0.0.3
1371834666806,899dbcf100c368208e110d3a900474ed,500,0,false,0,false,1920.0,0.0.3
1371835268506,1d53c50b37bb1cd96441297a76967f27,10,5,false,0,false,2290.0,0.0.3
1371835268506,3788e3144825b03e491b32227547d622,25,0,false,0,false,2290.0,0.0.3
1371835268506,82c48fc7af10d4b1df666f5314ddd31e,100,7,false,0,false,2290.0,0.0.3
1371835268506,a15718229aa80528da97c7bfd6c9a976,75,2,false,0,false,2290.0,0.0.3
1371835268506,f2dc6eb72040c42565c89546b1a116b4,250,2,false,0,false,2290.0,0.0.3
1371835268506,899dbcf100c368208e110d3a900474ed,500,0,false,0,false,2290.0,0.0.3
1371835268506,7cd7c794ad6de23b786851284eb6c449,1000,0,false,0,false,2290.0,0.0.3
1371836468198,3788e3144825b03e491b32227547d622,25,1,false,0,false,2315.0,0.0.3
1371836468198,1d53c50b37bb1cd96441297a76967f27,10,5,false,0,false,2315.0,0.0.3
1371836468198,a15718229aa80528da97c7bfd6c9a976,75,2,false,0,false,2315.0,0.0.3
1371836468198,82c48fc7af10d4b1df666f5314ddd31e,100,7,false,0,false,2315.0,0.0.3
1371836468198,f2dc6eb72040c42565c89546b1a116b4,250,2,false,0,false,2315.0,0.0.3
1371836468198,7cd7c794ad6de23b786851284eb6c449,1000,0,false,0,false,2315.0,0.0.3
1371836468198,899dbcf100c368208e110d3a900474ed,500,0,false,0,false,2315.0,0.0.3
1371837068923,1d53c50b37bb1cd96441297a76967f27,10,6,false,0,false,2440.0,0.0.3
1371837068923,a15718229aa80528da97c7bfd6c9a976,75,2,false,0,false,2440.0,0.0.3
1371837068923,3788e3144825b03e491b32227547d622,25,2,false,0,false,2440.0,0.0.3
1371837068923,82c48fc7af10d4b1df666f5314ddd31e,100,7,false,0,false,2440.0,0.0.3
1371837068923,f2dc6eb72040c42565c89546b1a116b4,250,2,false,0,false,2440.0,0.0.3
1371837068923,899dbcf100c368208e110d3a900474ed,500,0,false,0,false,2440.0,0.0.3
1371837068923,7cd7c794ad6de23b786851284eb6c449,1000,0,false,0,false,2440.0,0.0.3
1371838268632,1d53c50b37bb1cd96441297a76967f27,10,6,false,0,false,2465.0,0.0.3
1371838268632,3788e3144825b03e491b32227547d622,25,3,false,0,false,2465.0,0.0.3
1371838268632,a15718229aa80528da97c7bfd6c9a976,75,2,false,0,false,2465.0,0.0.3
1371838268632,82c48fc7af10d4b1df666f5314ddd31e,100,7,false,0,false,2465.0,0.0.3
1371838268632,f2dc6eb72040c42565c89546b1a116b4,250,2,false,0,false,2465.0,0.0.3
1371838268632,899dbcf100c368208e110d3a900474ed,500,0,false,0,false,2465.0,0.0.3
1371838268632,7cd7c794ad6de23b786851284eb6c449,1000,0,false,0,false,2465.0,0.0.3
1371838871791,3788e3144825b03e491b32227547d622,25,3,false,0,false,2475.0,0.0.3
1371838871791,82c48fc7af10d4b1df666f5314ddd31e,100,7,false,0,false,2475.0,0.0.3
1371838871791,a15718229aa80528da97c7bfd6c9a976,75,2,false,0,false,2475.0,0.0.3
1371838871791,899dbcf100c368208e110d3a900474ed,500,0,false,0,false,2475.0,0.0.3
1371838871791,f2dc6eb72040c42565c89546b1a116b4,250,2,false,0,false,2475.0,0.0.3
1371838871791,7cd7c794ad6de23b786851284eb6c449,1000,0,false,0,false,2475.0,0.0.3
1371838871791,1d53c50b37bb1cd96441297a76967f27,10,7,false,0,false,2475.0,0.0.3
1371840094062,1d53c50b37bb1cd96441297a76967f27,10,8,false,0,false,2485.0,0.0.3
1371840094062,a15718229aa80528da97c7bfd6c9a976,75,2,false,0,false,2485.0,0.0.3
1371840094062,82c48fc7af10d4b1df666f5314ddd31e,100,7,false,0,false,2485.0,0.0.3
1371840094062,f2dc6eb72040c42565c89546b1a116b4,250,2,false,0,false,2485.0,0.0.3
1371840094062,3788e3144825b03e491b32227547d622,25,3,false,0,false,2485.0,0.0.3
1371840094062,899dbcf100c368208e110d3a900474ed,500,0,false,0,false,2485.0,0.0.3
1371840094062,7cd7c794ad6de23b786851284eb6c449,1000,0,false,0,false,2485.0,0.0.3
1371840671575,82c48fc7af10d4b1df666f5314ddd31e,100,8,false,0,false,2685.0,0.0.3
1371840671575,1d53c50b37bb1cd96441297a76967f27,10,10,false,0,false,2685.0,0.0.3
1371840671575,a15718229aa80528da97c7bfd6c9a976,75,3,false,0,false,2685.0,0.0.3
1371840671575,f2dc6eb72040c42565c89546b1a116b4,250,2,false,0,false,2685.0,0.0.3
1371840671575,899dbcf100c368208e110d3a900474ed,500,0,false,0,false,2685.0,0.0.3
1371840671575,7cd7c794ad6de23b786851284eb6c449,1000,0,false,0,false,2685.0,0.0.3
1371840671575,3788e3144825b03e491b32227547d622,25,3,false,0,false,2685.0,0.0.3
1371841271200,1d53c50b37bb1cd96441297a76967f27,10,10,false,0,false,2835.0,0.0.3
1371841271200,a15718229aa80528da97c7bfd6c9a976,75,3,false,0,false,2835.0,0.0.3
1371841271200,82c48fc7af10d4b1df666f5314ddd31e,100,9,false,0,false,2835.0,0.0.3
1371841271200,3788e3144825b03e491b32227547d622,25,4,false,0,false,2835.0,0.0.3
1371841271200,f2dc6eb72040c42565c89546b1a116b4,250,2,false,0,false,2835.0,0.0.3
1371841271200,899dbcf100c368208e110d3a900474ed,500,0,false,0,false,2835.0,0.0.3
1371841271200,7cd7c794ad6de23b786851284eb6c449,1000,0,false,0,false,2835.0,0.0.3
1371842477368,1d53c50b37bb1cd96441297a76967f27,10,10,false,0,false,2935.0,0.0.3
1371842477368,3788e3144825b03e491b32227547d622,25,5,false,0,false,2935.0,0.0.3
1371842477368,a15718229aa80528da97c7bfd6c9a976,75,4,false,0,false,2935.0,0.0.3
1371842477368,82c48fc7af10d4b1df666f5314ddd31e,100,9,false,0,false,2935.0,0.0.3
1371842477368,f2dc6eb72040c42565c89546b1a116b4,250,2,false,0,false,2935.0,0.0.3
1371842477368,899dbcf100c368208e110d3a900474ed,500,0,false,0,false,2935.0,0.0.3
1371842477368,7cd7c794ad6de23b786851284eb6c449,1000,0,false,0,false,2935.0,0.0.3
1371843673753,1d53c50b37bb1cd96441297a76967f27,10,11,false,0,false,2945.0,0.0.3
1371843673753,3788e3144825b03e491b32227547d622,25,5,false,0,false,2945.0,0.0.3
1371843673753,a15718229aa80528da97c7bfd6c9a976,75,4,false,0,false,2945.0,0.0.3
1371843673753,82c48fc7af10d4b1df666f5314ddd31e,100,9,false,0,false,2945.0,0.0.3
1371843673753,f2dc6eb72040c42565c89546b1a116b4,250,2,false,0,false,2945.0,0.0.3
1371843673753,899dbcf100c368208e110d3a900474ed,500,0,false,0,false,2945.0,0.0.3
1371843673753,7cd7c794ad6de23b786851284eb6c449,1000,0,false,0,false,2945.0,0.0.3
1371844280831,1d53c50b37bb1cd96441297a76967f27,10,11,false,0,false,3445.0,0.0.3
1371844280831,82c48fc7af10d4b1df666f5314ddd31e,100,9,false,0,false,3445.0,0.0.3
1371844280831,a15718229aa80528da97c7bfd6c9a976,75,4,false,0,false,3445.0,0.0.3
1371844280831,3788e3144825b03e491b32227547d622,25,5,false,0,false,3445.0,0.0.3
1371844280831,f2dc6eb72040c42565c89546b1a116b4,250,2,false,0,false,3445.0,0.0.3
1371844280831,899dbcf100c368208e110d3a900474ed,500,0,false,0,false,3445.0,0.0.3
1371844280831,7cd7c794ad6de23b786851284eb6c449,1000,0,false,0,false,3445.0,0.0.3
1371846181487,1d53c50b37bb1cd96441297a76967f27,10,11,false,0,false,3545.0,0.0.3
1371846181487,3788e3144825b03e491b32227547d622,25,5,false,0,false,3545.0,0.0.3
1371846181487,a15718229aa80528da97c7bfd6c9a976,75,4,false,0,false,3545.0,0.0.3
1371846181487,82c48fc7af10d4b1df666f5314ddd31e,100,10,false,0,false,3545.0,0.0.3
1371846181487,f2dc6eb72040c42565c89546b1a116b4,250,2,false,0,false,3545.0,0.0.3
1371846181487,899dbcf100c368208e110d3a900474ed,500,0,false,0,false,3545.0,0.0.3
1371846181487,7cd7c794ad6de23b786851284eb6c449,1000,0,false,0,false,3545.0,0.0.3
1371847751156,1d53c50b37bb1cd96441297a76967f27,10,11,false,0,false,3620.0,0.0.3
1371847751156,3788e3144825b03e491b32227547d622,25,5,false,0,false,3620.0,0.0.3
1371847751156,a15718229aa80528da97c7bfd6c9a976,75,5,false,0,false,3620.0,0.0.3
1371847751156,82c48fc7af10d4b1df666f5314ddd31e,100,10,false,0,false,3620.0,0.0.3
1371847751156,f2dc6eb72040c42565c89546b1a116b4,250,2,false,0,false,3620.0,0.0.3
1371847751156,899dbcf100c368208e110d3a900474ed,500,0,false,0,false,3620.0,0.0.3
1371847751156,7cd7c794ad6de23b786851284eb6c449,1000,0,false,0,false,3620.0,0.0.3
1371848566428,1d53c50b37bb1cd96441297a76967f27,10,11,false,0,false,3670.0,0.0.3
1371848566428,a15718229aa80528da97c7bfd6c9a976,75,5,false,0,false,3670.0,0.0.3
1371848566428,82c48fc7af10d4b1df666f5314ddd31e,100,10,false,0,false,3670.0,0.0.3
1371848566428,3788e3144825b03e491b32227547d622,25,6,false,0,false,3670.0,0.0.3
1371848566428,f2dc6eb72040c42565c89546b1a116b4,250,2,false,0,false,3670.0,0.0.3
1371848566428,7cd7c794ad6de23b786851284eb6c449,1000,0,false,0,false,3670.0,0.0.3
1371848566428,899dbcf100c368208e110d3a900474ed,500,0,false,0,false,3670.0,0.0.3
1371853620910,3788e3144825b03e491b32227547d622,25,7,false,0,false,3795.0,0.0.3
1371853620910,82c48fc7af10d4b1df666f5314ddd31e,100,11,false,0,false,3795.0,0.0.3
1371853620910,a15718229aa80528da97c7bfd6c9a976,75,5,false,0,false,3795.0,0.0.3
1371853620910,f2dc6eb72040c42565c89546b1a116b4,250,2,false,0,false,3795.0,0.0.3
1371853620910,899dbcf100c368208e110d3a900474ed,500,0,false,0,false,3795.0,0.0.3
1371853620910,7cd7c794ad6de23b786851284eb6c449,1000,0,false,0,false,3795.0,0.0.3
1371853620910,1d53c50b37bb1cd96441297a76967f27,10,11,false,0,false,3795.0,0.0.3
1371856015839,1d53c50b37bb1cd96441297a76967f27,10,11,false,0,false,3870.0,0.0.3
1371856015839,82c48fc7af10d4b1df666f5314ddd31e,100,11,false,0,false,3870.0,0.0.3
1371856015839,3788e3144825b03e491b32227547d622,25,7,false,0,false,3870.0,0.0.3
1371856015839,a15718229aa80528da97c7bfd6c9a976,75,6,false,0,false,3870.0,0.0.3
1371856015839,f2dc6eb72040c42565c89546b1a116b4,250,2,false,0,false,3870.0,0.0.3
1371856015839,899dbcf100c368208e110d3a900474ed,500,0,false,0,false,3870.0,0.0.3
1371856015839,7cd7c794ad6de23b786851284eb6c449,1000,0,false,0,false,3870.0,0.0.3
1371856963636,a15718229aa80528da97c7bfd6c9a976,75,6,false,0,false,3995.0,0.0.3
1371856963636,82c48fc7af10d4b1df666f5314ddd31e,100,12,false,0,false,3995.0,0.0.3
1371856963636,1d53c50b37bb1cd96441297a76967f27,10,11,false,0,false,3995.0,0.0.3
1371856963636,3788e3144825b03e491b32227547d622,25,8,false,0,false,3995.0,0.0.3
1371856963636,f2dc6eb72040c42565c89546b1a116b4,250,2,false,0,false,3995.0,0.0.3
1371856963636,899dbcf100c368208e110d3a900474ed,500,0,false,0,false,3995.0,0.0.3
1371856963636,7cd7c794ad6de23b786851284eb6c449,1000,0,false,0,false,3995.0,0.0.3
1371860902464,a15718229aa80528da97c7bfd6c9a976,75,6,false,0,false,4020.0,0.0.3
1371860902464,82c48fc7af10d4b1df666f5314ddd31e,100,12,false,0,false,4020.0,0.0.3
1371860902464,1d53c50b37bb1cd96441297a76967f27,10,11,false,0,false,4020.0,0.0.3
1371860902464,f2dc6eb72040c42565c89546b1a116b4,250,2,false,0,false,4020.0,0.0.3
1371860902464,899dbcf100c368208e110d3a900474ed,500,0,false,0,false,4020.0,0.0.3
1371860902464,7cd7c794ad6de23b786851284eb6c449,1000,0,false,0,false,4020.0,0.0.3
1371860902464,3788e3144825b03e491b32227547d622,25,9,false,0,false,4020.0,0.0.3
1371862314177,82c48fc7af10d4b1df666f5314ddd31e,100,12,false,0,false,4245.0,0.0.3
1371862314177,1d53c50b37bb1cd96441297a76967f27,10,12,false,0,false,4245.0,0.0.3
1371862314177,a15718229aa80528da97c7bfd6c9a976,75,6,false,0,false,4245.0,0.0.3
1371862314177,899dbcf100c368208e110d3a900474ed,500,0,false,0,false,4245.0,0.0.3
1371862314177,f2dc6eb72040c42565c89546b1a116b4,250,2,false,0,false,4245.0,0.0.3
1371862314177,3788e3144825b03e491b32227547d622,25,10,false,0,false,4245.0,0.0.3
1371862314177,7cd7c794ad6de23b786851284eb6c449,1000,0,false,0,false,4245.0,0.0.3
1371864761344,1d53c50b37bb1cd96441297a76967f27,10,12,false,0,false,4495.0,0.0.3
1371864761344,3788e3144825b03e491b32227547d622,25,10,false,0,false,4495.0,0.0.3
1371864761344,899dbcf100c368208e110d3a900474ed,500,0,false,0,false,4495.0,0.0.3
1371864761344,7cd7c794ad6de23b786851284eb6c449,1000,0,false,0,false,4495.0,0.0.3
1371864761344,a15718229aa80528da97c7bfd6c9a976,75,6,false,0,false,4495.0,0.0.3
1371864761344,82c48fc7af10d4b1df666f5314ddd31e,100,12,false,0,false,4495.0,0.0.3
1371864761344,f2dc6eb72040c42565c89546b1a116b4,250,3,false,0,false,4495.0,0.0.3
1371871284911,1d53c50b37bb1cd96441297a76967f27,10,12,false,0,false,4745.0,0.0.3
1371871284911,3788e3144825b03e491b32227547d622,25,10,false,0,false,4745.0,0.0.3
1371871284911,a15718229aa80528da97c7bfd6c9a976,75,6,false,0,false,4745.0,0.0.3
1371871284911,82c48fc7af10d4b1df666f5314ddd31e,100,12,false,0,false,4745.0,0.0.3
1371871284911,f2dc6eb72040c42565c89546b1a116b4,250,4,false,0,false,4745.0,0.0.3
1371871284911,899dbcf100c368208e110d3a900474ed,500,0,false,0,false,4745.0,0.0.3
1371871284911,7cd7c794ad6de23b786851284eb6c449,1000,0,false,0,false,4745.0,0.0.3
1371874882773,3788e3144825b03e491b32227547d622,25,10,false,0,false,5820.0,0.0.3
1371874882773,82c48fc7af10d4b1df666f5314ddd31e,100,12,false,0,false,5820.0,0.0.3
1371874882773,a15718229aa80528da97c7bfd6c9a976,75,7,false,0,false,5820.0,0.0.3
1371874882773,7cd7c794ad6de23b786851284eb6c449,1000,1,false,0,false,5820.0,0.0.3
1371874882773,1d53c50b37bb1cd96441297a76967f27,10,12,false,0,false,5820.0,0.0.3
1371874882773,899dbcf100c368208e110d3a900474ed,500,0,false,0,false,5820.0,0.0.3
1371874882773,f2dc6eb72040c42565c89546b1a116b4,250,4,false,0,false,5820.0,0.0.3
1371902486485,1d53c50b37bb1cd96441297a76967f27,10,12,false,0,false,5845.0,0.0.3
1371902486485,a15718229aa80528da97c7bfd6c9a976,75,7,false,0,false,5845.0,0.0.3
1371902486485,3788e3144825b03e491b32227547d622,25,11,false,0,false,5845.0,0.0.3
1371902486485,82c48fc7af10d4b1df666f5314ddd31e,100,12,false,0,false,5845.0,0.0.3
1371902486485,f2dc6eb72040c42565c89546b1a116b4,250,4,false,0,false,5845.0,0.0.3
1371902486485,899dbcf100c368208e110d3a900474ed,500,0,false,0,false,5845.0,0.0.3
1371902486485,7cd7c794ad6de23b786851284eb6c449,1000,1,false,0,false,5845.0,0.0.3
1371903686550,1d53c50b37bb1cd96441297a76967f27,10,13,false,0,false,5880.0,0.0.3
1371903686550,a15718229aa80528da97c7bfd6c9a976,75,7,false,0,false,5880.0,0.0.3
1371903686550,3788e3144825b03e491b32227547d622,25,12,false,0,false,5880.0,0.0.3
1371903686550,82c48fc7af10d4b1df666f5314ddd31e,100,12,false,0,false,5880.0,0.0.3
1371903686550,f2dc6eb72040c42565c89546b1a116b4,250,4,false,0,false,5880.0,0.0.3
1371903686550,899dbcf100c368208e110d3a900474ed,500,0,false,0,false,5880.0,0.0.3
1371903686550,7cd7c794ad6de23b786851284eb6c449,1000,1,false,0,false,5880.0,0.0.3
1371910887653,82c48fc7af10d4b1df666f5314ddd31e,100,13,false,0,false,6005.0,0.0.3
1371910887653,3788e3144825b03e491b32227547d622,25,13,false,0,false,6005.0,0.0.3
1371910887653,a15718229aa80528da97c7bfd6c9a976,75,7,false,0,false,6005.0,0.0.3
1371910887653,899dbcf100c368208e110d3a900474ed,500,0,false,0,false,6005.0,0.0.3
1371910887653,f2dc6eb72040c42565c89546b1a116b4,250,4,false,0,false,6005.0,0.0.3
1371910887653,7cd7c794ad6de23b786851284eb6c449,1000,1,false,0,false,6005.0,0.0.3
1371910887653,1d53c50b37bb1cd96441297a76967f27,10,13,false,0,false,6005.0,0.0.3
1371913289258,1d53c50b37bb1cd96441297a76967f27,10,13,false,0,false,6055.0,0.0.3
1371913289258,3788e3144825b03e491b32227547d622,25,14,false,0,false,6055.0,0.0.3
1371913289258,a15718229aa80528da97c7bfd6c9a976,75,7,false,0,false,6055.0,0.0.3
1371913289258,82c48fc7af10d4b1df666f5314ddd31e,100,13,false,0,false,6055.0,0.0.3
1371913289258,f2dc6eb72040c42565c89546b1a116b4,250,4,false,0,false,6055.0,0.0.3
1371913289258,899dbcf100c368208e110d3a900474ed,500,0,false,0,false,6055.0,0.0.3
1371913289258,7cd7c794ad6de23b786851284eb6c449,1000,1,false,0,false,6055.0,0.0.3
1371914488251,1d53c50b37bb1cd96441297a76967f27,10,13,false,0,false,6130.0,0.0.3
1371914488251,3788e3144825b03e491b32227547d622,25,14,false,0,false,6130.0,0.0.3
1371914488251,a15718229aa80528da97c7bfd6c9a976,75,8,false,0,false,6130.0,0.0.3
1371914488251,82c48fc7af10d4b1df666f5314ddd31e,100,13,false,0,false,6130.0,0.0.3
1371914488251,f2dc6eb72040c42565c89546b1a116b4,250,4,false,0,false,6130.0,0.0.3
1371914488251,899dbcf100c368208e110d3a900474ed,500,0,false,0,false,6130.0,0.0.3
1371914488251,7cd7c794ad6de23b786851284eb6c449,1000,1,false,0,false,6130.0,0.0.3
1371925289924,1d53c50b37bb1cd96441297a76967f27,10,13,false,0,false,6230.69,0.0.3
1371925289924,3788e3144825b03e491b32227547d622,25,14,false,0,false,6230.69,0.0.3
1371925289924,a15718229aa80528da97c7bfd6c9a976,75,8,false,0,false,6230.69,0.0.3
1371925289924,82c48fc7af10d4b1df666f5314ddd31e,100,13,false,0,false,6230.69,0.0.3
1371925289924,f2dc6eb72040c42565c89546b1a116b4,250,4,false,0,false,6230.69,0.0.3
1371925289924,899dbcf100c368208e110d3a900474ed,500,0,false,0,false,6230.69,0.0.3
1371925289924,7cd7c794ad6de23b786851284eb6c449,1000,1,false,0,false,6230.69,0.0.3
1371929493830,82c48fc7af10d4b1df666f5314ddd31e,100,13,false,0,false,6255.69,0.0.3
1371929493830,1d53c50b37bb1cd96441297a76967f27,10,13,false,0,false,6255.69,0.0.3
1371929493830,a15718229aa80528da97c7bfd6c9a976,75,8,false,0,false,6255.69,0.0.3
1371929493830,7cd7c794ad6de23b786851284eb6c449,1000,1,false,0,false,6255.69,0.0.3
1371929493830,3788e3144825b03e491b32227547d622,25,15,false,0,false,6255.69,0.0.3
1371929493830,f2dc6eb72040c42565c89546b1a116b4,250,4,false,0,false,6255.69,0.0.3
1371929493830,899dbcf100c368208e110d3a900474ed,500,0,false,0,false,6255.69,0.0.3
1371930695458,1d53c50b37bb1cd96441297a76967f27,10,13,false,0,false,6355.69,0.0.3
1371930695458,3788e3144825b03e491b32227547d622,25,15,false,0,false,6355.69,0.0.3
1371930695458,a15718229aa80528da97c7bfd6c9a976,75,8,false,0,false,6355.69,0.0.3
1371930695458,f2dc6eb72040c42565c89546b1a116b4,250,4,false,0,false,6355.69,0.0.3
1371930695458,82c48fc7af10d4b1df666f5314ddd31e,100,14,false,0,false,6355.69,0.0.3
1371930695458,899dbcf100c368208e110d3a900474ed,500,0,false,0,false,6355.69,0.0.3
1371930695458,7cd7c794ad6de23b786851284eb6c449,1000,1,false,0,false,6355.69,0.0.3
1371936695667,1d53c50b37bb1cd96441297a76967f27,10,13,false,0,false,6380.69,0.0.3
1371936695667,3788e3144825b03e491b32227547d622,25,16,false,0,false,6380.69,0.0.3
1371936695667,a15718229aa80528da97c7bfd6c9a976,75,8,false,0,false,6380.69,0.0.3
1371936695667,82c48fc7af10d4b1df666f5314ddd31e,100,14,false,0,false,6380.69,0.0.3
1371936695667,f2dc6eb72040c42565c89546b1a116b4,250,4,false,0,false,6380.69,0.0.3
1371936695667,899dbcf100c368208e110d3a900474ed,500,0,false,0,false,6380.69,0.0.3
1371936695667,7cd7c794ad6de23b786851284eb6c449,1000,1,false,0,false,6380.69,0.0.3
1371938500639,1d53c50b37bb1cd96441297a76967f27,10,13,false,0,false,6455.69,0.0.3
1371938500639,3788e3144825b03e491b32227547d622,25,16,false,0,false,6455.69,0.0.3
1371938500639,a15718229aa80528da97c7bfd6c9a976,75,9,false,0,false,6455.69,0.0.3
1371938500639,82c48fc7af10d4b1df666f5314ddd31e,100,14,false,0,false,6455.69,0.0.3
1371938500639,f2dc6eb72040c42565c89546b1a116b4,250,4,false,0,false,6455.69,0.0.3
1371938500639,899dbcf100c368208e110d3a900474ed,500,0,false,0,false,6455.69,0.0.3
1371938500639,7cd7c794ad6de23b786851284eb6c449,1000,1,false,0,false,6455.69,0.0.3
1371940293372,1d53c50b37bb1cd96441297a76967f27,10,13,false,0,false,6555.69,0.0.3
1371940293372,3788e3144825b03e491b32227547d622,25,16,false,0,false,6555.69,0.0.3
1371940293372,a15718229aa80528da97c7bfd6c9a976,75,9,false,0,false,6555.69,0.0.3
1371940293372,82c48fc7af10d4b1df666f5314ddd31e,100,15,false,0,false,6555.69,0.0.3
1371940293372,f2dc6eb72040c42565c89546b1a116b4,250,4,false,0,false,6555.69,0.0.3
1371940293372,899dbcf100c368208e110d3a900474ed,500,0,false,0,false,6555.69,0.0.3
1371940293372,7cd7c794ad6de23b786851284eb6c449,1000,1,false,0,false,6555.69,0.0.3
1371946894692,1d53c50b37bb1cd96441297a76967f27,10,13,false,0,false,6655.69,0.0.3
1371946894692,a15718229aa80528da97c7bfd6c9a976,75,9,false,0,false,6655.69,0.0.3
1371946894692,3788e3144825b03e491b32227547d622,25,16,false,0,false,6655.69,0.0.3
1371946894692,82c48fc7af10d4b1df666f5314ddd31e,100,16,false,0,false,6655.69,0.0.3
1371946894692,f2dc6eb72040c42565c89546b1a116b4,250,4,false,0,false,6655.69,0.0.3
1371946894692,899dbcf100c368208e110d3a900474ed,500,0,false,0,false,6655.69,0.0.3
1371946894692,7cd7c794ad6de23b786851284eb6c449,1000,1,false,0,false,6655.69,0.0.3
1371953495872,1d53c50b37bb1cd96441297a76967f27,10,13,false,0,false,6705.69,0.0.3
1371953495872,3788e3144825b03e491b32227547d622,25,17,false,0,false,6705.69,0.0.3
1371953495872,a15718229aa80528da97c7bfd6c9a976,75,9,false,0,false,6705.69,0.0.3
1371953495872,82c48fc7af10d4b1df666f5314ddd31e,100,16,false,0,false,6705.69,0.0.3
1371953495872,f2dc6eb72040c42565c89546b1a116b4,250,4,false,0,false,6705.69,0.0.3
1371953495872,899dbcf100c368208e110d3a900474ed,500,0,false,0,false,6705.69,0.0.3
1371953495872,7cd7c794ad6de23b786851284eb6c449,1000,1,false,0,false,6705.69,0.0.3
1371990699266,1d53c50b37bb1cd96441297a76967f27,10,14,false,0,false,6725.69,0.0.3
1371990699266,3788e3144825b03e491b32227547d622,25,17,false,0,false,6725.69,0.0.3
1371990699266,a15718229aa80528da97c7bfd6c9a976,75,9,false,0,false,6725.69,0.0.3
1371990699266,82c48fc7af10d4b1df666f5314ddd31e,100,16,false,0,false,6725.69,0.0.3
1371990699266,f2dc6eb72040c42565c89546b1a116b4,250,4,false,0,false,6725.69,0.0.3
1371990699266,899dbcf100c368208e110d3a900474ed,500,0,false,0,false,6725.69,0.0.3
1371990699266,7cd7c794ad6de23b786851284eb6c449,1000,1,false,0,false,6725.69,0.0.3
1371997305538,1d53c50b37bb1cd96441297a76967f27,10,14,false,0,false,6750.69,0.0.3
1371997305538,3788e3144825b03e491b32227547d622,25,17,false,0,false,6750.69,0.0.3
1371997305538,a15718229aa80528da97c7bfd6c9a976,75,9,false,0,false,6750.69,0.0.3
1371997305538,82c48fc7af10d4b1df666f5314ddd31e,100,16,false,0,false,6750.69,0.0.3
1371997305538,f2dc6eb72040c42565c89546b1a116b4,250,4,false,0,false,6750.69,0.0.3
1371997305538,899dbcf100c368208e110d3a900474ed,500,0,false,0,false,6750.69,0.0.3
1371997305538,7cd7c794ad6de23b786851284eb6c449,1000,1,false,0,false,6750.69,0.0.3
1372000976803,1d53c50b37bb1cd96441297a76967f27,10,14,false,0,false,7750.69,0.0.3
1372000976803,3788e3144825b03e491b32227547d622,25,17,false,0,false,7750.69,0.0.3
1372000976803,a15718229aa80528da97c7bfd6c9a976,75,9,false,0,false,7750.69,0.0.3
1372000976803,82c48fc7af10d4b1df666f5314ddd31e,100,16,false,0,false,7750.69,0.0.3
1372000976803,f2dc6eb72040c42565c89546b1a116b4,250,4,false,0,false,7750.69,0.0.3
1372000976803,899dbcf100c368208e110d3a900474ed,500,0,false,0,false,7750.69,0.0.3
1372000976803,7cd7c794ad6de23b786851284eb6c449,1000,1,false,0,false,7750.69,0.0.3
1372006316407,1d53c50b37bb1cd96441297a76967f27,10,15,false,0,false,7735.69,0.0.3
1372006316407,a15718229aa80528da97c7bfd6c9a976,75,9,false,0,false,7735.69,0.0.3
1372006316407,3788e3144825b03e491b32227547d622,25,17,false,0,false,7735.69,0.0.3
1372006316407,82c48fc7af10d4b1df666f5314ddd31e,100,16,false,0,false,7735.69,0.0.3
1372006316407,f2dc6eb72040c42565c89546b1a116b4,250,4,false,0,false,7735.69,0.0.3
1372006316407,899dbcf100c368208e110d3a900474ed,500,0,false,0,false,7735.69,0.0.3
1372006316407,7cd7c794ad6de23b786851284eb6c449,1000,1,false,0,false,7735.69,0.0.3
1372007515372,3788e3144825b03e491b32227547d622,25,17,false,0,false,7860.69,0.0.3
1372007515372,a15718229aa80528da97c7bfd6c9a976,75,9,false,0,false,7860.69,0.0.3
1372007515372,1d53c50b37bb1cd96441297a76967f27,10,15,false,0,false,7860.69,0.0.3
1372007515372,82c48fc7af10d4b1df666f5314ddd31e,100,17,false,0,false,7860.69,0.0.3
1372007515372,f2dc6eb72040c42565c89546b1a116b4,250,4,false,0,false,7860.69,0.0.3
1372007515372,899dbcf100c368208e110d3a900474ed,500,0,false,0,false,7860.69,0.0.3
1372007515372,7cd7c794ad6de23b786851284eb6c449,1000,1,false,0,false,7860.69,0.0.3
1372008106975,1d53c50b37bb1cd96441297a76967f27,10,15,false,0,false,7935.69,0.0.3
1372008106975,a15718229aa80528da97c7bfd6c9a976,75,10,false,0,false,7935.69,0.0.3
1372008106975,f2dc6eb72040c42565c89546b1a116b4,250,4,false,0,false,7935.69,0.0.3
1372008106975,82c48fc7af10d4b1df666f5314ddd31e,100,17,false,0,false,7935.69,0.0.3
1372008106975,899dbcf100c368208e110d3a900474ed,500,0,false,0,false,7935.69,0.0.3
1372008106975,3788e3144825b03e491b32227547d622,25,17,false,0,false,7935.69,0.0.3
1372008106975,7cd7c794ad6de23b786851284eb6c449,1000,1,false,0,false,7935.69,0.0.3
1372011125298,1d53c50b37bb1cd96441297a76967f27,10,16,false,0,false,7985.69,0.0.3
1372011125298,3788e3144825b03e491b32227547d622,25,17,false,0,false,7985.69,0.0.3
1372011125298,a15718229aa80528da97c7bfd6c9a976,75,10,false,0,false,7985.69,0.0.3
1372011125298,82c48fc7af10d4b1df666f5314ddd31e,100,17,false,0,false,7985.69,0.0.3
1372011125298,f2dc6eb72040c42565c89546b1a116b4,250,4,false,0,false,7985.69,0.0.3
1372011125298,899dbcf100c368208e110d3a900474ed,500,0,false,0,false,7985.69,0.0.3
1372011125298,7cd7c794ad6de23b786851284eb6c449,1000,1,false,0,false,7985.69,0.0.3
1372011743005,1d53c50b37bb1cd96441297a76967f27,10,16,false,0,false,8010.69,0.0.3
1372011743005,3788e3144825b03e491b32227547d622,25,18,false,0,false,8010.69,0.0.3
1372011743005,82c48fc7af10d4b1df666f5314ddd31e,100,17,false,0,false,8010.69,0.0.3
1372011743005,a15718229aa80528da97c7bfd6c9a976,75,10,false,0,false,8010.69,0.0.3
1372011743005,f2dc6eb72040c42565c89546b1a116b4,250,4,false,0,false,8010.69,0.0.3
1372011743005,899dbcf100c368208e110d3a900474ed,500,0,false,0,false,8010.69,0.0.3
1372011743005,7cd7c794ad6de23b786851284eb6c449,1000,1,false,0,false,8010.69,0.0.3
1372014105910,3788e3144825b03e491b32227547d622,25,18,false,0,false,8110.69,0.0.3
1372014105910,82c48fc7af10d4b1df666f5314ddd31e,100,18,false,0,false,8110.69,0.0.3
1372014105910,f2dc6eb72040c42565c89546b1a116b4,250,4,false,0,false,8110.69,0.0.3
1372014105910,899dbcf100c368208e110d3a900474ed,500,0,false,0,false,8110.69,0.0.3
1372014105910,1d53c50b37bb1cd96441297a76967f27,10,16,false,0,false,8110.69,0.0.3
1372014105910,7cd7c794ad6de23b786851284eb6c449,1000,1,false,0,false,8110.69,0.0.3
1372014105910,a15718229aa80528da97c7bfd6c9a976,75,10,false,0,false,8110.69,0.0.3
1372015907122,1d53c50b37bb1cd96441297a76967f27,10,16,false,0,false,8210.69,0.0.3
1372015907122,a15718229aa80528da97c7bfd6c9a976,75,10,false,0,false,8210.69,0.0.3
1372015907122,3788e3144825b03e491b32227547d622,25,18,false,0,false,8210.69,0.0.3
1372015907122,82c48fc7af10d4b1df666f5314ddd31e,100,19,false,0,false,8210.69,0.0.3
1372015907122,f2dc6eb72040c42565c89546b1a116b4,250,4,false,0,false,8210.69,0.0.3
1372015907122,899dbcf100c368208e110d3a900474ed,500,0,false,0,false,8210.69,0.0.3
1372015907122,7cd7c794ad6de23b786851284eb6c449,1000,1,false,0,false,8210.69,0.0.3
1372016506013,3788e3144825b03e491b32227547d622,25,19,false,0,false,8235.69,0.0.3
1372016506013,1d53c50b37bb1cd96441297a76967f27,10,16,false,0,false,8235.69,0.0.3
1372016506013,a15718229aa80528da97c7bfd6c9a976,75,10,false,0,false,8235.69,0.0.3
1372016506013,f2dc6eb72040c42565c89546b1a116b4,250,4,false,0,false,8235.69,0.0.3
1372016506013,82c48fc7af10d4b1df666f5314ddd31e,100,19,false,0,false,8235.69,0.0.3
1372016506013,899dbcf100c368208e110d3a900474ed,500,0,false,0,false,8235.69,0.0.3
1372016506013,7cd7c794ad6de23b786851284eb6c449,1000,1,false,0,false,8235.69,0.0.3
1372023113961,1d53c50b37bb1cd96441297a76967f27,10,16,false,0,false,8335.69,0.0.3
1372023113961,3788e3144825b03e491b32227547d622,25,19,false,0,false,8335.69,0.0.3
1372023113961,a15718229aa80528da97c7bfd6c9a976,75,10,false,0,false,8335.69,0.0.3
1372023113961,f2dc6eb72040c42565c89546b1a116b4,250,4,false,0,false,8335.69,0.0.3
1372023113961,82c48fc7af10d4b1df666f5314ddd31e,100,20,false,0,false,8335.69,0.0.3
1372023113961,899dbcf100c368208e110d3a900474ed,500,0,false,0,false,8335.69,0.0.3
1372023113961,7cd7c794ad6de23b786851284eb6c449,1000,1,false,0,false,8335.69,0.0.3
1372024908079,1d53c50b37bb1cd96441297a76967f27,10,16,false,0,false,8585.69,0.0.3
1372024908079,3788e3144825b03e491b32227547d622,25,19,false,0,false,8585.69,0.0.3
1372024908079,a15718229aa80528da97c7bfd6c9a976,75,10,false,0,false,8585.69,0.0.3
1372024908079,82c48fc7af10d4b1df666f5314ddd31e,100,20,false,0,false,8585.69,0.0.3
1372024908079,899dbcf100c368208e110d3a900474ed,500,0,false,0,false,8585.69,0.0.3
1372024908079,f2dc6eb72040c42565c89546b1a116b4,250,5,false,0,false,8585.69,0.0.3
1372024908079,7cd7c794ad6de23b786851284eb6c449,1000,1,false,0,false,8585.69,0.0.3
1372033921227,1d53c50b37bb1cd96441297a76967f27,10,16,false,0,false,8685.69,0.0.3
1372033921227,3788e3144825b03e491b32227547d622,25,19,false,0,false,8685.69,0.0.3
1372033921227,a15718229aa80528da97c7bfd6c9a976,75,10,false,0,false,8685.69,0.0.3
1372033921227,82c48fc7af10d4b1df666f5314ddd31e,100,21,false,0,false,8685.69,0.0.3
1372033921227,f2dc6eb72040c42565c89546b1a116b4,250,5,false,0,false,8685.69,0.0.3
1372033921227,899dbcf100c368208e110d3a900474ed,500,0,false,0,false,8685.69,0.0.3
1372033921227,7cd7c794ad6de23b786851284eb6c449,1000,1,false,0,false,8685.69,0.0.3
1372043514188,1d53c50b37bb1cd96441297a76967f27,10,16,false,0,false,8785.69,0.0.3
1372043514188,a15718229aa80528da97c7bfd6c9a976,75,10,false,0,false,8785.69,0.0.3
1372043514188,3788e3144825b03e491b32227547d622,25,19,false,0,false,8785.69,0.0.3
1372043514188,82c48fc7af10d4b1df666f5314ddd31e,100,22,false,0,false,8785.69,0.0.3
1372043514188,899dbcf100c368208e110d3a900474ed,500,0,false,0,false,8785.69,0.0.3
1372043514188,f2dc6eb72040c42565c89546b1a116b4,250,5,false,0,false,8785.69,0.0.3
1372043514188,7cd7c794ad6de23b786851284eb6c449,1000,1,false,0,false,8785.69,0.0.3
1372075919515,1d53c50b37bb1cd96441297a76967f27,10,16,false,0,false,8795.69,0.0.3
1372075919515,82c48fc7af10d4b1df666f5314ddd31e,100,22,false,0,false,8795.69,0.0.3
1372075919515,a15718229aa80528da97c7bfd6c9a976,75,10,false,0,false,8795.69,0.0.3
1372075919515,899dbcf100c368208e110d3a900474ed,500,0,false,0,false,8795.69,0.0.3
1372075919515,f2dc6eb72040c42565c89546b1a116b4,250,5,false,0,false,8795.69,0.0.3
1372075919515,3788e3144825b03e491b32227547d622,25,19,false,0,false,8795.69,0.0.3
1372075919515,7cd7c794ad6de23b786851284eb6c449,1000,1,false,0,false,8795.69,0.0.3
1372080120534,1d53c50b37bb1cd96441297a76967f27,10,17,false,0,false,8805.69,0.0.3
1372080120534,3788e3144825b03e491b32227547d622,25,19,false,0,false,8805.69,0.0.3
1372080120534,a15718229aa80528da97c7bfd6c9a976,75,10,false,0,false,8805.69,0.0.3
1372080120534,82c48fc7af10d4b1df666f5314ddd31e,100,22,false,0,false,8805.69,0.0.3
1372080120534,f2dc6eb72040c42565c89546b1a116b4,250,5,false,0,false,8805.69,0.0.3
1372080120534,899dbcf100c368208e110d3a900474ed,500,0,false,0,false,8805.69,0.0.3
1372080120534,7cd7c794ad6de23b786851284eb6c449,1000,1,false,0,false,8805.69,0.0.3
1372087936511,1d53c50b37bb1cd96441297a76967f27,10,18,false,0,false,8815.69,0.0.3
1372087936511,3788e3144825b03e491b32227547d622,25,19,false,0,false,8815.69,0.0.3
1372087936511,a15718229aa80528da97c7bfd6c9a976,75,10,false,0,false,8815.69,0.0.3
1372087936511,82c48fc7af10d4b1df666f5314ddd31e,100,22,false,0,false,8815.69,0.0.3
1372087936511,f2dc6eb72040c42565c89546b1a116b4,250,5,false,0,false,8815.69,0.0.3
1372087936511,899dbcf100c368208e110d3a900474ed,500,0,false,0,false,8815.69,0.0.3
1372087936511,7cd7c794ad6de23b786851284eb6c449,1000,1,false,0,false,8815.69,0.0.3
1372088531770,1d53c50b37bb1cd96441297a76967f27,10,18,false,0,false,8890.69,0.0.3
1372088531770,3788e3144825b03e491b32227547d622,25,19,false,0,false,8890.69,0.0.3
1372088531770,a15718229aa80528da97c7bfd6c9a976,75,11,false,0,false,8890.69,0.0.3
1372088531770,82c48fc7af10d4b1df666f5314ddd31e,100,22,false,0,false,8890.69,0.0.3
1372088531770,f2dc6eb72040c42565c89546b1a116b4,250,5,false,0,false,8890.69,0.0.3
1372088531770,899dbcf100c368208e110d3a900474ed,500,0,false,0,false,8890.69,0.0.3
1372088531770,7cd7c794ad6de23b786851284eb6c449,1000,1,false,0,false,8890.69,0.0.3
1372099926687,3788e3144825b03e491b32227547d622,25,19,false,0,false,8965.69,0.0.3
1372099926687,82c48fc7af10d4b1df666f5314ddd31e,100,22,false,0,false,8965.69,0.0.3
1372099926687,a15718229aa80528da97c7bfd6c9a976,75,12,false,0,false,8965.69,0.0.3
1372099926687,f2dc6eb72040c42565c89546b1a116b4,250,5,false,0,false,8965.69,0.0.3
1372099926687,899dbcf100c368208e110d3a900474ed,500,0,false,0,false,8965.69,0.0.3
1372099926687,7cd7c794ad6de23b786851284eb6c449,1000,1,false,0,false,8965.69,0.0.3
1372099926687,1d53c50b37bb1cd96441297a76967f27,10,18,false,0,false,8965.69,0.0.3
1372105349756,3788e3144825b03e491b32227547d622,25,19,false,0,false,9215.69,0.0.3
1372105349756,82c48fc7af10d4b1df666f5314ddd31e,100,22,false,0,false,9215.69,0.0.3
1372105349756,a15718229aa80528da97c7bfd6c9a976,75,12,false,0,false,9215.69,0.0.3
1372105349756,899dbcf100c368208e110d3a900474ed,500,0,false,0,false,9215.69,0.0.3
1372105349756,f2dc6eb72040c42565c89546b1a116b4,250,6,false,0,false,9215.69,0.0.3
1372105349756,7cd7c794ad6de23b786851284eb6c449,1000,1,false,0,false,9215.69,0.0.3
1372105349756,1d53c50b37bb1cd96441297a76967f27,10,18,false,0,false,9215.69,0.0.3
1372106545080,1d53c50b37bb1cd96441297a76967f27,10,18,false,0,false,9255.69,0.0.3
1372106545080,3788e3144825b03e491b32227547d622,25,20,false,0,false,9255.69,0.0.3
1372106545080,82c48fc7af10d4b1df666f5314ddd31e,100,22,false,0,false,9255.69,0.0.3
1372106545080,a15718229aa80528da97c7bfd6c9a976,75,12,false,0,false,9255.69,0.0.3
1372106545080,f2dc6eb72040c42565c89546b1a116b4,250,6,false,0,false,9255.69,0.0.3
1372106545080,899dbcf100c368208e110d3a900474ed,500,0,false,0,false,9255.69,0.0.3
1372106545080,7cd7c794ad6de23b786851284eb6c449,1000,1,false,0,false,9255.69,0.0.3
1372110741052,1d53c50b37bb1cd96441297a76967f27,10,18,false,0,false,9505.69,0.0.3
1372110741052,3788e3144825b03e491b32227547d622,25,20,false,0,false,9505.69,0.0.3
1372110741052,a15718229aa80528da97c7bfd6c9a976,75,12,false,0,false,9505.69,0.0.3
1372110741052,82c48fc7af10d4b1df666f5314ddd31e,100,22,false,0,false,9505.69,0.0.3
1372110741052,f2dc6eb72040c42565c89546b1a116b4,250,6,false,0,false,9505.69,0.0.3
1372110741052,899dbcf100c368208e110d3a900474ed,500,0,false,0,false,9505.69,0.0.3
1372110741052,7cd7c794ad6de23b786851284eb6c449,1000,1,false,0,false,9505.69,0.0.3
