1370449359284,a1673605437bc6c4d106f3e93520f655,10,0,false,0,false,50.0,0.0.3
1370449359284,b426dfb9bd1aa92f5eff563d53c5d65f,5,0,false,0,false,50.0,0.0.3
1370449359284,426c2a29d904b9378939ca739c07f257,15,0,false,0,false,50.0,0.0.3
1370449359284,5d02426b047b6b7d2c5774504d155ca0,1,0,false,0,false,50.0,0.0.3
1370449359284,aaa30d1e854dc5c5d6a1507b640cd27d,25,0,false,0,false,50.0,0.0.3
1370449359284,095995a6add822d4740fb34ee4c378b7,50,0,true,100,false,50.0,0.0.3
1370449359284,d0b69ace6fa3777a814f85b7bf9a765f,100,0,true,100,false,50.0,0.0.3
1370449359284,98a9b08b1ce0c0d9aeb2038f874ae014,150,0,true,25,false,50.0,0.0.3
1370449359284,6bc8f4a57fb133ae6d3a3ea971efeef2,250,0,true,25,false,50.0,0.0.3
1370449359284,534456106adfbad0d25fd539fbb92ff0,500,0,true,10,false,50.0,0.0.3
1370449359284,14647ad86d979e870264e3b4ad73944a,1000,0,true,3,false,50.0,0.0.3
1370449359284,3d803f40c3ccba6523455bddff67a5cf,3000,0,true,3,false,50.0,0.0.3
1370449359284,bbb1684591fcb9897cd9055723939da6,5000,0,true,1,false,50.0,0.0.3
1370451159568,b426dfb9bd1aa92f5eff563d53c5d65f,5,0,false,0,false,65.0,0.0.3
1370451159568,5d02426b047b6b7d2c5774504d155ca0,1,0,false,0,false,65.0,0.0.3
1370451159568,a1673605437bc6c4d106f3e93520f655,10,0,false,0,false,65.0,0.0.3
1370451159568,426c2a29d904b9378939ca739c07f257,15,1,false,0,false,65.0,0.0.3
1370451159568,aaa30d1e854dc5c5d6a1507b640cd27d,25,0,false,0,false,65.0,0.0.3
1370451159568,095995a6add822d4740fb34ee4c378b7,50,0,true,100,false,65.0,0.0.3
1370451159568,d0b69ace6fa3777a814f85b7bf9a765f,100,0,true,100,false,65.0,0.0.3
1370451159568,98a9b08b1ce0c0d9aeb2038f874ae014,150,0,true,25,false,65.0,0.0.3
1370451159568,6bc8f4a57fb133ae6d3a3ea971efeef2,250,0,true,25,false,65.0,0.0.3
1370451159568,534456106adfbad0d25fd539fbb92ff0,500,0,true,10,false,65.0,0.0.3
1370451159568,14647ad86d979e870264e3b4ad73944a,1000,0,true,3,false,65.0,0.0.3
1370451159568,bbb1684591fcb9897cd9055723939da6,5000,0,true,1,false,65.0,0.0.3
1370451159568,3d803f40c3ccba6523455bddff67a5cf,3000,0,true,3,false,65.0,0.0.3
1370452359980,5d02426b047b6b7d2c5774504d155ca0,1,0,false,0,false,75.0,0.0.3
1370452359980,b426dfb9bd1aa92f5eff563d53c5d65f,5,0,false,0,false,75.0,0.0.3
1370452359980,a1673605437bc6c4d106f3e93520f655,10,1,false,0,false,75.0,0.0.3
1370452359980,426c2a29d904b9378939ca739c07f257,15,1,false,0,false,75.0,0.0.3
1370452359980,aaa30d1e854dc5c5d6a1507b640cd27d,25,0,false,0,false,75.0,0.0.3
1370452359980,095995a6add822d4740fb34ee4c378b7,50,0,true,100,false,75.0,0.0.3
1370452359980,d0b69ace6fa3777a814f85b7bf9a765f,100,0,true,100,false,75.0,0.0.3
1370452359980,98a9b08b1ce0c0d9aeb2038f874ae014,150,0,true,25,false,75.0,0.0.3
1370452359980,6bc8f4a57fb133ae6d3a3ea971efeef2,250,0,true,25,false,75.0,0.0.3
1370452359980,534456106adfbad0d25fd539fbb92ff0,500,0,true,10,false,75.0,0.0.3
1370452359980,14647ad86d979e870264e3b4ad73944a,1000,0,true,3,false,75.0,0.0.3
1370452359980,3d803f40c3ccba6523455bddff67a5cf,3000,0,true,3,false,75.0,0.0.3
1370452359980,bbb1684591fcb9897cd9055723939da6,5000,0,true,1,false,75.0,0.0.3
1370454161713,b426dfb9bd1aa92f5eff563d53c5d65f,5,0,false,0,false,90.0,0.0.3
1370454161713,a1673605437bc6c4d106f3e93520f655,10,1,false,0,false,90.0,0.0.3
1370454161713,5d02426b047b6b7d2c5774504d155ca0,1,0,false,0,false,90.0,0.0.3
1370454161713,426c2a29d904b9378939ca739c07f257,15,2,false,0,false,90.0,0.0.3
1370454161713,aaa30d1e854dc5c5d6a1507b640cd27d,25,0,false,0,false,90.0,0.0.3
1370454161713,98a9b08b1ce0c0d9aeb2038f874ae014,150,0,true,25,false,90.0,0.0.3
1370454161713,d0b69ace6fa3777a814f85b7bf9a765f,100,0,true,100,false,90.0,0.0.3
1370454161713,095995a6add822d4740fb34ee4c378b7,50,0,true,100,false,90.0,0.0.3
1370454161713,6bc8f4a57fb133ae6d3a3ea971efeef2,250,0,true,25,false,90.0,0.0.3
1370454161713,534456106adfbad0d25fd539fbb92ff0,500,0,true,10,false,90.0,0.0.3
1370454161713,14647ad86d979e870264e3b4ad73944a,1000,0,true,3,false,90.0,0.0.3
1370454161713,3d803f40c3ccba6523455bddff67a5cf,3000,0,true,3,false,90.0,0.0.3
1370454161713,bbb1684591fcb9897cd9055723939da6,5000,0,true,1,false,90.0,0.0.3
1370470374124,b426dfb9bd1aa92f5eff563d53c5d65f,5,0,false,0,false,140.0,0.0.3
1370470374124,426c2a29d904b9378939ca739c07f257,15,2,false,0,false,140.0,0.0.3
1370470374124,095995a6add822d4740fb34ee4c378b7,50,0,true,100,false,140.0,0.0.3
1370470374124,a1673605437bc6c4d106f3e93520f655,10,1,false,0,false,140.0,0.0.3
1370470374124,aaa30d1e854dc5c5d6a1507b640cd27d,25,0,false,0,false,140.0,0.0.3
1370470374124,d0b69ace6fa3777a814f85b7bf9a765f,100,0,true,100,false,140.0,0.0.3
1370470374124,98a9b08b1ce0c0d9aeb2038f874ae014,150,0,true,25,false,140.0,0.0.3
1370470374124,6bc8f4a57fb133ae6d3a3ea971efeef2,250,0,true,25,false,140.0,0.0.3
1370470374124,534456106adfbad0d25fd539fbb92ff0,500,0,true,10,false,140.0,0.0.3
1370470374124,14647ad86d979e870264e3b4ad73944a,1000,0,true,3,false,140.0,0.0.3
1370470374124,5d02426b047b6b7d2c5774504d155ca0,1,0,false,0,false,140.0,0.0.3
1370470374124,3d803f40c3ccba6523455bddff67a5cf,3000,0,true,3,false,140.0,0.0.3
1370470374124,bbb1684591fcb9897cd9055723939da6,5000,0,true,1,false,140.0,0.0.3
1370472174475,5d02426b047b6b7d2c5774504d155ca0,1,0,false,0,false,145.0,0.0.3
1370472174475,b426dfb9bd1aa92f5eff563d53c5d65f,5,1,false,0,false,145.0,0.0.3
1370472174475,a1673605437bc6c4d106f3e93520f655,10,1,false,0,false,145.0,0.0.3
1370472174475,426c2a29d904b9378939ca739c07f257,15,2,false,0,false,145.0,0.0.3
1370472174475,aaa30d1e854dc5c5d6a1507b640cd27d,25,0,false,0,false,145.0,0.0.3
1370472174475,095995a6add822d4740fb34ee4c378b7,50,0,true,100,false,145.0,0.0.3
1370472174475,d0b69ace6fa3777a814f85b7bf9a765f,100,0,true,100,false,145.0,0.0.3
1370472174475,98a9b08b1ce0c0d9aeb2038f874ae014,150,0,true,25,false,145.0,0.0.3
1370472174475,6bc8f4a57fb133ae6d3a3ea971efeef2,250,0,true,25,false,145.0,0.0.3
1370472174475,534456106adfbad0d25fd539fbb92ff0,500,0,true,10,false,145.0,0.0.3
1370472174475,14647ad86d979e870264e3b4ad73944a,1000,0,true,3,false,145.0,0.0.3
1370472174475,3d803f40c3ccba6523455bddff67a5cf,3000,0,true,3,false,145.0,0.0.3
1370472174475,bbb1684591fcb9897cd9055723939da6,5000,0,true,1,false,145.0,0.0.3
1370502185939,5d02426b047b6b7d2c5774504d155ca0,1,0,false,0,false,155.0,0.0.3
1370502185939,b426dfb9bd1aa92f5eff563d53c5d65f,5,2,false,0,false,155.0,0.0.3
1370502185939,a1673605437bc6c4d106f3e93520f655,10,1,false,0,false,155.0,0.0.3
1370502185939,426c2a29d904b9378939ca739c07f257,15,2,false,0,false,155.0,0.0.3
1370502185939,aaa30d1e854dc5c5d6a1507b640cd27d,25,0,false,0,false,155.0,0.0.3
1370502185939,095995a6add822d4740fb34ee4c378b7,50,0,true,100,false,155.0,0.0.3
1370502185939,d0b69ace6fa3777a814f85b7bf9a765f,100,0,true,100,false,155.0,0.0.3
1370502185939,98a9b08b1ce0c0d9aeb2038f874ae014,150,0,true,25,false,155.0,0.0.3
1370502185939,6bc8f4a57fb133ae6d3a3ea971efeef2,250,0,true,25,false,155.0,0.0.3
1370502185939,534456106adfbad0d25fd539fbb92ff0,500,0,true,10,false,155.0,0.0.3
1370502185939,14647ad86d979e870264e3b4ad73944a,1000,0,true,3,false,155.0,0.0.3
1370502185939,3d803f40c3ccba6523455bddff67a5cf,3000,0,true,3,false,155.0,0.0.3
1370502185939,bbb1684591fcb9897cd9055723939da6,5000,0,true,1,false,155.0,0.0.3
1370503388141,5d02426b047b6b7d2c5774504d155ca0,1,0,false,0,false,165.0,0.0.3
1370503388141,a1673605437bc6c4d106f3e93520f655,10,2,false,0,false,165.0,0.0.3
1370503388141,426c2a29d904b9378939ca739c07f257,15,2,false,0,false,165.0,0.0.3
1370503388141,b426dfb9bd1aa92f5eff563d53c5d65f,5,2,false,0,false,165.0,0.0.3
1370503388141,aaa30d1e854dc5c5d6a1507b640cd27d,25,0,false,0,false,165.0,0.0.3
1370503388141,095995a6add822d4740fb34ee4c378b7,50,0,true,100,false,165.0,0.0.3
1370503388141,d0b69ace6fa3777a814f85b7bf9a765f,100,0,true,100,false,165.0,0.0.3
1370503388141,6bc8f4a57fb133ae6d3a3ea971efeef2,250,0,true,25,false,165.0,0.0.3
1370503388141,534456106adfbad0d25fd539fbb92ff0,500,0,true,10,false,165.0,0.0.3
1370503388141,98a9b08b1ce0c0d9aeb2038f874ae014,150,0,true,25,false,165.0,0.0.3
1370503388141,14647ad86d979e870264e3b4ad73944a,1000,0,true,3,false,165.0,0.0.3
1370503388141,3d803f40c3ccba6523455bddff67a5cf,3000,0,true,3,false,165.0,0.0.3
1370503388141,bbb1684591fcb9897cd9055723939da6,5000,0,true,1,false,165.0,0.0.3
1370509988333,a1673605437bc6c4d106f3e93520f655,10,3,false,0,false,185.0,0.0.3
1370509988333,b426dfb9bd1aa92f5eff563d53c5d65f,5,2,false,0,false,185.0,0.0.3
1370509988333,426c2a29d904b9378939ca739c07f257,15,2,false,0,false,185.0,0.0.3
1370509988333,aaa30d1e854dc5c5d6a1507b640cd27d,25,0,false,0,false,185.0,0.0.3
1370509988333,095995a6add822d4740fb34ee4c378b7,50,0,true,100,false,185.0,0.0.3
1370509988333,d0b69ace6fa3777a814f85b7bf9a765f,100,0,true,100,false,185.0,0.0.3
1370509988333,98a9b08b1ce0c0d9aeb2038f874ae014,150,0,true,25,false,185.0,0.0.3
1370509988333,6bc8f4a57fb133ae6d3a3ea971efeef2,250,0,true,25,false,185.0,0.0.3
1370509988333,534456106adfbad0d25fd539fbb92ff0,500,0,true,10,false,185.0,0.0.3
1370509988333,14647ad86d979e870264e3b4ad73944a,1000,0,true,3,false,185.0,0.0.3
1370509988333,5d02426b047b6b7d2c5774504d155ca0,1,0,false,0,false,185.0,0.0.3
1370509988333,3d803f40c3ccba6523455bddff67a5cf,3000,0,true,3,false,185.0,0.0.3
1370509988333,bbb1684591fcb9897cd9055723939da6,5000,0,true,1,false,185.0,0.0.3
1370513590457,5d02426b047b6b7d2c5774504d155ca0,1,0,false,0,false,200.0,0.0.3
1370513590457,b426dfb9bd1aa92f5eff563d53c5d65f,5,2,false,0,false,200.0,0.0.3
1370513590457,a1673605437bc6c4d106f3e93520f655,10,3,false,0,false,200.0,0.0.3
1370513590457,426c2a29d904b9378939ca739c07f257,15,3,false,0,false,200.0,0.0.3
1370513590457,aaa30d1e854dc5c5d6a1507b640cd27d,25,0,false,0,false,200.0,0.0.3
1370513590457,095995a6add822d4740fb34ee4c378b7,50,0,true,100,false,200.0,0.0.3
1370513590457,d0b69ace6fa3777a814f85b7bf9a765f,100,0,true,100,false,200.0,0.0.3
1370513590457,98a9b08b1ce0c0d9aeb2038f874ae014,150,0,true,25,false,200.0,0.0.3
1370513590457,6bc8f4a57fb133ae6d3a3ea971efeef2,250,0,true,25,false,200.0,0.0.3
1370513590457,534456106adfbad0d25fd539fbb92ff0,500,0,true,10,false,200.0,0.0.3
1370513590457,14647ad86d979e870264e3b4ad73944a,1000,0,true,3,false,200.0,0.0.3
1370513590457,3d803f40c3ccba6523455bddff67a5cf,3000,0,true,3,false,200.0,0.0.3
1370513590457,bbb1684591fcb9897cd9055723939da6,5000,0,true,1,false,200.0,0.0.3
1370522593379,5d02426b047b6b7d2c5774504d155ca0,1,1,false,0,false,201.0,0.0.3
1370522593379,b426dfb9bd1aa92f5eff563d53c5d65f,5,2,false,0,false,201.0,0.0.3
1370522593379,a1673605437bc6c4d106f3e93520f655,10,3,false,0,false,201.0,0.0.3
1370522593379,426c2a29d904b9378939ca739c07f257,15,3,false,0,false,201.0,0.0.3
1370522593379,aaa30d1e854dc5c5d6a1507b640cd27d,25,0,false,0,false,201.0,0.0.3
1370522593379,095995a6add822d4740fb34ee4c378b7,50,0,true,100,false,201.0,0.0.3
1370522593379,d0b69ace6fa3777a814f85b7bf9a765f,100,0,true,100,false,201.0,0.0.3
1370522593379,98a9b08b1ce0c0d9aeb2038f874ae014,150,0,true,25,false,201.0,0.0.3
1370522593379,6bc8f4a57fb133ae6d3a3ea971efeef2,250,0,true,25,false,201.0,0.0.3
1370522593379,534456106adfbad0d25fd539fbb92ff0,500,0,true,10,false,201.0,0.0.3
1370522593379,14647ad86d979e870264e3b4ad73944a,1000,0,true,3,false,201.0,0.0.3
1370522593379,3d803f40c3ccba6523455bddff67a5cf,3000,0,true,3,false,201.0,0.0.3
1370522593379,bbb1684591fcb9897cd9055723939da6,5000,0,true,1,false,201.0,0.0.3
1370524395555,5d02426b047b6b7d2c5774504d155ca0,1,1,false,0,false,251.0,0.0.3
1370524395555,b426dfb9bd1aa92f5eff563d53c5d65f,5,2,false,0,false,251.0,0.0.3
1370524395555,a1673605437bc6c4d106f3e93520f655,10,3,false,0,false,251.0,0.0.3
1370524395555,426c2a29d904b9378939ca739c07f257,15,3,false,0,false,251.0,0.0.3
1370524395555,aaa30d1e854dc5c5d6a1507b640cd27d,25,0,false,0,false,251.0,0.0.3
1370524395555,095995a6add822d4740fb34ee4c378b7,50,1,true,100,false,251.0,0.0.3
1370524395555,d0b69ace6fa3777a814f85b7bf9a765f,100,0,true,100,false,251.0,0.0.3
1370524395555,98a9b08b1ce0c0d9aeb2038f874ae014,150,0,true,25,false,251.0,0.0.3
1370524395555,6bc8f4a57fb133ae6d3a3ea971efeef2,250,0,true,25,false,251.0,0.0.3
1370524395555,534456106adfbad0d25fd539fbb92ff0,500,0,true,10,false,251.0,0.0.3
1370524395555,14647ad86d979e870264e3b4ad73944a,1000,0,true,3,false,251.0,0.0.3
1370524395555,3d803f40c3ccba6523455bddff67a5cf,3000,0,true,3,false,251.0,0.0.3
1370524395555,bbb1684591fcb9897cd9055723939da6,5000,0,true,1,false,251.0,0.0.3
1370535198604,5d02426b047b6b7d2c5774504d155ca0,1,1,false,0,false,261.0,0.0.3
1370535198604,b426dfb9bd1aa92f5eff563d53c5d65f,5,2,false,0,false,261.0,0.0.3
1370535198604,a1673605437bc6c4d106f3e93520f655,10,4,false,0,false,261.0,0.0.3
1370535198604,426c2a29d904b9378939ca739c07f257,15,3,false,0,false,261.0,0.0.3
1370535198604,aaa30d1e854dc5c5d6a1507b640cd27d,25,0,false,0,false,261.0,0.0.3
1370535198604,095995a6add822d4740fb34ee4c378b7,50,1,true,100,false,261.0,0.0.3
1370535198604,d0b69ace6fa3777a814f85b7bf9a765f,100,0,true,100,false,261.0,0.0.3
1370535198604,98a9b08b1ce0c0d9aeb2038f874ae014,150,0,true,25,false,261.0,0.0.3
1370535198604,6bc8f4a57fb133ae6d3a3ea971efeef2,250,0,true,25,false,261.0,0.0.3
1370535198604,534456106adfbad0d25fd539fbb92ff0,500,0,true,10,false,261.0,0.0.3
1370535198604,14647ad86d979e870264e3b4ad73944a,1000,0,true,3,false,261.0,0.0.3
1370535198604,3d803f40c3ccba6523455bddff67a5cf,3000,0,true,3,false,261.0,0.0.3
1370535198604,bbb1684591fcb9897cd9055723939da6,5000,0,true,1,false,261.0,0.0.3
1370552004520,5d02426b047b6b7d2c5774504d155ca0,1,1,false,0,false,286.0,0.0.3
1370552004520,b426dfb9bd1aa92f5eff563d53c5d65f,5,2,false,0,false,286.0,0.0.3
1370552004520,a1673605437bc6c4d106f3e93520f655,10,4,false,0,false,286.0,0.0.3
1370552004520,426c2a29d904b9378939ca739c07f257,15,3,false,0,false,286.0,0.0.3
1370552004520,aaa30d1e854dc5c5d6a1507b640cd27d,25,1,false,0,false,286.0,0.0.3
1370552004520,095995a6add822d4740fb34ee4c378b7,50,1,true,100,false,286.0,0.0.3
1370552004520,d0b69ace6fa3777a814f85b7bf9a765f,100,0,true,100,false,286.0,0.0.3
1370552004520,98a9b08b1ce0c0d9aeb2038f874ae014,150,0,true,25,false,286.0,0.0.3
1370552004520,6bc8f4a57fb133ae6d3a3ea971efeef2,250,0,true,25,false,286.0,0.0.3
1370552004520,534456106adfbad0d25fd539fbb92ff0,500,0,true,10,false,286.0,0.0.3
1370552004520,14647ad86d979e870264e3b4ad73944a,1000,0,true,3,false,286.0,0.0.3
1370552004520,3d803f40c3ccba6523455bddff67a5cf,3000,0,true,3,false,286.0,0.0.3
1370552004520,bbb1684591fcb9897cd9055723939da6,5000,0,true,1,false,286.0,0.0.3
1370556208127,5d02426b047b6b7d2c5774504d155ca0,1,1,false,0,false,311.0,0.0.3
1370556208127,b426dfb9bd1aa92f5eff563d53c5d65f,5,2,false,0,false,311.0,0.0.3
1370556208127,426c2a29d904b9378939ca739c07f257,15,3,false,0,false,311.0,0.0.3
1370556208127,a1673605437bc6c4d106f3e93520f655,10,4,false,0,false,311.0,0.0.3
1370556208127,aaa30d1e854dc5c5d6a1507b640cd27d,25,2,false,0,false,311.0,0.0.3
1370556208127,095995a6add822d4740fb34ee4c378b7,50,1,true,100,false,311.0,0.0.3
1370556208127,d0b69ace6fa3777a814f85b7bf9a765f,100,0,true,100,false,311.0,0.0.3
1370556208127,98a9b08b1ce0c0d9aeb2038f874ae014,150,0,true,25,false,311.0,0.0.3
1370556208127,6bc8f4a57fb133ae6d3a3ea971efeef2,250,0,true,25,false,311.0,0.0.3
1370556208127,534456106adfbad0d25fd539fbb92ff0,500,0,true,10,false,311.0,0.0.3
1370556208127,14647ad86d979e870264e3b4ad73944a,1000,0,true,3,false,311.0,0.0.3
1370556208127,bbb1684591fcb9897cd9055723939da6,5000,0,true,1,false,311.0,0.0.3
1370556208127,3d803f40c3ccba6523455bddff67a5cf,3000,0,true,3,false,311.0,0.0.3
1370560421144,5d02426b047b6b7d2c5774504d155ca0,1,1,false,0,false,3311.0,0.0.3
1370560421144,b426dfb9bd1aa92f5eff563d53c5d65f,5,2,false,0,false,3311.0,0.0.3
1370560421144,a1673605437bc6c4d106f3e93520f655,10,4,false,0,false,3311.0,0.0.3
1370560421144,426c2a29d904b9378939ca739c07f257,15,3,false,0,false,3311.0,0.0.3
1370560421144,aaa30d1e854dc5c5d6a1507b640cd27d,25,2,false,0,false,3311.0,0.0.3
1370560421144,095995a6add822d4740fb34ee4c378b7,50,1,true,100,false,3311.0,0.0.3
1370560421144,d0b69ace6fa3777a814f85b7bf9a765f,100,0,true,100,false,3311.0,0.0.3
1370560421144,98a9b08b1ce0c0d9aeb2038f874ae014,150,0,true,25,false,3311.0,0.0.3
1370560421144,6bc8f4a57fb133ae6d3a3ea971efeef2,250,0,true,25,false,3311.0,0.0.3
1370560421144,534456106adfbad0d25fd539fbb92ff0,500,0,true,10,false,3311.0,0.0.3
1370560421144,14647ad86d979e870264e3b4ad73944a,1000,0,true,3,false,3311.0,0.0.3
1370560421144,3d803f40c3ccba6523455bddff67a5cf,3000,1,true,3,false,3311.0,0.0.3
1370560421144,bbb1684591fcb9897cd9055723939da6,5000,0,true,1,false,3311.0,0.0.3
1370573615300,5d02426b047b6b7d2c5774504d155ca0,1,1,false,0,false,3376.0,0.0.3
1370573615300,b426dfb9bd1aa92f5eff563d53c5d65f,5,2,false,0,false,3376.0,0.0.3
1370573615300,a1673605437bc6c4d106f3e93520f655,10,4,false,0,false,3376.0,0.0.3
1370573615300,426c2a29d904b9378939ca739c07f257,15,3,false,0,false,3376.0,0.0.3
1370573615300,aaa30d1e854dc5c5d6a1507b640cd27d,25,2,false,0,false,3376.0,0.0.3
1370573615300,095995a6add822d4740fb34ee4c378b7,50,2,true,100,false,3376.0,0.0.3
1370573615300,d0b69ace6fa3777a814f85b7bf9a765f,100,0,true,100,false,3376.0,0.0.3
1370573615300,98a9b08b1ce0c0d9aeb2038f874ae014,150,0,true,25,false,3376.0,0.0.3
1370573615300,6bc8f4a57fb133ae6d3a3ea971efeef2,250,0,true,25,false,3376.0,0.0.3
1370573615300,534456106adfbad0d25fd539fbb92ff0,500,0,true,10,false,3376.0,0.0.3
1370573615300,14647ad86d979e870264e3b4ad73944a,1000,0,true,3,false,3376.0,0.0.3
1370573615300,3d803f40c3ccba6523455bddff67a5cf,3000,1,true,3,false,3376.0,0.0.3
1370573615300,bbb1684591fcb9897cd9055723939da6,5000,0,true,1,false,3376.0,0.0.3
1370594628214,5d02426b047b6b7d2c5774504d155ca0,1,1,false,0,false,3426.0,0.0.3
1370594628214,426c2a29d904b9378939ca739c07f257,15,3,false,0,false,3426.0,0.0.3
1370594628214,a1673605437bc6c4d106f3e93520f655,10,4,false,0,false,3426.0,0.0.3
1370594628214,aaa30d1e854dc5c5d6a1507b640cd27d,25,2,false,0,false,3426.0,0.0.3
1370594628214,095995a6add822d4740fb34ee4c378b7,50,3,true,100,false,3426.0,0.0.3
1370594628214,b426dfb9bd1aa92f5eff563d53c5d65f,5,2,false,0,false,3426.0,0.0.3
1370594628214,d0b69ace6fa3777a814f85b7bf9a765f,100,0,true,100,false,3426.0,0.0.3
1370594628214,98a9b08b1ce0c0d9aeb2038f874ae014,150,0,true,25,false,3426.0,0.0.3
1370594628214,6bc8f4a57fb133ae6d3a3ea971efeef2,250,0,true,25,false,3426.0,0.0.3
1370594628214,534456106adfbad0d25fd539fbb92ff0,500,0,true,10,false,3426.0,0.0.3
1370594628214,14647ad86d979e870264e3b4ad73944a,1000,0,true,3,false,3426.0,0.0.3
1370594628214,3d803f40c3ccba6523455bddff67a5cf,3000,1,true,3,false,3426.0,0.0.3
1370594628214,bbb1684591fcb9897cd9055723939da6,5000,0,true,1,false,3426.0,0.0.3
1370604829562,5d02426b047b6b7d2c5774504d155ca0,1,1,false,0,false,3526.0,0.0.3
1370604829562,b426dfb9bd1aa92f5eff563d53c5d65f,5,2,false,0,false,3526.0,0.0.3
1370604829562,a1673605437bc6c4d106f3e93520f655,10,4,false,0,false,3526.0,0.0.3
1370604829562,426c2a29d904b9378939ca739c07f257,15,3,false,0,false,3526.0,0.0.3
1370604829562,aaa30d1e854dc5c5d6a1507b640cd27d,25,2,false,0,false,3526.0,0.0.3
1370604829562,095995a6add822d4740fb34ee4c378b7,50,3,true,100,false,3526.0,0.0.3
1370604829562,d0b69ace6fa3777a814f85b7bf9a765f,100,1,true,100,false,3526.0,0.0.3
1370604829562,98a9b08b1ce0c0d9aeb2038f874ae014,150,0,true,25,false,3526.0,0.0.3
1370604829562,6bc8f4a57fb133ae6d3a3ea971efeef2,250,0,true,25,false,3526.0,0.0.3
1370604829562,534456106adfbad0d25fd539fbb92ff0,500,0,true,10,false,3526.0,0.0.3
1370604829562,14647ad86d979e870264e3b4ad73944a,1000,0,true,3,false,3526.0,0.0.3
1370604829562,3d803f40c3ccba6523455bddff67a5cf,3000,1,true,3,false,3526.0,0.0.3
1370604829562,bbb1684591fcb9897cd9055723939da6,5000,0,true,1,false,3526.0,0.0.3
1370607235846,5d02426b047b6b7d2c5774504d155ca0,1,0,false,0,false,3525.0,0.0.3
1370607235846,aaa30d1e854dc5c5d6a1507b640cd27d,25,2,false,0,false,3525.0,0.0.3
1370607235846,426c2a29d904b9378939ca739c07f257,15,3,false,0,false,3525.0,0.0.3
1370607235846,b426dfb9bd1aa92f5eff563d53c5d65f,5,2,false,0,false,3525.0,0.0.3
1370607235846,a1673605437bc6c4d106f3e93520f655,10,4,false,0,false,3525.0,0.0.3
1370607235846,095995a6add822d4740fb34ee4c378b7,50,3,true,100,false,3525.0,0.0.3
1370607235846,d0b69ace6fa3777a814f85b7bf9a765f,100,1,true,100,false,3525.0,0.0.3
1370607235846,98a9b08b1ce0c0d9aeb2038f874ae014,150,0,true,25,false,3525.0,0.0.3
1370607235846,6bc8f4a57fb133ae6d3a3ea971efeef2,250,0,true,25,false,3525.0,0.0.3
1370607235846,534456106adfbad0d25fd539fbb92ff0,500,0,true,10,false,3525.0,0.0.3
1370607235846,14647ad86d979e870264e3b4ad73944a,1000,0,true,3,false,3525.0,0.0.3
1370607235846,3d803f40c3ccba6523455bddff67a5cf,3000,1,true,3,false,3525.0,0.0.3
1370607235846,bbb1684591fcb9897cd9055723939da6,5000,0,true,1,false,3525.0,0.0.3
1370612628046,5d02426b047b6b7d2c5774504d155ca0,1,0,false,0,false,3530.0,0.0.3
1370612628046,b426dfb9bd1aa92f5eff563d53c5d65f,5,3,false,0,false,3530.0,0.0.3
1370612628046,a1673605437bc6c4d106f3e93520f655,10,4,false,0,false,3530.0,0.0.3
1370612628046,426c2a29d904b9378939ca739c07f257,15,3,false,0,false,3530.0,0.0.3
1370612628046,aaa30d1e854dc5c5d6a1507b640cd27d,25,2,false,0,false,3530.0,0.0.3
1370612628046,095995a6add822d4740fb34ee4c378b7,50,3,true,100,false,3530.0,0.0.3
1370612628046,d0b69ace6fa3777a814f85b7bf9a765f,100,1,true,100,false,3530.0,0.0.3
1370612628046,98a9b08b1ce0c0d9aeb2038f874ae014,150,0,true,25,false,3530.0,0.0.3
1370612628046,534456106adfbad0d25fd539fbb92ff0,500,0,true,10,false,3530.0,0.0.3
1370612628046,6bc8f4a57fb133ae6d3a3ea971efeef2,250,0,true,25,false,3530.0,0.0.3
1370612628046,14647ad86d979e870264e3b4ad73944a,1000,0,true,3,false,3530.0,0.0.3
1370612628046,3d803f40c3ccba6523455bddff67a5cf,3000,1,true,3,false,3530.0,0.0.3
1370612628046,bbb1684591fcb9897cd9055723939da6,5000,0,true,1,false,3530.0,0.0.3
1370617429922,426c2a29d904b9378939ca739c07f257,15,3,false,0,false,3560.0,0.0.3
1370617429922,b426dfb9bd1aa92f5eff563d53c5d65f,5,3,false,0,false,3560.0,0.0.3
1370617429922,a1673605437bc6c4d106f3e93520f655,10,4,false,0,false,3560.0,0.0.3
1370617429922,aaa30d1e854dc5c5d6a1507b640cd27d,25,2,false,0,false,3560.0,0.0.3
1370617429922,095995a6add822d4740fb34ee4c378b7,50,3,true,100,false,3560.0,0.0.3
1370617429922,5d02426b047b6b7d2c5774504d155ca0,1,0,false,0,false,3560.0,0.0.3
1370617429922,d0b69ace6fa3777a814f85b7bf9a765f,100,1,true,100,false,3560.0,0.0.3
1370617429922,98a9b08b1ce0c0d9aeb2038f874ae014,150,0,true,25,false,3560.0,0.0.3
1370617429922,6bc8f4a57fb133ae6d3a3ea971efeef2,250,0,true,25,false,3560.0,0.0.3
1370617429922,14647ad86d979e870264e3b4ad73944a,1000,0,true,3,false,3560.0,0.0.3
1370617429922,534456106adfbad0d25fd539fbb92ff0,500,0,true,10,false,3560.0,0.0.3
1370617429922,3d803f40c3ccba6523455bddff67a5cf,3000,1,true,3,false,3560.0,0.0.3
1370617429922,bbb1684591fcb9897cd9055723939da6,5000,0,true,1,false,3560.0,0.0.3
1370645652104,5d02426b047b6b7d2c5774504d155ca0,1,0,false,0,false,3585.0,0.0.3
1370645652104,b426dfb9bd1aa92f5eff563d53c5d65f,5,3,false,0,false,3585.0,0.0.3
1370645652104,a1673605437bc6c4d106f3e93520f655,10,4,false,0,false,3585.0,0.0.3
1370645652104,426c2a29d904b9378939ca739c07f257,15,3,false,0,false,3585.0,0.0.3
1370645652104,aaa30d1e854dc5c5d6a1507b640cd27d,25,3,false,0,false,3585.0,0.0.3
1370645652104,095995a6add822d4740fb34ee4c378b7,50,3,true,100,false,3585.0,0.0.3
1370645652104,d0b69ace6fa3777a814f85b7bf9a765f,100,1,true,100,false,3585.0,0.0.3
1370645652104,98a9b08b1ce0c0d9aeb2038f874ae014,150,0,true,25,false,3585.0,0.0.3
1370645652104,6bc8f4a57fb133ae6d3a3ea971efeef2,250,0,true,25,false,3585.0,0.0.3
1370645652104,534456106adfbad0d25fd539fbb92ff0,500,0,true,10,false,3585.0,0.0.3
1370645652104,14647ad86d979e870264e3b4ad73944a,1000,0,true,3,false,3585.0,0.0.3
1370645652104,3d803f40c3ccba6523455bddff67a5cf,3000,1,true,3,false,3585.0,0.0.3
1370645652104,bbb1684591fcb9897cd9055723939da6,5000,0,true,1,false,3585.0,0.0.3
1370660659605,5d02426b047b6b7d2c5774504d155ca0,1,0,false,0,false,3651.0,0.0.3
1370660659605,b426dfb9bd1aa92f5eff563d53c5d65f,5,3,false,0,false,3651.0,0.0.3
1370660659605,a1673605437bc6c4d106f3e93520f655,10,4,false,0,false,3651.0,0.0.3
1370660659605,426c2a29d904b9378939ca739c07f257,15,3,false,0,false,3651.0,0.0.3
1370660659605,aaa30d1e854dc5c5d6a1507b640cd27d,25,3,false,0,false,3651.0,0.0.3
1370660659605,095995a6add822d4740fb34ee4c378b7,50,3,true,100,false,3651.0,0.0.3
1370660659605,d0b69ace6fa3777a814f85b7bf9a765f,100,1,true,100,false,3651.0,0.0.3
1370660659605,98a9b08b1ce0c0d9aeb2038f874ae014,150,0,true,25,false,3651.0,0.0.3
1370660659605,6bc8f4a57fb133ae6d3a3ea971efeef2,250,0,true,25,false,3651.0,0.0.3
1370660659605,534456106adfbad0d25fd539fbb92ff0,500,0,true,10,false,3651.0,0.0.3
1370660659605,14647ad86d979e870264e3b4ad73944a,1000,0,true,3,false,3651.0,0.0.3
1370660659605,3d803f40c3ccba6523455bddff67a5cf,3000,1,true,3,false,3651.0,0.0.3
1370660659605,bbb1684591fcb9897cd9055723939da6,5000,0,true,1,false,3651.0,0.0.3
1370685872007,5d02426b047b6b7d2c5774504d155ca0,1,0,false,0,false,3751.0,0.0.3
1370685872007,b426dfb9bd1aa92f5eff563d53c5d65f,5,3,false,0,false,3751.0,0.0.3
1370685872007,a1673605437bc6c4d106f3e93520f655,10,4,false,0,false,3751.0,0.0.3
1370685872007,426c2a29d904b9378939ca739c07f257,15,3,false,0,false,3751.0,0.0.3
1370685872007,aaa30d1e854dc5c5d6a1507b640cd27d,25,3,false,0,false,3751.0,0.0.3
1370685872007,095995a6add822d4740fb34ee4c378b7,50,3,true,100,false,3751.0,0.0.3
1370685872007,d0b69ace6fa3777a814f85b7bf9a765f,100,2,true,100,false,3751.0,0.0.3
1370685872007,98a9b08b1ce0c0d9aeb2038f874ae014,150,0,true,25,false,3751.0,0.0.3
1370685872007,6bc8f4a57fb133ae6d3a3ea971efeef2,250,0,true,25,false,3751.0,0.0.3
1370685872007,534456106adfbad0d25fd539fbb92ff0,500,0,true,10,false,3751.0,0.0.3
1370685872007,14647ad86d979e870264e3b4ad73944a,1000,0,true,3,false,3751.0,0.0.3
1370685872007,3d803f40c3ccba6523455bddff67a5cf,3000,1,true,3,false,3751.0,0.0.3
1370685872007,bbb1684591fcb9897cd9055723939da6,5000,0,true,1,false,3751.0,0.0.3
1370688869967,5d02426b047b6b7d2c5774504d155ca0,1,0,false,0,false,3756.0,0.0.3
1370688869967,b426dfb9bd1aa92f5eff563d53c5d65f,5,4,false,0,false,3756.0,0.0.3
1370688869967,a1673605437bc6c4d106f3e93520f655,10,4,false,0,false,3756.0,0.0.3
1370688869967,426c2a29d904b9378939ca739c07f257,15,3,false,0,false,3756.0,0.0.3
1370688869967,aaa30d1e854dc5c5d6a1507b640cd27d,25,3,false,0,false,3756.0,0.0.3
1370688869967,095995a6add822d4740fb34ee4c378b7,50,3,true,100,false,3756.0,0.0.3
1370688869967,d0b69ace6fa3777a814f85b7bf9a765f,100,2,true,100,false,3756.0,0.0.3
1370688869967,98a9b08b1ce0c0d9aeb2038f874ae014,150,0,true,25,false,3756.0,0.0.3
1370688869967,6bc8f4a57fb133ae6d3a3ea971efeef2,250,0,true,25,false,3756.0,0.0.3
1370688869967,534456106adfbad0d25fd539fbb92ff0,500,0,true,10,false,3756.0,0.0.3
1370688869967,14647ad86d979e870264e3b4ad73944a,1000,0,true,3,false,3756.0,0.0.3
1370688869967,3d803f40c3ccba6523455bddff67a5cf,3000,1,true,3,false,3756.0,0.0.3
1370688869967,bbb1684591fcb9897cd9055723939da6,5000,0,true,1,false,3756.0,0.0.3
1370695477779,5d02426b047b6b7d2c5774504d155ca0,1,0,false,0,false,3781.0,0.0.3
1370695477779,b426dfb9bd1aa92f5eff563d53c5d65f,5,4,false,0,false,3781.0,0.0.3
1370695477779,a1673605437bc6c4d106f3e93520f655,10,4,false,0,false,3781.0,0.0.3
1370695477779,426c2a29d904b9378939ca739c07f257,15,3,false,0,false,3781.0,0.0.3
1370695477779,aaa30d1e854dc5c5d6a1507b640cd27d,25,4,false,0,false,3781.0,0.0.3
1370695477779,095995a6add822d4740fb34ee4c378b7,50,3,true,100,false,3781.0,0.0.3
1370695477779,d0b69ace6fa3777a814f85b7bf9a765f,100,2,true,100,false,3781.0,0.0.3
1370695477779,98a9b08b1ce0c0d9aeb2038f874ae014,150,0,true,25,false,3781.0,0.0.3
1370695477779,6bc8f4a57fb133ae6d3a3ea971efeef2,250,0,true,25,false,3781.0,0.0.3
1370695477779,534456106adfbad0d25fd539fbb92ff0,500,0,true,10,false,3781.0,0.0.3
1370695477779,14647ad86d979e870264e3b4ad73944a,1000,0,true,3,false,3781.0,0.0.3
1370695477779,3d803f40c3ccba6523455bddff67a5cf,3000,1,true,3,false,3781.0,0.0.3
1370695477779,bbb1684591fcb9897cd9055723939da6,5000,0,true,1,false,3781.0,0.0.3
1370731501676,b426dfb9bd1aa92f5eff563d53c5d65f,5,4,false,0,false,3806.0,0.0.3
1370731501676,426c2a29d904b9378939ca739c07f257,15,3,false,0,false,3806.0,0.0.3
1370731501676,5d02426b047b6b7d2c5774504d155ca0,1,0,false,0,false,3806.0,0.0.3
1370731501676,a1673605437bc6c4d106f3e93520f655,10,4,false,0,false,3806.0,0.0.3
1370731501676,aaa30d1e854dc5c5d6a1507b640cd27d,25,5,false,0,false,3806.0,0.0.3
1370731501676,095995a6add822d4740fb34ee4c378b7,50,3,true,100,false,3806.0,0.0.3
1370731501676,d0b69ace6fa3777a814f85b7bf9a765f,100,2,true,100,false,3806.0,0.0.3
1370731501676,98a9b08b1ce0c0d9aeb2038f874ae014,150,0,true,25,false,3806.0,0.0.3
1370731501676,6bc8f4a57fb133ae6d3a3ea971efeef2,250,0,true,25,false,3806.0,0.0.3
1370731501676,534456106adfbad0d25fd539fbb92ff0,500,0,true,10,false,3806.0,0.0.3
1370731501676,14647ad86d979e870264e3b4ad73944a,1000,0,true,3,false,3806.0,0.0.3
1370731501676,bbb1684591fcb9897cd9055723939da6,5000,0,true,1,false,3806.0,0.0.3
1370731501676,3d803f40c3ccba6523455bddff67a5cf,3000,1,true,3,false,3806.0,0.0.3
1370772909788,426c2a29d904b9378939ca739c07f257,15,3,false,0,false,3856.0,0.0.3
1370772909788,b426dfb9bd1aa92f5eff563d53c5d65f,5,4,false,0,false,3856.0,0.0.3
1370772909788,a1673605437bc6c4d106f3e93520f655,10,4,false,0,false,3856.0,0.0.3
1370772909788,aaa30d1e854dc5c5d6a1507b640cd27d,25,5,false,0,false,3856.0,0.0.3
1370772909788,095995a6add822d4740fb34ee4c378b7,50,4,true,100,false,3856.0,0.0.3
1370772909788,d0b69ace6fa3777a814f85b7bf9a765f,100,2,true,100,false,3856.0,0.0.3
1370772909788,98a9b08b1ce0c0d9aeb2038f874ae014,150,0,true,25,false,3856.0,0.0.3
1370772909788,6bc8f4a57fb133ae6d3a3ea971efeef2,250,0,true,25,false,3856.0,0.0.3
1370772909788,534456106adfbad0d25fd539fbb92ff0,500,0,true,10,false,3856.0,0.0.3
1370772909788,5d02426b047b6b7d2c5774504d155ca0,1,0,false,0,false,3856.0,0.0.3
1370772909788,14647ad86d979e870264e3b4ad73944a,1000,0,true,3,false,3856.0,0.0.3
1370772909788,3d803f40c3ccba6523455bddff67a5cf,3000,1,true,3,false,3856.0,0.0.3
1370772909788,bbb1684591fcb9897cd9055723939da6,5000,0,true,1,false,3856.0,0.0.3
1370793924407,b426dfb9bd1aa92f5eff563d53c5d65f,5,4,false,0,false,3861.0,0.0.3
1370793924407,5d02426b047b6b7d2c5774504d155ca0,1,1,false,0,false,3861.0,0.0.3
1370793924407,426c2a29d904b9378939ca739c07f257,15,3,false,0,false,3861.0,0.0.3
1370793924407,aaa30d1e854dc5c5d6a1507b640cd27d,25,5,false,0,false,3861.0,0.0.3
1370793924407,095995a6add822d4740fb34ee4c378b7,50,4,true,100,false,3861.0,0.0.3
1370793924407,d0b69ace6fa3777a814f85b7bf9a765f,100,2,true,100,false,3861.0,0.0.3
1370793924407,a1673605437bc6c4d106f3e93520f655,10,4,false,0,false,3861.0,0.0.3
1370793924407,98a9b08b1ce0c0d9aeb2038f874ae014,150,0,true,25,false,3861.0,0.0.3
1370793924407,6bc8f4a57fb133ae6d3a3ea971efeef2,250,0,true,25,false,3861.0,0.0.3
1370793924407,534456106adfbad0d25fd539fbb92ff0,500,0,true,10,false,3861.0,0.0.3
1370793924407,14647ad86d979e870264e3b4ad73944a,1000,0,true,3,false,3861.0,0.0.3
1370793924407,3d803f40c3ccba6523455bddff67a5cf,3000,1,true,3,false,3861.0,0.0.3
1370793924407,bbb1684591fcb9897cd9055723939da6,5000,0,true,1,false,3861.0,0.0.3
1370802336137,5d02426b047b6b7d2c5774504d155ca0,1,1,false,0,false,3871.0,0.0.3
1370802336137,a1673605437bc6c4d106f3e93520f655,10,5,false,0,false,3871.0,0.0.3
1370802336137,426c2a29d904b9378939ca739c07f257,15,3,false,0,false,3871.0,0.0.3
1370802336137,b426dfb9bd1aa92f5eff563d53c5d65f,5,4,false,0,false,3871.0,0.0.3
1370802336137,aaa30d1e854dc5c5d6a1507b640cd27d,25,5,false,0,false,3871.0,0.0.3
1370802336137,095995a6add822d4740fb34ee4c378b7,50,4,true,100,false,3871.0,0.0.3
1370802336137,d0b69ace6fa3777a814f85b7bf9a765f,100,2,true,100,false,3871.0,0.0.3
1370802336137,98a9b08b1ce0c0d9aeb2038f874ae014,150,0,true,25,false,3871.0,0.0.3
1370802336137,6bc8f4a57fb133ae6d3a3ea971efeef2,250,0,true,25,false,3871.0,0.0.3
1370802336137,534456106adfbad0d25fd539fbb92ff0,500,0,true,10,false,3871.0,0.0.3
1370802336137,14647ad86d979e870264e3b4ad73944a,1000,0,true,3,false,3871.0,0.0.3
1370802336137,3d803f40c3ccba6523455bddff67a5cf,3000,1,true,3,false,3871.0,0.0.3
1370802336137,bbb1684591fcb9897cd9055723939da6,5000,0,true,1,false,3871.0,0.0.3
1370814333541,5d02426b047b6b7d2c5774504d155ca0,1,1,false,0,false,3903.0,0.0.3
1370814333541,b426dfb9bd1aa92f5eff563d53c5d65f,5,4,false,0,false,3903.0,0.0.3
1370814333541,a1673605437bc6c4d106f3e93520f655,10,5,false,0,false,3903.0,0.0.3
1370814333541,426c2a29d904b9378939ca739c07f257,15,3,false,0,false,3903.0,0.0.3
1370814333541,aaa30d1e854dc5c5d6a1507b640cd27d,25,6,false,0,false,3903.0,0.0.3
1370814333541,095995a6add822d4740fb34ee4c378b7,50,4,true,100,false,3903.0,0.0.3
1370814333541,d0b69ace6fa3777a814f85b7bf9a765f,100,2,true,100,false,3903.0,0.0.3
1370814333541,98a9b08b1ce0c0d9aeb2038f874ae014,150,0,true,25,false,3903.0,0.0.3
1370814333541,6bc8f4a57fb133ae6d3a3ea971efeef2,250,0,true,25,false,3903.0,0.0.3
1370814333541,534456106adfbad0d25fd539fbb92ff0,500,0,true,10,false,3903.0,0.0.3
1370814333541,14647ad86d979e870264e3b4ad73944a,1000,0,true,3,false,3903.0,0.0.3
1370814333541,3d803f40c3ccba6523455bddff67a5cf,3000,1,true,3,false,3903.0,0.0.3
1370814333541,bbb1684591fcb9897cd9055723939da6,5000,0,true,1,false,3903.0,0.0.3
1370854544297,5d02426b047b6b7d2c5774504d155ca0,1,1,false,0,false,3928.0,0.0.3
1370854544297,b426dfb9bd1aa92f5eff563d53c5d65f,5,4,false,0,false,3928.0,0.0.3
1370854544297,426c2a29d904b9378939ca739c07f257,15,3,false,0,false,3928.0,0.0.3
1370854544297,095995a6add822d4740fb34ee4c378b7,50,4,true,100,false,3928.0,0.0.3
1370854544297,a1673605437bc6c4d106f3e93520f655,10,5,false,0,false,3928.0,0.0.3
1370854544297,aaa30d1e854dc5c5d6a1507b640cd27d,25,7,false,0,false,3928.0,0.0.3
1370854544297,d0b69ace6fa3777a814f85b7bf9a765f,100,2,true,100,false,3928.0,0.0.3
1370854544297,98a9b08b1ce0c0d9aeb2038f874ae014,150,0,true,25,false,3928.0,0.0.3
1370854544297,6bc8f4a57fb133ae6d3a3ea971efeef2,250,0,true,25,false,3928.0,0.0.3
1370854544297,534456106adfbad0d25fd539fbb92ff0,500,0,true,10,false,3928.0,0.0.3
1370854544297,14647ad86d979e870264e3b4ad73944a,1000,0,true,3,false,3928.0,0.0.3
1370854544297,3d803f40c3ccba6523455bddff67a5cf,3000,1,true,3,false,3928.0,0.0.3
1370854544297,bbb1684591fcb9897cd9055723939da6,5000,0,true,1,false,3928.0,0.0.3
1370864748347,5d02426b047b6b7d2c5774504d155ca0,1,1,false,0,false,3943.0,0.0.3
1370864748347,b426dfb9bd1aa92f5eff563d53c5d65f,5,4,false,0,false,3943.0,0.0.3
1370864748347,a1673605437bc6c4d106f3e93520f655,10,5,false,0,false,3943.0,0.0.3
1370864748347,426c2a29d904b9378939ca739c07f257,15,4,false,0,false,3943.0,0.0.3
1370864748347,aaa30d1e854dc5c5d6a1507b640cd27d,25,7,false,0,false,3943.0,0.0.3
1370864748347,095995a6add822d4740fb34ee4c378b7,50,4,true,100,false,3943.0,0.0.3
1370864748347,d0b69ace6fa3777a814f85b7bf9a765f,100,2,true,100,false,3943.0,0.0.3
1370864748347,98a9b08b1ce0c0d9aeb2038f874ae014,150,0,true,25,false,3943.0,0.0.3
1370864748347,6bc8f4a57fb133ae6d3a3ea971efeef2,250,0,true,25,false,3943.0,0.0.3
1370864748347,534456106adfbad0d25fd539fbb92ff0,500,0,true,10,false,3943.0,0.0.3
1370864748347,14647ad86d979e870264e3b4ad73944a,1000,0,true,3,false,3943.0,0.0.3
1370864748347,3d803f40c3ccba6523455bddff67a5cf,3000,1,true,3,false,3943.0,0.0.3
1370864748347,bbb1684591fcb9897cd9055723939da6,5000,0,true,1,false,3943.0,0.0.3
1370893863812,5d02426b047b6b7d2c5774504d155ca0,1,1,false,0,false,3998.0,0.0.3
1370893863812,b426dfb9bd1aa92f5eff563d53c5d65f,5,4,false,0,false,3998.0,0.0.3
1370893863812,aaa30d1e854dc5c5d6a1507b640cd27d,25,7,false,0,false,3998.0,0.0.3
1370893863812,a1673605437bc6c4d106f3e93520f655,10,5,false,0,false,3998.0,0.0.3
1370893863812,095995a6add822d4740fb34ee4c378b7,50,5,true,100,false,3998.0,0.0.3
1370893863812,d0b69ace6fa3777a814f85b7bf9a765f,100,2,true,100,false,3998.0,0.0.3
1370893863812,6bc8f4a57fb133ae6d3a3ea971efeef2,250,0,true,25,false,3998.0,0.0.3
1370893863812,98a9b08b1ce0c0d9aeb2038f874ae014,150,0,true,25,false,3998.0,0.0.3
1370893863812,534456106adfbad0d25fd539fbb92ff0,500,0,true,10,false,3998.0,0.0.3
1370893863812,14647ad86d979e870264e3b4ad73944a,1000,0,true,3,false,3998.0,0.0.3
1370893863812,bbb1684591fcb9897cd9055723939da6,5000,0,true,1,false,3998.0,0.0.3
1370893863812,3d803f40c3ccba6523455bddff67a5cf,3000,1,true,3,false,3998.0,0.0.3
1370893863812,426c2a29d904b9378939ca739c07f257,15,4,false,0,false,3998.0,0.0.3
1370936469224,5d02426b047b6b7d2c5774504d155ca0,1,1,false,0,false,4098.0,0.0.3
1370936469224,426c2a29d904b9378939ca739c07f257,15,4,false,0,false,4098.0,0.0.3
1370936469224,095995a6add822d4740fb34ee4c378b7,50,5,true,100,false,4098.0,0.0.3
1370936469224,aaa30d1e854dc5c5d6a1507b640cd27d,25,7,false,0,false,4098.0,0.0.3
1370936469224,b426dfb9bd1aa92f5eff563d53c5d65f,5,4,false,0,false,4098.0,0.0.3
1370936469224,d0b69ace6fa3777a814f85b7bf9a765f,100,2,true,100,false,4098.0,0.0.3
1370936469224,a1673605437bc6c4d106f3e93520f655,10,5,false,0,false,4098.0,0.0.3
1370936469224,98a9b08b1ce0c0d9aeb2038f874ae014,150,0,true,25,false,4098.0,0.0.3
1370936469224,6bc8f4a57fb133ae6d3a3ea971efeef2,250,0,true,25,false,4098.0,0.0.3
1370936469224,534456106adfbad0d25fd539fbb92ff0,500,0,true,10,false,4098.0,0.0.3
1370936469224,14647ad86d979e870264e3b4ad73944a,1000,0,true,3,false,4098.0,0.0.3
1370936469224,bbb1684591fcb9897cd9055723939da6,5000,0,true,1,false,4098.0,0.0.3
1370936469224,3d803f40c3ccba6523455bddff67a5cf,3000,1,true,3,false,4098.0,0.0.3
1371030126148,5d02426b047b6b7d2c5774504d155ca0,1,1,false,0,false,4123.0,0.0.3
1371030126148,426c2a29d904b9378939ca739c07f257,15,4,false,0,false,4123.0,0.0.3
1371030126148,a1673605437bc6c4d106f3e93520f655,10,5,false,0,false,4123.0,0.0.3
1371030126148,aaa30d1e854dc5c5d6a1507b640cd27d,25,7,false,0,false,4123.0,0.0.3
1371030126148,095995a6add822d4740fb34ee4c378b7,50,5,true,100,false,4123.0,0.0.3
1371030126148,98a9b08b1ce0c0d9aeb2038f874ae014,150,0,true,25,false,4123.0,0.0.3
1371030126148,d0b69ace6fa3777a814f85b7bf9a765f,100,2,true,100,false,4123.0,0.0.3
1371030126148,6bc8f4a57fb133ae6d3a3ea971efeef2,250,0,true,25,false,4123.0,0.0.3
1371030126148,534456106adfbad0d25fd539fbb92ff0,500,0,true,10,false,4123.0,0.0.3
1371030126148,b426dfb9bd1aa92f5eff563d53c5d65f,5,4,false,0,false,4123.0,0.0.3
1371030126148,14647ad86d979e870264e3b4ad73944a,1000,0,true,3,false,4123.0,0.0.3
1371030126148,3d803f40c3ccba6523455bddff67a5cf,3000,1,true,3,false,4123.0,0.0.3
1371030126148,bbb1684591fcb9897cd9055723939da6,5000,0,true,1,false,4123.0,0.0.3
1371041536380,5d02426b047b6b7d2c5774504d155ca0,1,1,false,0,false,4133.0,0.0.3
1371041536380,b426dfb9bd1aa92f5eff563d53c5d65f,5,4,false,0,false,4133.0,0.0.3
1371041536380,a1673605437bc6c4d106f3e93520f655,10,5,false,0,false,4133.0,0.0.3
1371041536380,426c2a29d904b9378939ca739c07f257,15,4,false,0,false,4133.0,0.0.3
1371041536380,aaa30d1e854dc5c5d6a1507b640cd27d,25,7,false,0,false,4133.0,0.0.3
1371041536380,095995a6add822d4740fb34ee4c378b7,50,5,true,100,false,4133.0,0.0.3
1371041536380,d0b69ace6fa3777a814f85b7bf9a765f,100,2,true,100,false,4133.0,0.0.3
1371041536380,98a9b08b1ce0c0d9aeb2038f874ae014,150,0,true,25,false,4133.0,0.0.3
1371041536380,6bc8f4a57fb133ae6d3a3ea971efeef2,250,0,true,25,false,4133.0,0.0.3
1371041536380,534456106adfbad0d25fd539fbb92ff0,500,0,true,10,false,4133.0,0.0.3
1371041536380,14647ad86d979e870264e3b4ad73944a,1000,0,true,3,false,4133.0,0.0.3
1371041536380,3d803f40c3ccba6523455bddff67a5cf,3000,1,true,3,false,4133.0,0.0.3
1371041536380,bbb1684591fcb9897cd9055723939da6,5000,0,true,1,false,4133.0,0.0.3
1371046332474,5d02426b047b6b7d2c5774504d155ca0,1,1,false,0,false,4383.0,0.0.3
1371046332474,b426dfb9bd1aa92f5eff563d53c5d65f,5,4,false,0,false,4383.0,0.0.3
1371046332474,a1673605437bc6c4d106f3e93520f655,10,5,false,0,false,4383.0,0.0.3
1371046332474,426c2a29d904b9378939ca739c07f257,15,4,false,0,false,4383.0,0.0.3
1371046332474,aaa30d1e854dc5c5d6a1507b640cd27d,25,7,false,0,false,4383.0,0.0.3
1371046332474,095995a6add822d4740fb34ee4c378b7,50,5,true,100,false,4383.0,0.0.3
1371046332474,d0b69ace6fa3777a814f85b7bf9a765f,100,2,true,100,false,4383.0,0.0.3
1371046332474,98a9b08b1ce0c0d9aeb2038f874ae014,150,0,true,25,false,4383.0,0.0.3
1371046332474,6bc8f4a57fb133ae6d3a3ea971efeef2,250,1,true,25,false,4383.0,0.0.3
1371046332474,534456106adfbad0d25fd539fbb92ff0,500,0,true,10,false,4383.0,0.0.3
1371046332474,14647ad86d979e870264e3b4ad73944a,1000,0,true,3,false,4383.0,0.0.3
1371046332474,3d803f40c3ccba6523455bddff67a5cf,3000,1,true,3,false,4383.0,0.0.3
1371046332474,bbb1684591fcb9897cd9055723939da6,5000,0,true,1,false,4383.0,0.0.3
1371058955895,5d02426b047b6b7d2c5774504d155ca0,1,1,false,0,false,4543.0,0.0.3
1371058955895,426c2a29d904b9378939ca739c07f257,15,4,false,0,false,4543.0,0.0.3
1371058955895,a1673605437bc6c4d106f3e93520f655,10,6,false,0,false,4543.0,0.0.3
1371058955895,aaa30d1e854dc5c5d6a1507b640cd27d,25,7,false,0,false,4543.0,0.0.3
1371058955895,b426dfb9bd1aa92f5eff563d53c5d65f,5,4,false,0,false,4543.0,0.0.3
1371058955895,095995a6add822d4740fb34ee4c378b7,50,5,true,100,false,4543.0,0.0.3
1371058955895,98a9b08b1ce0c0d9aeb2038f874ae014,150,1,true,25,false,4543.0,0.0.3
1371058955895,d0b69ace6fa3777a814f85b7bf9a765f,100,2,true,100,false,4543.0,0.0.3
1371058955895,6bc8f4a57fb133ae6d3a3ea971efeef2,250,1,true,25,false,4543.0,0.0.3
1371058955895,534456106adfbad0d25fd539fbb92ff0,500,0,true,10,false,4543.0,0.0.3
1371058955895,14647ad86d979e870264e3b4ad73944a,1000,0,true,3,false,4543.0,0.0.3
1371058955895,3d803f40c3ccba6523455bddff67a5cf,3000,1,true,3,false,4543.0,0.0.3
1371058955895,bbb1684591fcb9897cd9055723939da6,5000,0,true,1,false,4543.0,0.0.3
1371060128864,5d02426b047b6b7d2c5774504d155ca0,1,1,false,0,false,4558.0,0.0.3
1371060128864,aaa30d1e854dc5c5d6a1507b640cd27d,25,7,false,0,false,4558.0,0.0.3
1371060128864,a1673605437bc6c4d106f3e93520f655,10,7,false,0,false,4558.0,0.0.3
1371060128864,426c2a29d904b9378939ca739c07f257,15,4,false,0,false,4558.0,0.0.3
1371060128864,b426dfb9bd1aa92f5eff563d53c5d65f,5,4,false,0,false,4558.0,0.0.3
1371060128864,095995a6add822d4740fb34ee4c378b7,50,5,true,100,false,4558.0,0.0.3
1371060128864,98a9b08b1ce0c0d9aeb2038f874ae014,150,1,true,25,false,4558.0,0.0.3
1371060128864,d0b69ace6fa3777a814f85b7bf9a765f,100,2,true,100,false,4558.0,0.0.3
1371060128864,6bc8f4a57fb133ae6d3a3ea971efeef2,250,1,true,25,false,4558.0,0.0.3
1371060128864,534456106adfbad0d25fd539fbb92ff0,500,0,true,10,false,4558.0,0.0.3
1371060128864,14647ad86d979e870264e3b4ad73944a,1000,0,true,3,false,4558.0,0.0.3
1371060128864,3d803f40c3ccba6523455bddff67a5cf,3000,1,true,3,false,4558.0,0.0.3
1371060128864,bbb1684591fcb9897cd9055723939da6,5000,0,true,1,false,4558.0,0.0.3
1371118353838,5d02426b047b6b7d2c5774504d155ca0,1,1,false,0,false,4573.0,0.0.3
1371118353838,b426dfb9bd1aa92f5eff563d53c5d65f,5,4,false,0,false,4573.0,0.0.3
1371118353838,a1673605437bc6c4d106f3e93520f655,10,7,false,0,false,4573.0,0.0.3
1371118353838,426c2a29d904b9378939ca739c07f257,15,5,false,0,false,4573.0,0.0.3
1371118353838,aaa30d1e854dc5c5d6a1507b640cd27d,25,7,false,0,false,4573.0,0.0.3
1371118353838,095995a6add822d4740fb34ee4c378b7,50,5,true,100,false,4573.0,0.0.3
1371118353838,d0b69ace6fa3777a814f85b7bf9a765f,100,2,true,100,false,4573.0,0.0.3
1371118353838,98a9b08b1ce0c0d9aeb2038f874ae014,150,1,true,25,false,4573.0,0.0.3
1371118353838,534456106adfbad0d25fd539fbb92ff0,500,0,true,10,false,4573.0,0.0.3
1371118353838,6bc8f4a57fb133ae6d3a3ea971efeef2,250,1,true,25,false,4573.0,0.0.3
1371118353838,14647ad86d979e870264e3b4ad73944a,1000,0,true,3,false,4573.0,0.0.3
1371118353838,3d803f40c3ccba6523455bddff67a5cf,3000,1,true,3,false,4573.0,0.0.3
1371118353838,bbb1684591fcb9897cd9055723939da6,5000,0,true,1,false,4573.0,0.0.3
1371145994859,5d02426b047b6b7d2c5774504d155ca0,1,1,false,0,false,4588.0,0.0.3
1371145994859,b426dfb9bd1aa92f5eff563d53c5d65f,5,4,false,0,false,4588.0,0.0.3
1371145994859,a1673605437bc6c4d106f3e93520f655,10,7,false,0,false,4588.0,0.0.3
1371145994859,426c2a29d904b9378939ca739c07f257,15,6,false,0,false,4588.0,0.0.3
1371145994859,aaa30d1e854dc5c5d6a1507b640cd27d,25,7,false,0,false,4588.0,0.0.3
1371145994859,095995a6add822d4740fb34ee4c378b7,50,5,true,100,false,4588.0,0.0.3
1371145994859,d0b69ace6fa3777a814f85b7bf9a765f,100,2,true,100,false,4588.0,0.0.3
1371145994859,98a9b08b1ce0c0d9aeb2038f874ae014,150,1,true,25,false,4588.0,0.0.3
1371145994859,6bc8f4a57fb133ae6d3a3ea971efeef2,250,1,true,25,false,4588.0,0.0.3
1371145994859,534456106adfbad0d25fd539fbb92ff0,500,0,true,10,false,4588.0,0.0.3
1371145994859,14647ad86d979e870264e3b4ad73944a,1000,0,true,3,false,4588.0,0.0.3
1371145994859,3d803f40c3ccba6523455bddff67a5cf,3000,1,true,3,false,4588.0,0.0.3
1371145994859,bbb1684591fcb9897cd9055723939da6,5000,0,true,1,false,4588.0,0.0.3
1371222204576,5d02426b047b6b7d2c5774504d155ca0,1,1,false,0,false,4593.0,0.0.3
1371222204576,b426dfb9bd1aa92f5eff563d53c5d65f,5,5,false,0,false,4593.0,0.0.3
1371222204576,a1673605437bc6c4d106f3e93520f655,10,7,false,0,false,4593.0,0.0.3
1371222204576,426c2a29d904b9378939ca739c07f257,15,6,false,0,false,4593.0,0.0.3
1371222204576,aaa30d1e854dc5c5d6a1507b640cd27d,25,7,false,0,false,4593.0,0.0.3
1371222204576,095995a6add822d4740fb34ee4c378b7,50,5,true,100,false,4593.0,0.0.3
1371222204576,d0b69ace6fa3777a814f85b7bf9a765f,100,2,true,100,false,4593.0,0.0.3
1371222204576,98a9b08b1ce0c0d9aeb2038f874ae014,150,1,true,25,false,4593.0,0.0.3
1371222204576,6bc8f4a57fb133ae6d3a3ea971efeef2,250,1,true,25,false,4593.0,0.0.3
1371222204576,534456106adfbad0d25fd539fbb92ff0,500,0,true,10,false,4593.0,0.0.3
1371222204576,14647ad86d979e870264e3b4ad73944a,1000,0,true,3,false,4593.0,0.0.3
1371222204576,3d803f40c3ccba6523455bddff67a5cf,3000,1,true,3,false,4593.0,0.0.3
1371222204576,bbb1684591fcb9897cd9055723939da6,5000,0,true,1,false,4593.0,0.0.3
1371228206011,b426dfb9bd1aa92f5eff563d53c5d65f,5,5,false,0,false,4611.75,0.0.3
1371228206011,aaa30d1e854dc5c5d6a1507b640cd27d,25,7,false,0,false,4611.75,0.0.3
1371228206011,426c2a29d904b9378939ca739c07f257,15,7,false,0,false,4611.75,0.0.3
1371228206011,095995a6add822d4740fb34ee4c378b7,50,5,true,100,false,4611.75,0.0.3
1371228206011,d0b69ace6fa3777a814f85b7bf9a765f,100,2,true,100,false,4611.75,0.0.3
1371228206011,98a9b08b1ce0c0d9aeb2038f874ae014,150,1,true,25,false,4611.75,0.0.3
1371228206011,5d02426b047b6b7d2c5774504d155ca0,1,1,false,0,false,4611.75,0.0.3
1371228206011,a1673605437bc6c4d106f3e93520f655,10,7,false,0,false,4611.75,0.0.3
1371228206011,6bc8f4a57fb133ae6d3a3ea971efeef2,250,1,true,25,false,4611.75,0.0.3
1371228206011,534456106adfbad0d25fd539fbb92ff0,500,0,true,10,false,4611.75,0.0.3
1371228206011,14647ad86d979e870264e3b4ad73944a,1000,0,true,3,false,4611.75,0.0.3
1371228206011,3d803f40c3ccba6523455bddff67a5cf,3000,1,true,3,false,4611.75,0.0.3
1371228206011,bbb1684591fcb9897cd9055723939da6,5000,0,true,1,false,4611.75,0.0.3
1371253410513,5d02426b047b6b7d2c5774504d155ca0,1,1,false,0,false,4626.75,0.0.3
1371253410513,b426dfb9bd1aa92f5eff563d53c5d65f,5,5,false,0,false,4626.75,0.0.3
1371253410513,a1673605437bc6c4d106f3e93520f655,10,7,false,0,false,4626.75,0.0.3
1371253410513,426c2a29d904b9378939ca739c07f257,15,8,false,0,false,4626.75,0.0.3
1371253410513,aaa30d1e854dc5c5d6a1507b640cd27d,25,7,false,0,false,4626.75,0.0.3
1371253410513,095995a6add822d4740fb34ee4c378b7,50,5,true,100,false,4626.75,0.0.3
1371253410513,d0b69ace6fa3777a814f85b7bf9a765f,100,2,true,100,false,4626.75,0.0.3
1371253410513,98a9b08b1ce0c0d9aeb2038f874ae014,150,1,true,25,false,4626.75,0.0.3
1371253410513,6bc8f4a57fb133ae6d3a3ea971efeef2,250,1,true,25,false,4626.75,0.0.3
1371253410513,534456106adfbad0d25fd539fbb92ff0,500,0,true,10,false,4626.75,0.0.3
1371253410513,14647ad86d979e870264e3b4ad73944a,1000,0,true,3,false,4626.75,0.0.3
1371253410513,3d803f40c3ccba6523455bddff67a5cf,3000,1,true,3,false,4626.75,0.0.3
1371253410513,bbb1684591fcb9897cd9055723939da6,5000,0,true,1,false,4626.75,0.0.3
1371374703393,5d02426b047b6b7d2c5774504d155ca0,1,1,false,0,false,4641.75,0.0.3
1371374703393,b426dfb9bd1aa92f5eff563d53c5d65f,5,5,false,0,false,4641.75,0.0.3
1371374703393,a1673605437bc6c4d106f3e93520f655,10,7,false,0,false,4641.75,0.0.3
1371374703393,aaa30d1e854dc5c5d6a1507b640cd27d,25,7,false,0,false,4641.75,0.0.3
1371374703393,426c2a29d904b9378939ca739c07f257,15,9,false,0,false,4641.75,0.0.3
1371374703393,095995a6add822d4740fb34ee4c378b7,50,5,true,100,false,4641.75,0.0.3
1371374703393,98a9b08b1ce0c0d9aeb2038f874ae014,150,1,true,25,false,4641.75,0.0.3
1371374703393,d0b69ace6fa3777a814f85b7bf9a765f,100,2,true,100,false,4641.75,0.0.3
1371374703393,6bc8f4a57fb133ae6d3a3ea971efeef2,250,1,true,25,false,4641.75,0.0.3
1371374703393,534456106adfbad0d25fd539fbb92ff0,500,0,true,10,false,4641.75,0.0.3
1371374703393,14647ad86d979e870264e3b4ad73944a,1000,0,true,3,false,4641.75,0.0.3
1371374703393,3d803f40c3ccba6523455bddff67a5cf,3000,1,true,3,false,4641.75,0.0.3
1371374703393,bbb1684591fcb9897cd9055723939da6,5000,0,true,1,false,4641.75,0.0.3
1371375332879,426c2a29d904b9378939ca739c07f257,15,9,false,0,false,4666.75,0.0.3
1371375332879,b426dfb9bd1aa92f5eff563d53c5d65f,5,5,false,0,false,4666.75,0.0.3
1371375332879,a1673605437bc6c4d106f3e93520f655,10,7,false,0,false,4666.75,0.0.3
1371375332879,095995a6add822d4740fb34ee4c378b7,50,5,true,100,false,4666.75,0.0.3
1371375332879,aaa30d1e854dc5c5d6a1507b640cd27d,25,8,false,0,false,4666.75,0.0.3
1371375332879,d0b69ace6fa3777a814f85b7bf9a765f,100,2,true,100,false,4666.75,0.0.3
1371375332879,98a9b08b1ce0c0d9aeb2038f874ae014,150,1,true,25,false,4666.75,0.0.3
1371375332879,6bc8f4a57fb133ae6d3a3ea971efeef2,250,1,true,25,false,4666.75,0.0.3
1371375332879,534456106adfbad0d25fd539fbb92ff0,500,0,true,10,false,4666.75,0.0.3
1371375332879,14647ad86d979e870264e3b4ad73944a,1000,0,true,3,false,4666.75,0.0.3
1371375332879,3d803f40c3ccba6523455bddff67a5cf,3000,1,true,3,false,4666.75,0.0.3
1371375332879,5d02426b047b6b7d2c5774504d155ca0,1,1,false,0,false,4666.75,0.0.3
1371375332879,bbb1684591fcb9897cd9055723939da6,5000,0,true,1,false,4666.75,0.0.3
1371378910610,b426dfb9bd1aa92f5eff563d53c5d65f,5,5,false,0,false,4696.75,0.0.3
1371378910610,426c2a29d904b9378939ca739c07f257,15,9,false,0,false,4696.75,0.0.3
1371378910610,a1673605437bc6c4d106f3e93520f655,10,7,false,0,false,4696.75,0.0.3
1371378910610,095995a6add822d4740fb34ee4c378b7,50,5,true,100,false,4696.75,0.0.3
1371378910610,aaa30d1e854dc5c5d6a1507b640cd27d,25,9,false,0,false,4696.75,0.0.3
1371378910610,98a9b08b1ce0c0d9aeb2038f874ae014,150,1,true,25,false,4696.75,0.0.3
1371378910610,d0b69ace6fa3777a814f85b7bf9a765f,100,2,true,100,false,4696.75,0.0.3
1371378910610,6bc8f4a57fb133ae6d3a3ea971efeef2,250,1,true,25,false,4696.75,0.0.3
1371378910610,534456106adfbad0d25fd539fbb92ff0,500,0,true,10,false,4696.75,0.0.3
1371378910610,14647ad86d979e870264e3b4ad73944a,1000,0,true,3,false,4696.75,0.0.3
1371378910610,3d803f40c3ccba6523455bddff67a5cf,3000,1,true,3,false,4696.75,0.0.3
1371378910610,5d02426b047b6b7d2c5774504d155ca0,1,1,false,0,false,4696.75,0.0.3
1371378910610,bbb1684591fcb9897cd9055723939da6,5000,0,true,1,false,4696.75,0.0.3
1371380092531,b426dfb9bd1aa92f5eff563d53c5d65f,5,6,false,0,false,4701.75,0.0.3
1371380092531,426c2a29d904b9378939ca739c07f257,15,9,false,0,false,4701.75,0.0.3
1371380092531,a1673605437bc6c4d106f3e93520f655,10,7,false,0,false,4701.75,0.0.3
1371380092531,095995a6add822d4740fb34ee4c378b7,50,5,true,100,false,4701.75,0.0.3
1371380092531,aaa30d1e854dc5c5d6a1507b640cd27d,25,9,false,0,false,4701.75,0.0.3
1371380092531,d0b69ace6fa3777a814f85b7bf9a765f,100,2,true,100,false,4701.75,0.0.3
1371380092531,98a9b08b1ce0c0d9aeb2038f874ae014,150,1,true,25,false,4701.75,0.0.3
1371380092531,6bc8f4a57fb133ae6d3a3ea971efeef2,250,1,true,25,false,4701.75,0.0.3
1371380092531,534456106adfbad0d25fd539fbb92ff0,500,0,true,10,false,4701.75,0.0.3
1371380092531,5d02426b047b6b7d2c5774504d155ca0,1,1,false,0,false,4701.75,0.0.3
1371380092531,14647ad86d979e870264e3b4ad73944a,1000,0,true,3,false,4701.75,0.0.3
1371380092531,3d803f40c3ccba6523455bddff67a5cf,3000,1,true,3,false,4701.75,0.0.3
1371380092531,bbb1684591fcb9897cd9055723939da6,5000,0,true,1,false,4701.75,0.0.3
1371384302327,5d02426b047b6b7d2c5774504d155ca0,1,1,false,0,false,4716.75,0.0.3
1371384302327,b426dfb9bd1aa92f5eff563d53c5d65f,5,6,false,0,false,4716.75,0.0.3
1371384302327,a1673605437bc6c4d106f3e93520f655,10,7,false,0,false,4716.75,0.0.3
1371384302327,426c2a29d904b9378939ca739c07f257,15,10,false,0,false,4716.75,0.0.3
1371384302327,aaa30d1e854dc5c5d6a1507b640cd27d,25,9,false,0,false,4716.75,0.0.3
1371384302327,095995a6add822d4740fb34ee4c378b7,50,5,true,100,false,4716.75,0.0.3
1371384302327,d0b69ace6fa3777a814f85b7bf9a765f,100,2,true,100,false,4716.75,0.0.3
1371384302327,98a9b08b1ce0c0d9aeb2038f874ae014,150,1,true,25,false,4716.75,0.0.3
1371384302327,6bc8f4a57fb133ae6d3a3ea971efeef2,250,1,true,25,false,4716.75,0.0.3
1371384302327,534456106adfbad0d25fd539fbb92ff0,500,0,true,10,false,4716.75,0.0.3
1371384302327,14647ad86d979e870264e3b4ad73944a,1000,0,true,3,false,4716.75,0.0.3
1371384302327,3d803f40c3ccba6523455bddff67a5cf,3000,1,true,3,false,4716.75,0.0.3
1371384302327,bbb1684591fcb9897cd9055723939da6,5000,0,true,1,false,4716.75,0.0.3
1371384914239,b426dfb9bd1aa92f5eff563d53c5d65f,5,6,false,0,false,4741.75,0.0.3
1371384914239,a1673605437bc6c4d106f3e93520f655,10,7,false,0,false,4741.75,0.0.3
1371384914239,426c2a29d904b9378939ca739c07f257,15,10,false,0,false,4741.75,0.0.3
1371384914239,aaa30d1e854dc5c5d6a1507b640cd27d,25,10,false,0,false,4741.75,0.0.3
1371384914239,5d02426b047b6b7d2c5774504d155ca0,1,1,false,0,false,4741.75,0.0.3
1371384914239,095995a6add822d4740fb34ee4c378b7,50,5,true,100,false,4741.75,0.0.3
1371384914239,d0b69ace6fa3777a814f85b7bf9a765f,100,2,true,100,false,4741.75,0.0.3
1371384914239,98a9b08b1ce0c0d9aeb2038f874ae014,150,1,true,25,false,4741.75,0.0.3
1371384914239,6bc8f4a57fb133ae6d3a3ea971efeef2,250,1,true,25,false,4741.75,0.0.3
1371384914239,534456106adfbad0d25fd539fbb92ff0,500,0,true,10,false,4741.75,0.0.3
1371384914239,bbb1684591fcb9897cd9055723939da6,5000,0,true,1,false,4741.75,0.0.3
1371384914239,14647ad86d979e870264e3b4ad73944a,1000,0,true,3,false,4741.75,0.0.3
1371384914239,3d803f40c3ccba6523455bddff67a5cf,3000,1,true,3,false,4741.75,0.0.3
1371385501551,b426dfb9bd1aa92f5eff563d53c5d65f,5,6,false,0,false,4841.75,0.0.3
1371385501551,426c2a29d904b9378939ca739c07f257,15,10,false,0,false,4841.75,0.0.3
1371385501551,a1673605437bc6c4d106f3e93520f655,10,7,false,0,false,4841.75,0.0.3
1371385501551,aaa30d1e854dc5c5d6a1507b640cd27d,25,10,false,0,false,4841.75,0.0.3
1371385501551,095995a6add822d4740fb34ee4c378b7,50,5,true,100,false,4841.75,0.0.3
1371385501551,d0b69ace6fa3777a814f85b7bf9a765f,100,3,true,100,false,4841.75,0.0.3
1371385501551,98a9b08b1ce0c0d9aeb2038f874ae014,150,1,true,25,false,4841.75,0.0.3
1371385501551,534456106adfbad0d25fd539fbb92ff0,500,0,true,10,false,4841.75,0.0.3
1371385501551,6bc8f4a57fb133ae6d3a3ea971efeef2,250,1,true,25,false,4841.75,0.0.3
1371385501551,14647ad86d979e870264e3b4ad73944a,1000,0,true,3,false,4841.75,0.0.3
1371385501551,3d803f40c3ccba6523455bddff67a5cf,3000,1,true,3,false,4841.75,0.0.3
1371385501551,bbb1684591fcb9897cd9055723939da6,5000,0,true,1,false,4841.75,0.0.3
1371385501551,5d02426b047b6b7d2c5774504d155ca0,1,1,false,0,false,4841.75,0.0.3
1371392705795,426c2a29d904b9378939ca739c07f257,15,10,false,0,false,4866.75,0.0.3
1371392705795,5d02426b047b6b7d2c5774504d155ca0,1,1,false,0,false,4866.75,0.0.3
1371392705795,a1673605437bc6c4d106f3e93520f655,10,7,false,0,false,4866.75,0.0.3
1371392705795,aaa30d1e854dc5c5d6a1507b640cd27d,25,11,false,0,false,4866.75,0.0.3
1371392705795,095995a6add822d4740fb34ee4c378b7,50,5,true,100,false,4866.75,0.0.3
1371392705795,98a9b08b1ce0c0d9aeb2038f874ae014,150,1,true,25,false,4866.75,0.0.3
1371392705795,d0b69ace6fa3777a814f85b7bf9a765f,100,3,true,100,false,4866.75,0.0.3
1371392705795,6bc8f4a57fb133ae6d3a3ea971efeef2,250,1,true,25,false,4866.75,0.0.3
1371392705795,b426dfb9bd1aa92f5eff563d53c5d65f,5,6,false,0,false,4866.75,0.0.3
1371392705795,534456106adfbad0d25fd539fbb92ff0,500,0,true,10,false,4866.75,0.0.3
1371392705795,14647ad86d979e870264e3b4ad73944a,1000,0,true,3,false,4866.75,0.0.3
1371392705795,3d803f40c3ccba6523455bddff67a5cf,3000,1,true,3,false,4866.75,0.0.3
1371392705795,bbb1684591fcb9897cd9055723939da6,5000,0,true,1,false,4866.75,0.0.3
1371395678365,5d02426b047b6b7d2c5774504d155ca0,1,1,false,0,false,4891.75,0.0.3
1371395678365,aaa30d1e854dc5c5d6a1507b640cd27d,25,12,false,0,false,4891.75,0.0.3
1371395678365,426c2a29d904b9378939ca739c07f257,15,10,false,0,false,4891.75,0.0.3
1371395678365,a1673605437bc6c4d106f3e93520f655,10,7,false,0,false,4891.75,0.0.3
1371395678365,095995a6add822d4740fb34ee4c378b7,50,5,true,100,false,4891.75,0.0.3
1371395678365,d0b69ace6fa3777a814f85b7bf9a765f,100,3,true,100,false,4891.75,0.0.3
1371395678365,98a9b08b1ce0c0d9aeb2038f874ae014,150,1,true,25,false,4891.75,0.0.3
1371395678365,b426dfb9bd1aa92f5eff563d53c5d65f,5,6,false,0,false,4891.75,0.0.3
1371395678365,6bc8f4a57fb133ae6d3a3ea971efeef2,250,1,true,25,false,4891.75,0.0.3
1371395678365,534456106adfbad0d25fd539fbb92ff0,500,0,true,10,false,4891.75,0.0.3
1371395678365,14647ad86d979e870264e3b4ad73944a,1000,0,true,3,false,4891.75,0.0.3
1371395678365,3d803f40c3ccba6523455bddff67a5cf,3000,1,true,3,false,4891.75,0.0.3
1371395678365,bbb1684591fcb9897cd9055723939da6,5000,0,true,1,false,4891.75,0.0.3
1371396316767,426c2a29d904b9378939ca739c07f257,15,10,false,0,false,4926.75,0.0.3
1371396316767,b426dfb9bd1aa92f5eff563d53c5d65f,5,6,false,0,false,4926.75,0.0.3
1371396316767,a1673605437bc6c4d106f3e93520f655,10,7,false,0,false,4926.75,0.0.3
1371396316767,aaa30d1e854dc5c5d6a1507b640cd27d,25,13,false,0,false,4926.75,0.0.3
1371396316767,095995a6add822d4740fb34ee4c378b7,50,5,true,100,false,4926.75,0.0.3
1371396316767,d0b69ace6fa3777a814f85b7bf9a765f,100,3,true,100,false,4926.75,0.0.3
1371396316767,98a9b08b1ce0c0d9aeb2038f874ae014,150,1,true,25,false,4926.75,0.0.3
1371396316767,6bc8f4a57fb133ae6d3a3ea971efeef2,250,1,true,25,false,4926.75,0.0.3
1371396316767,534456106adfbad0d25fd539fbb92ff0,500,0,true,10,false,4926.75,0.0.3
1371396316767,5d02426b047b6b7d2c5774504d155ca0,1,1,false,0,false,4926.75,0.0.3
1371396316767,14647ad86d979e870264e3b4ad73944a,1000,0,true,3,false,4926.75,0.0.3
1371396316767,3d803f40c3ccba6523455bddff67a5cf,3000,1,true,3,false,4926.75,0.0.3
1371396316767,bbb1684591fcb9897cd9055723939da6,5000,0,true,1,false,4926.75,0.0.3
1371402361986,b426dfb9bd1aa92f5eff563d53c5d65f,5,6,false,0,false,4951.75,0.0.3
1371402361986,426c2a29d904b9378939ca739c07f257,15,10,false,0,false,4951.75,0.0.3
1371402361986,a1673605437bc6c4d106f3e93520f655,10,7,false,0,false,4951.75,0.0.3
1371402361986,aaa30d1e854dc5c5d6a1507b640cd27d,25,14,false,0,false,4951.75,0.0.3
1371402361986,095995a6add822d4740fb34ee4c378b7,50,5,true,100,false,4951.75,0.0.3
1371402361986,d0b69ace6fa3777a814f85b7bf9a765f,100,3,true,100,false,4951.75,0.0.3
1371402361986,98a9b08b1ce0c0d9aeb2038f874ae014,150,1,true,25,false,4951.75,0.0.3
1371402361986,6bc8f4a57fb133ae6d3a3ea971efeef2,250,1,true,25,false,4951.75,0.0.3
1371402361986,5d02426b047b6b7d2c5774504d155ca0,1,1,false,0,false,4951.75,0.0.3
1371402361986,534456106adfbad0d25fd539fbb92ff0,500,0,true,10,false,4951.75,0.0.3
1371402361986,14647ad86d979e870264e3b4ad73944a,1000,0,true,3,false,4951.75,0.0.3
1371402361986,3d803f40c3ccba6523455bddff67a5cf,3000,1,true,3,false,4951.75,0.0.3
1371402361986,bbb1684591fcb9897cd9055723939da6,5000,0,true,1,false,4951.75,0.0.3
1371405318346,5d02426b047b6b7d2c5774504d155ca0,1,1,false,0,false,5101.75,0.0.3
1371405318346,b426dfb9bd1aa92f5eff563d53c5d65f,5,6,false,0,false,5101.75,0.0.3
1371405318346,426c2a29d904b9378939ca739c07f257,15,10,false,0,false,5101.75,0.0.3
1371405318346,a1673605437bc6c4d106f3e93520f655,10,7,false,0,false,5101.75,0.0.3
1371405318346,095995a6add822d4740fb34ee4c378b7,50,5,true,100,false,5101.75,0.0.3
1371405318346,aaa30d1e854dc5c5d6a1507b640cd27d,25,14,false,0,false,5101.75,0.0.3
1371405318346,d0b69ace6fa3777a814f85b7bf9a765f,100,3,true,100,false,5101.75,0.0.3
1371405318346,98a9b08b1ce0c0d9aeb2038f874ae014,150,2,true,25,false,5101.75,0.0.3
1371405318346,6bc8f4a57fb133ae6d3a3ea971efeef2,250,1,true,25,false,5101.75,0.0.3
1371405318346,534456106adfbad0d25fd539fbb92ff0,500,0,true,10,false,5101.75,0.0.3
1371405318346,14647ad86d979e870264e3b4ad73944a,1000,0,true,3,false,5101.75,0.0.3
1371405318346,3d803f40c3ccba6523455bddff67a5cf,3000,1,true,3,false,5101.75,0.0.3
1371405318346,bbb1684591fcb9897cd9055723939da6,5000,0,true,1,false,5101.75,0.0.3
1371406502834,b426dfb9bd1aa92f5eff563d53c5d65f,5,6,false,0,false,5201.75,0.0.3
1371406502834,426c2a29d904b9378939ca739c07f257,15,10,false,0,false,5201.75,0.0.3
1371406502834,5d02426b047b6b7d2c5774504d155ca0,1,1,false,0,false,5201.75,0.0.3
1371406502834,a1673605437bc6c4d106f3e93520f655,10,7,false,0,false,5201.75,0.0.3
1371406502834,aaa30d1e854dc5c5d6a1507b640cd27d,25,14,false,0,false,5201.75,0.0.3
1371406502834,095995a6add822d4740fb34ee4c378b7,50,5,true,100,false,5201.75,0.0.3
1371406502834,d0b69ace6fa3777a814f85b7bf9a765f,100,4,true,100,false,5201.75,0.0.3
1371406502834,98a9b08b1ce0c0d9aeb2038f874ae014,150,2,true,25,false,5201.75,0.0.3
1371406502834,6bc8f4a57fb133ae6d3a3ea971efeef2,250,1,true,25,false,5201.75,0.0.3
1371406502834,534456106adfbad0d25fd539fbb92ff0,500,0,true,10,false,5201.75,0.0.3
1371406502834,14647ad86d979e870264e3b4ad73944a,1000,0,true,3,false,5201.75,0.0.3
1371406502834,3d803f40c3ccba6523455bddff67a5cf,3000,1,true,3,false,5201.75,0.0.3
1371406502834,bbb1684591fcb9897cd9055723939da6,5000,0,true,1,false,5201.75,0.0.3
1371407102087,a1673605437bc6c4d106f3e93520f655,10,7,false,0,false,5261.75,0.0.3
1371407102087,5d02426b047b6b7d2c5774504d155ca0,1,1,false,0,false,5261.75,0.0.3
1371407102087,b426dfb9bd1aa92f5eff563d53c5d65f,5,6,false,0,false,5261.75,0.0.3
1371407102087,426c2a29d904b9378939ca739c07f257,15,10,false,0,false,5261.75,0.0.3
1371407102087,aaa30d1e854dc5c5d6a1507b640cd27d,25,14,false,0,false,5261.75,0.0.3
1371407102087,d0b69ace6fa3777a814f85b7bf9a765f,100,4,true,100,false,5261.75,0.0.3
1371407102087,095995a6add822d4740fb34ee4c378b7,50,6,true,100,false,5261.75,0.0.3
1371407102087,98a9b08b1ce0c0d9aeb2038f874ae014,150,2,true,25,false,5261.75,0.0.3
1371407102087,534456106adfbad0d25fd539fbb92ff0,500,0,true,10,false,5261.75,0.0.3
1371407102087,6bc8f4a57fb133ae6d3a3ea971efeef2,250,1,true,25,false,5261.75,0.0.3
1371407102087,14647ad86d979e870264e3b4ad73944a,1000,0,true,3,false,5261.75,0.0.3
1371407102087,3d803f40c3ccba6523455bddff67a5cf,3000,1,true,3,false,5261.75,0.0.3
1371407102087,bbb1684591fcb9897cd9055723939da6,5000,0,true,1,false,5261.75,0.0.3
1371407647370,5d02426b047b6b7d2c5774504d155ca0,1,1,false,0,false,5262.75,0.0.3
1371407647370,aaa30d1e854dc5c5d6a1507b640cd27d,25,14,false,0,false,5262.75,0.0.3
1371407647370,095995a6add822d4740fb34ee4c378b7,50,6,true,100,false,5262.75,0.0.3
1371407647370,426c2a29d904b9378939ca739c07f257,15,10,false,0,false,5262.75,0.0.3
1371407647370,b426dfb9bd1aa92f5eff563d53c5d65f,5,6,false,0,false,5262.75,0.0.3
1371407647370,a1673605437bc6c4d106f3e93520f655,10,7,false,0,false,5262.75,0.0.3
1371407647370,d0b69ace6fa3777a814f85b7bf9a765f,100,4,true,100,false,5262.75,0.0.3
1371407647370,98a9b08b1ce0c0d9aeb2038f874ae014,150,2,true,25,false,5262.75,0.0.3
1371407647370,6bc8f4a57fb133ae6d3a3ea971efeef2,250,1,true,25,false,5262.75,0.0.3
1371407647370,534456106adfbad0d25fd539fbb92ff0,500,0,true,10,false,5262.75,0.0.3
1371407647370,14647ad86d979e870264e3b4ad73944a,1000,0,true,3,false,5262.75,0.0.3
1371407647370,3d803f40c3ccba6523455bddff67a5cf,3000,1,true,3,false,5262.75,0.0.3
1371407647370,bbb1684591fcb9897cd9055723939da6,5000,0,true,1,false,5262.75,0.0.3
1371408257137,5d02426b047b6b7d2c5774504d155ca0,1,1,false,0,false,5297.75,0.0.3
1371408257137,b426dfb9bd1aa92f5eff563d53c5d65f,5,7,false,0,false,5297.75,0.0.3
1371408257137,a1673605437bc6c4d106f3e93520f655,10,7,false,0,false,5297.75,0.0.3
1371408257137,426c2a29d904b9378939ca739c07f257,15,10,false,0,false,5297.75,0.0.3
1371408257137,aaa30d1e854dc5c5d6a1507b640cd27d,25,15,false,0,false,5297.75,0.0.3
1371408257137,095995a6add822d4740fb34ee4c378b7,50,6,true,100,false,5297.75,0.0.3
1371408257137,d0b69ace6fa3777a814f85b7bf9a765f,100,4,true,100,false,5297.75,0.0.3
1371408257137,98a9b08b1ce0c0d9aeb2038f874ae014,150,2,true,25,false,5297.75,0.0.3
1371408257137,6bc8f4a57fb133ae6d3a3ea971efeef2,250,1,true,25,false,5297.75,0.0.3
1371408257137,534456106adfbad0d25fd539fbb92ff0,500,0,true,10,false,5297.75,0.0.3
1371408257137,14647ad86d979e870264e3b4ad73944a,1000,0,true,3,false,5297.75,0.0.3
1371408257137,3d803f40c3ccba6523455bddff67a5cf,3000,1,true,3,false,5297.75,0.0.3
1371408257137,bbb1684591fcb9897cd9055723939da6,5000,0,true,1,false,5297.75,0.0.3
1371408853357,5d02426b047b6b7d2c5774504d155ca0,1,1,false,0,false,5422.75,0.0.3
1371408853357,b426dfb9bd1aa92f5eff563d53c5d65f,5,7,false,0,false,5422.75,0.0.3
1371408853357,a1673605437bc6c4d106f3e93520f655,10,7,false,0,false,5422.75,0.0.3
1371408853357,426c2a29d904b9378939ca739c07f257,15,10,false,0,false,5422.75,0.0.3
1371408853357,aaa30d1e854dc5c5d6a1507b640cd27d,25,16,false,0,false,5422.75,0.0.3
1371408853357,095995a6add822d4740fb34ee4c378b7,50,6,true,100,false,5422.75,0.0.3
1371408853357,d0b69ace6fa3777a814f85b7bf9a765f,100,4,true,100,false,5422.75,0.0.3
1371408853357,98a9b08b1ce0c0d9aeb2038f874ae014,150,2,true,25,false,5422.75,0.0.3
1371408853357,6bc8f4a57fb133ae6d3a3ea971efeef2,250,1,true,25,false,5422.75,0.0.3
1371408853357,534456106adfbad0d25fd539fbb92ff0,500,0,true,10,false,5422.75,0.0.3
1371408853357,14647ad86d979e870264e3b4ad73944a,1000,0,true,3,false,5422.75,0.0.3
1371408853357,3d803f40c3ccba6523455bddff67a5cf,3000,1,true,3,false,5422.75,0.0.3
1371408853357,bbb1684591fcb9897cd9055723939da6,5000,0,true,1,false,5422.75,0.0.3
1371409479875,5d02426b047b6b7d2c5774504d155ca0,1,1,false,0,false,5427.75,0.0.3
1371409479875,b426dfb9bd1aa92f5eff563d53c5d65f,5,8,false,0,false,5427.75,0.0.3
1371409479875,426c2a29d904b9378939ca739c07f257,15,10,false,0,false,5427.75,0.0.3
1371409479875,a1673605437bc6c4d106f3e93520f655,10,7,false,0,false,5427.75,0.0.3
1371409479875,aaa30d1e854dc5c5d6a1507b640cd27d,25,16,false,0,false,5427.75,0.0.3
1371409479875,d0b69ace6fa3777a814f85b7bf9a765f,100,4,true,100,false,5427.75,0.0.3
1371409479875,98a9b08b1ce0c0d9aeb2038f874ae014,150,2,true,25,false,5427.75,0.0.3
1371409479875,095995a6add822d4740fb34ee4c378b7,50,6,true,100,false,5427.75,0.0.3
1371409479875,6bc8f4a57fb133ae6d3a3ea971efeef2,250,1,true,25,false,5427.75,0.0.3
1371409479875,534456106adfbad0d25fd539fbb92ff0,500,0,true,10,false,5427.75,0.0.3
1371409479875,14647ad86d979e870264e3b4ad73944a,1000,0,true,3,false,5427.75,0.0.3
1371409479875,3d803f40c3ccba6523455bddff67a5cf,3000,1,true,3,false,5427.75,0.0.3
1371409479875,bbb1684591fcb9897cd9055723939da6,5000,0,true,1,false,5427.75,0.0.3
1371410121102,5d02426b047b6b7d2c5774504d155ca0,1,1,false,0,false,5437.75,0.0.3
1371410121102,b426dfb9bd1aa92f5eff563d53c5d65f,5,8,false,0,false,5437.75,0.0.3
1371410121102,a1673605437bc6c4d106f3e93520f655,10,7,false,0,false,5437.75,0.0.3
1371410121102,426c2a29d904b9378939ca739c07f257,15,10,false,0,false,5437.75,0.0.3
1371410121102,aaa30d1e854dc5c5d6a1507b640cd27d,25,16,false,0,false,5437.75,0.0.3
1371410121102,095995a6add822d4740fb34ee4c378b7,50,6,true,100,false,5437.75,0.0.3
1371410121102,d0b69ace6fa3777a814f85b7bf9a765f,100,4,true,100,false,5437.75,0.0.3
1371410121102,98a9b08b1ce0c0d9aeb2038f874ae014,150,2,true,25,false,5437.75,0.0.3
1371410121102,6bc8f4a57fb133ae6d3a3ea971efeef2,250,1,true,25,false,5437.75,0.0.3
1371410121102,534456106adfbad0d25fd539fbb92ff0,500,0,true,10,false,5437.75,0.0.3
1371410121102,14647ad86d979e870264e3b4ad73944a,1000,0,true,3,false,5437.75,0.0.3
1371410121102,3d803f40c3ccba6523455bddff67a5cf,3000,1,true,3,false,5437.75,0.0.3
1371410121102,bbb1684591fcb9897cd9055723939da6,5000,0,true,1,false,5437.75,0.0.3
1371411844242,5d02426b047b6b7d2c5774504d155ca0,1,1,false,0,false,5442.75,0.0.3
1371411844242,b426dfb9bd1aa92f5eff563d53c5d65f,5,9,false,0,false,5442.75,0.0.3
1371411844242,a1673605437bc6c4d106f3e93520f655,10,7,false,0,false,5442.75,0.0.3
1371411844242,426c2a29d904b9378939ca739c07f257,15,10,false,0,false,5442.75,0.0.3
1371411844242,aaa30d1e854dc5c5d6a1507b640cd27d,25,16,false,0,false,5442.75,0.0.3
1371411844242,095995a6add822d4740fb34ee4c378b7,50,6,true,100,false,5442.75,0.0.3
1371411844242,98a9b08b1ce0c0d9aeb2038f874ae014,150,2,true,25,false,5442.75,0.0.3
1371411844242,d0b69ace6fa3777a814f85b7bf9a765f,100,4,true,100,false,5442.75,0.0.3
1371411844242,6bc8f4a57fb133ae6d3a3ea971efeef2,250,1,true,25,false,5442.75,0.0.3
1371411844242,534456106adfbad0d25fd539fbb92ff0,500,0,true,10,false,5442.75,0.0.3
1371411844242,14647ad86d979e870264e3b4ad73944a,1000,0,true,3,false,5442.75,0.0.3
1371411844242,3d803f40c3ccba6523455bddff67a5cf,3000,1,true,3,false,5442.75,0.0.3
1371411844242,bbb1684591fcb9897cd9055723939da6,5000,0,true,1,false,5442.75,0.0.3
1371413643288,5d02426b047b6b7d2c5774504d155ca0,1,1,false,0,false,5467.75,0.0.3
1371413643288,a1673605437bc6c4d106f3e93520f655,10,8,false,0,false,5467.75,0.0.3
1371413643288,b426dfb9bd1aa92f5eff563d53c5d65f,5,9,false,0,false,5467.75,0.0.3
1371413643288,426c2a29d904b9378939ca739c07f257,15,10,false,0,false,5467.75,0.0.3
1371413643288,aaa30d1e854dc5c5d6a1507b640cd27d,25,16,false,0,false,5467.75,0.0.3
1371413643288,095995a6add822d4740fb34ee4c378b7,50,6,true,100,false,5467.75,0.0.3
1371413643288,d0b69ace6fa3777a814f85b7bf9a765f,100,4,true,100,false,5467.75,0.0.3
1371413643288,98a9b08b1ce0c0d9aeb2038f874ae014,150,2,true,25,false,5467.75,0.0.3
1371413643288,6bc8f4a57fb133ae6d3a3ea971efeef2,250,1,true,25,false,5467.75,0.0.3
1371413643288,534456106adfbad0d25fd539fbb92ff0,500,0,true,10,false,5467.75,0.0.3
1371413643288,14647ad86d979e870264e3b4ad73944a,1000,0,true,3,false,5467.75,0.0.3
1371413643288,3d803f40c3ccba6523455bddff67a5cf,3000,1,true,3,false,5467.75,0.0.3
1371413643288,bbb1684591fcb9897cd9055723939da6,5000,0,true,1,false,5467.75,0.0.3
