1370474565108,64cf4f8938458effcc91aeddffc4640d,20,0,false,0,false,0.0,0.0.3
1370474565108,abf1170c1eb9e98065aef6be26e7a95e,30,0,true,50,false,0.0,0.0.3
1370474565108,f1f75ac327f57b27ac7a366fae53b8b7,45,0,true,50,false,0.0,0.0.3
1370474565108,4becf050ef7169888f74e11666ba8d23,50,0,false,0,false,0.0,0.0.3
1370474565108,4a100d93b90d1d0c0a7c0dc07e4704fd,15,0,true,30,false,0.0,0.0.3
1370474565108,b0c5a044e1055128dace5d857dfb00c6,80,0,true,10,false,0.0,0.0.3
1370476365655,4a100d93b90d1d0c0a7c0dc07e4704fd,15,1,true,30,false,15.0,0.0.3
1370476365655,64cf4f8938458effcc91aeddffc4640d,20,0,false,0,false,15.0,0.0.3
1370476365655,abf1170c1eb9e98065aef6be26e7a95e,30,0,true,50,false,15.0,0.0.3
1370476365655,f1f75ac327f57b27ac7a366fae53b8b7,45,0,true,50,false,15.0,0.0.3
1370476365655,4becf050ef7169888f74e11666ba8d23,50,0,false,0,false,15.0,0.0.3
1370476365655,b0c5a044e1055128dace5d857dfb00c6,80,0,true,10,false,15.0,0.0.3
1370478769376,4a100d93b90d1d0c0a7c0dc07e4704fd,15,2,true,30,false,37.0,0.0.3
1370478769376,64cf4f8938458effcc91aeddffc4640d,20,0,false,0,false,37.0,0.0.3
1370478769376,abf1170c1eb9e98065aef6be26e7a95e,30,0,true,50,false,37.0,0.0.3
1370478769376,f1f75ac327f57b27ac7a366fae53b8b7,45,0,true,50,false,37.0,0.0.3
1370478769376,4becf050ef7169888f74e11666ba8d23,50,0,false,0,false,37.0,0.0.3
1370478769376,b0c5a044e1055128dace5d857dfb00c6,80,0,true,10,false,37.0,0.0.3
1370479368742,4a100d93b90d1d0c0a7c0dc07e4704fd,15,2,true,30,false,75.0,0.0.3
1370479368742,64cf4f8938458effcc91aeddffc4640d,20,0,false,0,false,75.0,0.0.3
1370479368742,abf1170c1eb9e98065aef6be26e7a95e,30,1,true,50,false,75.0,0.0.3
1370479368742,f1f75ac327f57b27ac7a366fae53b8b7,45,0,true,50,false,75.0,0.0.3
1370479368742,4becf050ef7169888f74e11666ba8d23,50,0,false,0,false,75.0,0.0.3
1370479368742,b0c5a044e1055128dace5d857dfb00c6,80,0,true,10,false,75.0,0.0.3
1370480567098,64cf4f8938458effcc91aeddffc4640d,20,0,false,0,false,90.0,0.0.3
1370480567098,f1f75ac327f57b27ac7a366fae53b8b7,45,0,true,50,false,90.0,0.0.3
1370480567098,abf1170c1eb9e98065aef6be26e7a95e,30,1,true,50,false,90.0,0.0.3
1370480567098,b0c5a044e1055128dace5d857dfb00c6,80,0,true,10,false,90.0,0.0.3
1370480567098,4becf050ef7169888f74e11666ba8d23,50,0,false,0,false,90.0,0.0.3
1370480567098,4a100d93b90d1d0c0a7c0dc07e4704fd,15,3,true,30,false,90.0,0.0.3
1370481169531,64cf4f8938458effcc91aeddffc4640d,20,0,false,0,false,105.0,0.0.3
1370481169531,abf1170c1eb9e98065aef6be26e7a95e,30,1,true,50,false,105.0,0.0.3
1370481169531,4a100d93b90d1d0c0a7c0dc07e4704fd,15,4,true,30,false,105.0,0.0.3
1370481169531,f1f75ac327f57b27ac7a366fae53b8b7,45,0,true,50,false,105.0,0.0.3
1370481169531,4becf050ef7169888f74e11666ba8d23,50,0,false,0,false,105.0,0.0.3
1370481169531,b0c5a044e1055128dace5d857dfb00c6,80,0,true,10,false,105.0,0.0.3
1370483573302,4a100d93b90d1d0c0a7c0dc07e4704fd,15,5,true,30,false,120.0,0.0.3
1370483573302,64cf4f8938458effcc91aeddffc4640d,20,0,false,0,false,120.0,0.0.3
1370483573302,abf1170c1eb9e98065aef6be26e7a95e,30,1,true,50,false,120.0,0.0.3
1370483573302,f1f75ac327f57b27ac7a366fae53b8b7,45,0,true,50,false,120.0,0.0.3
1370483573302,4becf050ef7169888f74e11666ba8d23,50,0,false,0,false,120.0,0.0.3
1370483573302,b0c5a044e1055128dace5d857dfb00c6,80,0,true,10,false,120.0,0.0.3
1370484772068,4a100d93b90d1d0c0a7c0dc07e4704fd,15,6,true,30,false,135.0,0.0.3
1370484772068,64cf4f8938458effcc91aeddffc4640d,20,0,false,0,false,135.0,0.0.3
1370484772068,abf1170c1eb9e98065aef6be26e7a95e,30,1,true,50,false,135.0,0.0.3
1370484772068,f1f75ac327f57b27ac7a366fae53b8b7,45,0,true,50,false,135.0,0.0.3
1370484772068,4becf050ef7169888f74e11666ba8d23,50,0,false,0,false,135.0,0.0.3
1370484772068,b0c5a044e1055128dace5d857dfb00c6,80,0,true,10,false,135.0,0.0.3
1370485373476,abf1170c1eb9e98065aef6be26e7a95e,30,1,true,50,false,150.0,0.0.3
1370485373476,4a100d93b90d1d0c0a7c0dc07e4704fd,15,7,true,30,false,150.0,0.0.3
1370485373476,f1f75ac327f57b27ac7a366fae53b8b7,45,0,true,50,false,150.0,0.0.3
1370485373476,b0c5a044e1055128dace5d857dfb00c6,80,0,true,10,false,150.0,0.0.3
1370485373476,4becf050ef7169888f74e11666ba8d23,50,0,false,0,false,150.0,0.0.3
1370485373476,64cf4f8938458effcc91aeddffc4640d,20,0,false,0,false,150.0,0.0.3
1370485972895,abf1170c1eb9e98065aef6be26e7a95e,30,1,true,50,false,165.0,0.0.3
1370485972895,f1f75ac327f57b27ac7a366fae53b8b7,45,0,true,50,false,165.0,0.0.3
1370485972895,4becf050ef7169888f74e11666ba8d23,50,0,false,0,false,165.0,0.0.3
1370485972895,b0c5a044e1055128dace5d857dfb00c6,80,0,true,10,false,165.0,0.0.3
1370485972895,4a100d93b90d1d0c0a7c0dc07e4704fd,15,8,true,30,false,165.0,0.0.3
1370485972895,64cf4f8938458effcc91aeddffc4640d,20,0,false,0,false,165.0,0.0.3
1370488373164,4a100d93b90d1d0c0a7c0dc07e4704fd,15,9,true,30,false,180.0,0.0.3
1370488373164,64cf4f8938458effcc91aeddffc4640d,20,0,false,0,false,180.0,0.0.3
1370488373164,abf1170c1eb9e98065aef6be26e7a95e,30,1,true,50,false,180.0,0.0.3
1370488373164,f1f75ac327f57b27ac7a366fae53b8b7,45,0,true,50,false,180.0,0.0.3
1370488373164,4becf050ef7169888f74e11666ba8d23,50,0,false,0,false,180.0,0.0.3
1370488373164,b0c5a044e1055128dace5d857dfb00c6,80,0,true,10,false,180.0,0.0.3
1370503376513,4a100d93b90d1d0c0a7c0dc07e4704fd,15,10,true,30,false,195.0,0.0.3
1370503376513,64cf4f8938458effcc91aeddffc4640d,20,0,false,0,false,195.0,0.0.3
1370503376513,abf1170c1eb9e98065aef6be26e7a95e,30,1,true,50,false,195.0,0.0.3
1370503376513,f1f75ac327f57b27ac7a366fae53b8b7,45,0,true,50,false,195.0,0.0.3
1370503376513,4becf050ef7169888f74e11666ba8d23,50,0,false,0,false,195.0,0.0.3
1370503376513,b0c5a044e1055128dace5d857dfb00c6,80,0,true,10,false,195.0,0.0.3
1370505177336,4a100d93b90d1d0c0a7c0dc07e4704fd,15,11,true,30,false,210.0,0.0.3
1370505177336,64cf4f8938458effcc91aeddffc4640d,20,0,false,0,false,210.0,0.0.3
1370505177336,abf1170c1eb9e98065aef6be26e7a95e,30,1,true,50,false,210.0,0.0.3
1370505177336,f1f75ac327f57b27ac7a366fae53b8b7,45,0,true,50,false,210.0,0.0.3
1370505177336,4becf050ef7169888f74e11666ba8d23,50,0,false,0,false,210.0,0.0.3
1370505177336,b0c5a044e1055128dace5d857dfb00c6,80,0,true,10,false,210.0,0.0.3
1370518981583,4a100d93b90d1d0c0a7c0dc07e4704fd,15,12,true,30,false,232.0,0.0.3
1370518981583,64cf4f8938458effcc91aeddffc4640d,20,0,false,0,false,232.0,0.0.3
1370518981583,abf1170c1eb9e98065aef6be26e7a95e,30,1,true,50,false,232.0,0.0.3
1370518981583,f1f75ac327f57b27ac7a366fae53b8b7,45,0,true,50,false,232.0,0.0.3
1370518981583,4becf050ef7169888f74e11666ba8d23,50,0,false,0,false,232.0,0.0.3
1370518981583,b0c5a044e1055128dace5d857dfb00c6,80,0,true,10,false,232.0,0.0.3
1370521382164,4a100d93b90d1d0c0a7c0dc07e4704fd,15,13,true,30,false,247.0,0.0.3
1370521382164,64cf4f8938458effcc91aeddffc4640d,20,0,false,0,false,247.0,0.0.3
1370521382164,abf1170c1eb9e98065aef6be26e7a95e,30,1,true,50,false,247.0,0.0.3
1370521382164,f1f75ac327f57b27ac7a366fae53b8b7,45,0,true,50,false,247.0,0.0.3
1370521382164,4becf050ef7169888f74e11666ba8d23,50,0,false,0,false,247.0,0.0.3
1370521382164,b0c5a044e1055128dace5d857dfb00c6,80,0,true,10,false,247.0,0.0.3
1370530384464,4a100d93b90d1d0c0a7c0dc07e4704fd,15,14,true,30,false,262.0,0.0.3
1370530384464,64cf4f8938458effcc91aeddffc4640d,20,0,false,0,false,262.0,0.0.3
1370530384464,abf1170c1eb9e98065aef6be26e7a95e,30,1,true,50,false,262.0,0.0.3
1370530384464,f1f75ac327f57b27ac7a366fae53b8b7,45,0,true,50,false,262.0,0.0.3
1370530384464,4becf050ef7169888f74e11666ba8d23,50,0,false,0,false,262.0,0.0.3
1370530384464,b0c5a044e1055128dace5d857dfb00c6,80,0,true,10,false,262.0,0.0.3
1370530986557,f1f75ac327f57b27ac7a366fae53b8b7,45,0,true,50,false,277.0,0.0.3
1370530986557,64cf4f8938458effcc91aeddffc4640d,20,0,false,0,false,277.0,0.0.3
1370530986557,b0c5a044e1055128dace5d857dfb00c6,80,0,true,10,false,277.0,0.0.3
1370530986557,abf1170c1eb9e98065aef6be26e7a95e,30,1,true,50,false,277.0,0.0.3
1370530986557,4becf050ef7169888f74e11666ba8d23,50,0,false,0,false,277.0,0.0.3
1370530986557,4a100d93b90d1d0c0a7c0dc07e4704fd,15,15,true,30,false,277.0,0.0.3
1370532184925,4a100d93b90d1d0c0a7c0dc07e4704fd,15,16,true,30,false,292.0,0.0.3
1370532184925,abf1170c1eb9e98065aef6be26e7a95e,30,1,true,50,false,292.0,0.0.3
1370532184925,64cf4f8938458effcc91aeddffc4640d,20,0,false,0,false,292.0,0.0.3
1370532184925,f1f75ac327f57b27ac7a366fae53b8b7,45,0,true,50,false,292.0,0.0.3
1370532184925,4becf050ef7169888f74e11666ba8d23,50,0,false,0,false,292.0,0.0.3
1370532184925,b0c5a044e1055128dace5d857dfb00c6,80,0,true,10,false,292.0,0.0.3
1370533985601,4a100d93b90d1d0c0a7c0dc07e4704fd,15,17,true,30,false,307.0,0.0.3
1370533985601,64cf4f8938458effcc91aeddffc4640d,20,0,false,0,false,307.0,0.0.3
1370533985601,abf1170c1eb9e98065aef6be26e7a95e,30,1,true,50,false,307.0,0.0.3
1370533985601,f1f75ac327f57b27ac7a366fae53b8b7,45,0,true,50,false,307.0,0.0.3
1370533985601,4becf050ef7169888f74e11666ba8d23,50,0,false,0,false,307.0,0.0.3
1370533985601,b0c5a044e1055128dace5d857dfb00c6,80,0,true,10,false,307.0,0.0.3
1370536386694,64cf4f8938458effcc91aeddffc4640d,20,0,false,0,false,322.0,0.0.3
1370536386694,abf1170c1eb9e98065aef6be26e7a95e,30,1,true,50,false,322.0,0.0.3
1370536386694,4a100d93b90d1d0c0a7c0dc07e4704fd,15,18,true,30,false,322.0,0.0.3
1370536386694,f1f75ac327f57b27ac7a366fae53b8b7,45,0,true,50,false,322.0,0.0.3
1370536386694,4becf050ef7169888f74e11666ba8d23,50,0,false,0,false,322.0,0.0.3
1370536386694,b0c5a044e1055128dace5d857dfb00c6,80,0,true,10,false,322.0,0.0.3
1370536987491,4a100d93b90d1d0c0a7c0dc07e4704fd,15,19,true,30,false,337.0,0.0.3
1370536987491,64cf4f8938458effcc91aeddffc4640d,20,0,false,0,false,337.0,0.0.3
1370536987491,abf1170c1eb9e98065aef6be26e7a95e,30,1,true,50,false,337.0,0.0.3
1370536987491,f1f75ac327f57b27ac7a366fae53b8b7,45,0,true,50,false,337.0,0.0.3
1370536987491,4becf050ef7169888f74e11666ba8d23,50,0,false,0,false,337.0,0.0.3
1370536987491,b0c5a044e1055128dace5d857dfb00c6,80,0,true,10,false,337.0,0.0.3
1370541192204,4a100d93b90d1d0c0a7c0dc07e4704fd,15,20,true,30,false,352.0,0.0.3
1370541192204,64cf4f8938458effcc91aeddffc4640d,20,0,false,0,false,352.0,0.0.3
1370541192204,abf1170c1eb9e98065aef6be26e7a95e,30,1,true,50,false,352.0,0.0.3
1370541192204,f1f75ac327f57b27ac7a366fae53b8b7,45,0,true,50,false,352.0,0.0.3
1370541192204,4becf050ef7169888f74e11666ba8d23,50,0,false,0,false,352.0,0.0.3
1370541192204,b0c5a044e1055128dace5d857dfb00c6,80,0,true,10,false,352.0,0.0.3
1370542390110,4a100d93b90d1d0c0a7c0dc07e4704fd,15,20,true,30,false,412.0,0.0.3
1370542390110,abf1170c1eb9e98065aef6be26e7a95e,30,1,true,50,false,412.0,0.0.3
1370542390110,64cf4f8938458effcc91aeddffc4640d,20,0,false,0,false,412.0,0.0.3
1370542390110,f1f75ac327f57b27ac7a366fae53b8b7,45,0,true,50,false,412.0,0.0.3
1370542390110,4becf050ef7169888f74e11666ba8d23,50,1,false,0,false,412.0,0.0.3
1370542390110,b0c5a044e1055128dace5d857dfb00c6,80,0,true,10,false,412.0,0.0.3
1370543591665,4a100d93b90d1d0c0a7c0dc07e4704fd,15,21,true,30,false,427.0,0.0.3
1370543591665,64cf4f8938458effcc91aeddffc4640d,20,0,false,0,false,427.0,0.0.3
1370543591665,abf1170c1eb9e98065aef6be26e7a95e,30,1,true,50,false,427.0,0.0.3
1370543591665,f1f75ac327f57b27ac7a366fae53b8b7,45,0,true,50,false,427.0,0.0.3
1370543591665,4becf050ef7169888f74e11666ba8d23,50,1,false,0,false,427.0,0.0.3
1370543591665,b0c5a044e1055128dace5d857dfb00c6,80,0,true,10,false,427.0,0.0.3
1370550196944,abf1170c1eb9e98065aef6be26e7a95e,30,1,true,50,false,449.0,0.0.3
1370550196944,f1f75ac327f57b27ac7a366fae53b8b7,45,0,true,50,false,449.0,0.0.3
1370550196944,4becf050ef7169888f74e11666ba8d23,50,1,false,0,false,449.0,0.0.3
1370550196944,b0c5a044e1055128dace5d857dfb00c6,80,0,true,10,false,449.0,0.0.3
1370550196944,64cf4f8938458effcc91aeddffc4640d,20,0,false,0,false,449.0,0.0.3
1370550196944,4a100d93b90d1d0c0a7c0dc07e4704fd,15,22,true,30,false,449.0,0.0.3
1370554397541,4a100d93b90d1d0c0a7c0dc07e4704fd,15,23,true,30,false,464.0,0.0.3
1370554397541,64cf4f8938458effcc91aeddffc4640d,20,0,false,0,false,464.0,0.0.3
1370554397541,abf1170c1eb9e98065aef6be26e7a95e,30,1,true,50,false,464.0,0.0.3
1370554397541,f1f75ac327f57b27ac7a366fae53b8b7,45,0,true,50,false,464.0,0.0.3
1370554397541,4becf050ef7169888f74e11666ba8d23,50,1,false,0,false,464.0,0.0.3
1370554397541,b0c5a044e1055128dace5d857dfb00c6,80,0,true,10,false,464.0,0.0.3
1370555598695,4a100d93b90d1d0c0a7c0dc07e4704fd,15,26,true,30,false,509.0,0.0.3
1370555598695,64cf4f8938458effcc91aeddffc4640d,20,0,false,0,false,509.0,0.0.3
1370555598695,abf1170c1eb9e98065aef6be26e7a95e,30,1,true,50,false,509.0,0.0.3
1370555598695,f1f75ac327f57b27ac7a366fae53b8b7,45,0,true,50,false,509.0,0.0.3
1370555598695,4becf050ef7169888f74e11666ba8d23,50,1,false,0,false,509.0,0.0.3
1370555598695,b0c5a044e1055128dace5d857dfb00c6,80,0,true,10,false,509.0,0.0.3
1370561600530,4a100d93b90d1d0c0a7c0dc07e4704fd,15,27,true,30,false,531.0,0.0.3
1370561600530,4becf050ef7169888f74e11666ba8d23,50,1,false,0,false,531.0,0.0.3
1370561600530,f1f75ac327f57b27ac7a366fae53b8b7,45,0,true,50,false,531.0,0.0.3
1370561600530,b0c5a044e1055128dace5d857dfb00c6,80,0,true,10,false,531.0,0.0.3
1370561600530,abf1170c1eb9e98065aef6be26e7a95e,30,1,true,50,false,531.0,0.0.3
1370561600530,64cf4f8938458effcc91aeddffc4640d,20,0,false,0,false,531.0,0.0.3
1370573008952,4a100d93b90d1d0c0a7c0dc07e4704fd,15,28,true,30,false,546.0,0.0.3
1370573008952,64cf4f8938458effcc91aeddffc4640d,20,0,false,0,false,546.0,0.0.3
1370573008952,abf1170c1eb9e98065aef6be26e7a95e,30,1,true,50,false,546.0,0.0.3
1370573008952,f1f75ac327f57b27ac7a366fae53b8b7,45,0,true,50,false,546.0,0.0.3
1370573008952,4becf050ef7169888f74e11666ba8d23,50,1,false,0,false,546.0,0.0.3
1370573008952,b0c5a044e1055128dace5d857dfb00c6,80,0,true,10,false,546.0,0.0.3
1370574211610,f1f75ac327f57b27ac7a366fae53b8b7,45,0,true,50,false,561.0,0.0.3
1370574211610,64cf4f8938458effcc91aeddffc4640d,20,0,false,0,false,561.0,0.0.3
1370574211610,4becf050ef7169888f74e11666ba8d23,50,1,false,0,false,561.0,0.0.3
1370574211610,abf1170c1eb9e98065aef6be26e7a95e,30,1,true,50,false,561.0,0.0.3
1370574211610,b0c5a044e1055128dace5d857dfb00c6,80,0,true,10,false,561.0,0.0.3
1370574211610,4a100d93b90d1d0c0a7c0dc07e4704fd,15,29,true,30,false,561.0,0.0.3
1370574809217,4a100d93b90d1d0c0a7c0dc07e4704fd,15,30,true,30,true,576.0,0.0.3
1370574809217,64cf4f8938458effcc91aeddffc4640d,20,0,false,0,false,576.0,0.0.3
1370574809217,abf1170c1eb9e98065aef6be26e7a95e,30,1,true,50,false,576.0,0.0.3
1370574809217,f1f75ac327f57b27ac7a366fae53b8b7,45,0,true,50,false,576.0,0.0.3
1370574809217,4becf050ef7169888f74e11666ba8d23,50,1,false,0,false,576.0,0.0.3
1370574809217,b0c5a044e1055128dace5d857dfb00c6,80,0,true,10,false,576.0,0.0.3
1370589816516,4a100d93b90d1d0c0a7c0dc07e4704fd,15,30,true,30,true,596.0,0.0.3
1370589816516,64cf4f8938458effcc91aeddffc4640d,20,1,false,0,false,596.0,0.0.3
1370589816516,abf1170c1eb9e98065aef6be26e7a95e,30,1,true,50,false,596.0,0.0.3
1370589816516,f1f75ac327f57b27ac7a366fae53b8b7,45,0,true,50,false,596.0,0.0.3
1370589816516,4becf050ef7169888f74e11666ba8d23,50,1,false,0,false,596.0,0.0.3
1370589816516,b0c5a044e1055128dace5d857dfb00c6,80,0,true,10,false,596.0,0.0.3
1370591019540,4a100d93b90d1d0c0a7c0dc07e4704fd,15,30,true,30,true,616.0,0.0.3
1370591019540,64cf4f8938458effcc91aeddffc4640d,20,2,false,0,false,616.0,0.0.3
1370591019540,f1f75ac327f57b27ac7a366fae53b8b7,45,0,true,50,false,616.0,0.0.3
1370591019540,abf1170c1eb9e98065aef6be26e7a95e,30,1,true,50,false,616.0,0.0.3
1370591019540,4becf050ef7169888f74e11666ba8d23,50,1,false,0,false,616.0,0.0.3
1370591019540,b0c5a044e1055128dace5d857dfb00c6,80,0,true,10,false,616.0,0.0.3
1370602415905,64cf4f8938458effcc91aeddffc4640d,20,2,false,0,false,594.0,0.0.3
1370602415905,4a100d93b90d1d0c0a7c0dc07e4704fd,15,29,true,30,false,594.0,0.0.3
1370602415905,abf1170c1eb9e98065aef6be26e7a95e,30,1,true,50,false,594.0,0.0.3
1370602415905,4becf050ef7169888f74e11666ba8d23,50,1,false,0,false,594.0,0.0.3
1370602415905,f1f75ac327f57b27ac7a366fae53b8b7,45,0,true,50,false,594.0,0.0.3
1370602415905,b0c5a044e1055128dace5d857dfb00c6,80,0,true,10,false,594.0,0.0.3
1370607224088,4a100d93b90d1d0c0a7c0dc07e4704fd,15,30,true,30,true,609.0,0.0.3
1370607224088,64cf4f8938458effcc91aeddffc4640d,20,2,false,0,false,609.0,0.0.3
1370607224088,abf1170c1eb9e98065aef6be26e7a95e,30,1,true,50,false,609.0,0.0.3
1370607224088,f1f75ac327f57b27ac7a366fae53b8b7,45,0,true,50,false,609.0,0.0.3
1370607224088,4becf050ef7169888f74e11666ba8d23,50,1,false,0,false,609.0,0.0.3
1370607224088,b0c5a044e1055128dace5d857dfb00c6,80,0,true,10,false,609.0,0.0.3
1370607819661,4a100d93b90d1d0c0a7c0dc07e4704fd,15,30,true,30,true,629.0,0.0.3
1370607819661,64cf4f8938458effcc91aeddffc4640d,20,3,false,0,false,629.0,0.0.3
1370607819661,abf1170c1eb9e98065aef6be26e7a95e,30,1,true,50,false,629.0,0.0.3
1370607819661,f1f75ac327f57b27ac7a366fae53b8b7,45,0,true,50,false,629.0,0.0.3
1370607819661,4becf050ef7169888f74e11666ba8d23,50,1,false,0,false,629.0,0.0.3
1370607819661,b0c5a044e1055128dace5d857dfb00c6,80,0,true,10,false,629.0,0.0.3
1370609620954,4a100d93b90d1d0c0a7c0dc07e4704fd,15,30,true,30,true,649.0,0.0.3
1370609620954,64cf4f8938458effcc91aeddffc4640d,20,4,false,0,false,649.0,0.0.3
1370609620954,abf1170c1eb9e98065aef6be26e7a95e,30,1,true,50,false,649.0,0.0.3
1370609620954,f1f75ac327f57b27ac7a366fae53b8b7,45,0,true,50,false,649.0,0.0.3
1370609620954,4becf050ef7169888f74e11666ba8d23,50,1,false,0,false,649.0,0.0.3
1370609620954,b0c5a044e1055128dace5d857dfb00c6,80,0,true,10,false,649.0,0.0.3
1370616232323,64cf4f8938458effcc91aeddffc4640d,20,5,false,0,false,674.0,0.0.3
1370616232323,abf1170c1eb9e98065aef6be26e7a95e,30,1,true,50,false,674.0,0.0.3
1370616232323,f1f75ac327f57b27ac7a366fae53b8b7,45,0,true,50,false,674.0,0.0.3
1370616232323,4a100d93b90d1d0c0a7c0dc07e4704fd,15,30,true,30,true,674.0,0.0.3
1370616232323,4becf050ef7169888f74e11666ba8d23,50,1,false,0,false,674.0,0.0.3
1370616232323,b0c5a044e1055128dace5d857dfb00c6,80,0,true,10,false,674.0,0.0.3
1370627627666,4a100d93b90d1d0c0a7c0dc07e4704fd,15,29,true,30,false,659.0,0.0.3
1370627627666,64cf4f8938458effcc91aeddffc4640d,20,5,false,0,false,659.0,0.0.3
1370627627666,abf1170c1eb9e98065aef6be26e7a95e,30,1,true,50,false,659.0,0.0.3
1370627627666,f1f75ac327f57b27ac7a366fae53b8b7,45,0,true,50,false,659.0,0.0.3
1370627627666,4becf050ef7169888f74e11666ba8d23,50,1,false,0,false,659.0,0.0.3
1370627627666,b0c5a044e1055128dace5d857dfb00c6,80,0,true,10,false,659.0,0.0.3
1370628227079,4a100d93b90d1d0c0a7c0dc07e4704fd,15,30,true,30,true,674.0,0.0.3
1370628227079,64cf4f8938458effcc91aeddffc4640d,20,5,false,0,false,674.0,0.0.3
1370628227079,abf1170c1eb9e98065aef6be26e7a95e,30,1,true,50,false,674.0,0.0.3
1370628227079,f1f75ac327f57b27ac7a366fae53b8b7,45,0,true,50,false,674.0,0.0.3
1370628227079,4becf050ef7169888f74e11666ba8d23,50,1,false,0,false,674.0,0.0.3
1370628227079,b0c5a044e1055128dace5d857dfb00c6,80,0,true,10,false,674.0,0.0.3
1370631231590,4a100d93b90d1d0c0a7c0dc07e4704fd,15,30,true,30,true,694.0,0.0.3
1370631231590,abf1170c1eb9e98065aef6be26e7a95e,30,1,true,50,false,694.0,0.0.3
1370631231590,f1f75ac327f57b27ac7a366fae53b8b7,45,0,true,50,false,694.0,0.0.3
1370631231590,4becf050ef7169888f74e11666ba8d23,50,1,false,0,false,694.0,0.0.3
1370631231590,64cf4f8938458effcc91aeddffc4640d,20,6,false,0,false,694.0,0.0.3
1370631231590,b0c5a044e1055128dace5d857dfb00c6,80,0,true,10,false,694.0,0.0.3
1370689470730,64cf4f8938458effcc91aeddffc4640d,20,6,false,0,false,789.0,0.0.3
1370689470730,f1f75ac327f57b27ac7a366fae53b8b7,45,0,true,50,false,789.0,0.0.3
1370689470730,4becf050ef7169888f74e11666ba8d23,50,1,false,0,false,789.0,0.0.3
1370689470730,4a100d93b90d1d0c0a7c0dc07e4704fd,15,30,true,30,true,789.0,0.0.3
1370689470730,b0c5a044e1055128dace5d857dfb00c6,80,1,true,10,false,789.0,0.0.3
1370689470730,abf1170c1eb9e98065aef6be26e7a95e,30,1,true,50,false,789.0,0.0.3
1370709281014,64cf4f8938458effcc91aeddffc4640d,20,7,false,0,false,809.0,0.0.3
1370709281014,abf1170c1eb9e98065aef6be26e7a95e,30,1,true,50,false,809.0,0.0.3
1370709281014,4a100d93b90d1d0c0a7c0dc07e4704fd,15,30,true,30,true,809.0,0.0.3
1370709281014,f1f75ac327f57b27ac7a366fae53b8b7,45,0,true,50,false,809.0,0.0.3
1370709281014,4becf050ef7169888f74e11666ba8d23,50,1,false,0,false,809.0,0.0.3
1370709281014,b0c5a044e1055128dace5d857dfb00c6,80,1,true,10,false,809.0,0.0.3
1370710480017,64cf4f8938458effcc91aeddffc4640d,20,8,false,0,false,829.0,0.0.3
1370710480017,abf1170c1eb9e98065aef6be26e7a95e,30,1,true,50,false,829.0,0.0.3
1370710480017,f1f75ac327f57b27ac7a366fae53b8b7,45,0,true,50,false,829.0,0.0.3
1370710480017,4becf050ef7169888f74e11666ba8d23,50,1,false,0,false,829.0,0.0.3
1370710480017,4a100d93b90d1d0c0a7c0dc07e4704fd,15,30,true,30,true,829.0,0.0.3
1370710480017,b0c5a044e1055128dace5d857dfb00c6,80,1,true,10,false,829.0,0.0.3
1370723077269,4a100d93b90d1d0c0a7c0dc07e4704fd,15,30,true,30,true,856.0,0.0.3
1370723077269,64cf4f8938458effcc91aeddffc4640d,20,9,false,0,false,856.0,0.0.3
1370723077269,abf1170c1eb9e98065aef6be26e7a95e,30,1,true,50,false,856.0,0.0.3
1370723077269,f1f75ac327f57b27ac7a366fae53b8b7,45,0,true,50,false,856.0,0.0.3
1370723077269,4becf050ef7169888f74e11666ba8d23,50,1,false,0,false,856.0,0.0.3
1370723077269,b0c5a044e1055128dace5d857dfb00c6,80,1,true,10,false,856.0,0.0.3
1370750095716,64cf4f8938458effcc91aeddffc4640d,20,9,false,0,false,1046.0,0.0.3
1370750095716,f1f75ac327f57b27ac7a366fae53b8b7,45,0,true,50,false,1046.0,0.0.3
1370750095716,4becf050ef7169888f74e11666ba8d23,50,1,false,0,false,1046.0,0.0.3
1370750095716,4a100d93b90d1d0c0a7c0dc07e4704fd,15,30,true,30,true,1046.0,0.0.3
1370750095716,abf1170c1eb9e98065aef6be26e7a95e,30,1,true,50,false,1046.0,0.0.3
1370750095716,b0c5a044e1055128dace5d857dfb00c6,80,2,true,10,false,1046.0,0.0.3
1370768095816,4a100d93b90d1d0c0a7c0dc07e4704fd,15,30,true,30,true,1066.0,0.0.3
1370768095816,64cf4f8938458effcc91aeddffc4640d,20,10,false,0,false,1066.0,0.0.3
1370768095816,abf1170c1eb9e98065aef6be26e7a95e,30,1,true,50,false,1066.0,0.0.3
1370768095816,f1f75ac327f57b27ac7a366fae53b8b7,45,0,true,50,false,1066.0,0.0.3
1370768095816,4becf050ef7169888f74e11666ba8d23,50,1,false,0,false,1066.0,0.0.3
1370768095816,b0c5a044e1055128dace5d857dfb00c6,80,2,true,10,false,1066.0,0.0.3
1370804716285,64cf4f8938458effcc91aeddffc4640d,20,11,false,0,false,1093.0,0.0.3
1370804716285,abf1170c1eb9e98065aef6be26e7a95e,30,1,true,50,false,1093.0,0.0.3
1370804716285,f1f75ac327f57b27ac7a366fae53b8b7,45,0,true,50,false,1093.0,0.0.3
1370804716285,4becf050ef7169888f74e11666ba8d23,50,1,false,0,false,1093.0,0.0.3
1370804716285,b0c5a044e1055128dace5d857dfb00c6,80,2,true,10,false,1093.0,0.0.3
1370804716285,4a100d93b90d1d0c0a7c0dc07e4704fd,15,30,true,30,true,1093.0,0.0.3
1370810725487,64cf4f8938458effcc91aeddffc4640d,20,11,false,0,false,1143.0,0.0.3
1370810725487,f1f75ac327f57b27ac7a366fae53b8b7,45,0,true,50,false,1143.0,0.0.3
1370810725487,4becf050ef7169888f74e11666ba8d23,50,2,false,0,false,1143.0,0.0.3
1370810725487,abf1170c1eb9e98065aef6be26e7a95e,30,1,true,50,false,1143.0,0.0.3
1370810725487,b0c5a044e1055128dace5d857dfb00c6,80,2,true,10,false,1143.0,0.0.3
1370810725487,4a100d93b90d1d0c0a7c0dc07e4704fd,15,30,true,30,true,1143.0,0.0.3
1370837731202,4a100d93b90d1d0c0a7c0dc07e4704fd,15,30,true,30,true,1123.0,0.0.3
1370837731202,64cf4f8938458effcc91aeddffc4640d,20,10,false,0,false,1123.0,0.0.3
1370837731202,f1f75ac327f57b27ac7a366fae53b8b7,45,0,true,50,false,1123.0,0.0.3
1370837731202,abf1170c1eb9e98065aef6be26e7a95e,30,1,true,50,false,1123.0,0.0.3
1370837731202,4becf050ef7169888f74e11666ba8d23,50,2,false,0,false,1123.0,0.0.3
1370837731202,b0c5a044e1055128dace5d857dfb00c6,80,2,true,10,false,1123.0,0.0.3
1370970077417,4a100d93b90d1d0c0a7c0dc07e4704fd,15,29,true,30,false,1101.0,0.0.3
1370970077417,4becf050ef7169888f74e11666ba8d23,50,2,false,0,false,1101.0,0.0.3
1370970077417,b0c5a044e1055128dace5d857dfb00c6,80,2,true,10,false,1101.0,0.0.3
1370970077417,64cf4f8938458effcc91aeddffc4640d,20,10,false,0,false,1101.0,0.0.3
1370970077417,abf1170c1eb9e98065aef6be26e7a95e,30,1,true,50,false,1101.0,0.0.3
1370970077417,f1f75ac327f57b27ac7a366fae53b8b7,45,0,true,50,false,1101.0,0.0.3
1371019313222,4a100d93b90d1d0c0a7c0dc07e4704fd,15,29,true,30,false,1107.0,0.0.3
1371019313222,64cf4f8938458effcc91aeddffc4640d,20,10,false,0,false,1107.0,0.0.3
1371019313222,8d653439240b5c6a7e0d632afedc280c,26,1,false,0,false,1107.0,0.0.3
1371019313222,abf1170c1eb9e98065aef6be26e7a95e,30,1,true,50,false,1107.0,0.0.3
1371019313222,f1f75ac327f57b27ac7a366fae53b8b7,45,0,true,50,false,1107.0,0.0.3
1371019313222,4becf050ef7169888f74e11666ba8d23,50,2,false,0,false,1107.0,0.0.3
1371019313222,b0c5a044e1055128dace5d857dfb00c6,80,2,true,10,false,1107.0,0.0.3
1371041525056,4a100d93b90d1d0c0a7c0dc07e4704fd,15,30,true,30,true,1122.0,0.0.3
1371041525056,8d653439240b5c6a7e0d632afedc280c,26,1,false,0,false,1122.0,0.0.3
1371041525056,64cf4f8938458effcc91aeddffc4640d,20,9,false,0,false,1122.0,0.0.3
1371041525056,abf1170c1eb9e98065aef6be26e7a95e,30,1,true,50,false,1122.0,0.0.3
1371041525056,f1f75ac327f57b27ac7a366fae53b8b7,45,0,true,50,false,1122.0,0.0.3
1371041525056,4becf050ef7169888f74e11666ba8d23,50,2,false,0,false,1122.0,0.0.3
1371041525056,b0c5a044e1055128dace5d857dfb00c6,80,2,true,10,false,1122.0,0.0.3
1371051726350,4a100d93b90d1d0c0a7c0dc07e4704fd,15,30,true,30,true,1148.0,0.0.3
1371051726350,64cf4f8938458effcc91aeddffc4640d,20,9,false,0,false,1148.0,0.0.3
1371051726350,8d653439240b5c6a7e0d632afedc280c,26,2,false,0,false,1148.0,0.0.3
1371051726350,abf1170c1eb9e98065aef6be26e7a95e,30,1,true,50,false,1148.0,0.0.3
1371051726350,f1f75ac327f57b27ac7a366fae53b8b7,45,0,true,50,false,1148.0,0.0.3
1371051726350,4becf050ef7169888f74e11666ba8d23,50,2,false,0,false,1148.0,0.0.3
1371051726350,b0c5a044e1055128dace5d857dfb00c6,80,2,true,10,false,1148.0,0.0.3
1371052325665,abf1170c1eb9e98065aef6be26e7a95e,30,1,true,50,false,1168.0,0.0.3
1371052325665,4a100d93b90d1d0c0a7c0dc07e4704fd,15,30,true,30,true,1168.0,0.0.3
1371052325665,8d653439240b5c6a7e0d632afedc280c,26,2,false,0,false,1168.0,0.0.3
1371052325665,4becf050ef7169888f74e11666ba8d23,50,2,false,0,false,1168.0,0.0.3
1371052325665,f1f75ac327f57b27ac7a366fae53b8b7,45,0,true,50,false,1168.0,0.0.3
1371052325665,b0c5a044e1055128dace5d857dfb00c6,80,2,true,10,false,1168.0,0.0.3
1371052325665,64cf4f8938458effcc91aeddffc4640d,20,10,false,0,false,1168.0,0.0.3
1371052931677,64cf4f8938458effcc91aeddffc4640d,20,10,false,0,false,1194.0,0.0.3
1371052931677,8d653439240b5c6a7e0d632afedc280c,26,3,false,0,false,1194.0,0.0.3
1371052931677,abf1170c1eb9e98065aef6be26e7a95e,30,1,true,50,false,1194.0,0.0.3
1371052931677,f1f75ac327f57b27ac7a366fae53b8b7,45,0,true,50,false,1194.0,0.0.3
1371052931677,4becf050ef7169888f74e11666ba8d23,50,2,false,0,false,1194.0,0.0.3
1371052931677,4a100d93b90d1d0c0a7c0dc07e4704fd,15,30,true,30,true,1194.0,0.0.3
1371052931677,b0c5a044e1055128dace5d857dfb00c6,80,2,true,10,false,1194.0,0.0.3
1371054719131,4a100d93b90d1d0c0a7c0dc07e4704fd,15,30,true,30,true,1214.0,0.0.3
1371054719131,64cf4f8938458effcc91aeddffc4640d,20,11,false,0,false,1214.0,0.0.3
1371054719131,8d653439240b5c6a7e0d632afedc280c,26,3,false,0,false,1214.0,0.0.3
1371054719131,abf1170c1eb9e98065aef6be26e7a95e,30,1,true,50,false,1214.0,0.0.3
1371054719131,f1f75ac327f57b27ac7a366fae53b8b7,45,0,true,50,false,1214.0,0.0.3
1371054719131,4becf050ef7169888f74e11666ba8d23,50,2,false,0,false,1214.0,0.0.3
1371054719131,b0c5a044e1055128dace5d857dfb00c6,80,2,true,10,false,1214.0,0.0.3
1371064956731,4a100d93b90d1d0c0a7c0dc07e4704fd,15,30,true,30,true,1234.0,0.0.3
1371064956731,64cf4f8938458effcc91aeddffc4640d,20,12,false,0,false,1234.0,0.0.3
1371064956731,8d653439240b5c6a7e0d632afedc280c,26,3,false,0,false,1234.0,0.0.3
1371064956731,abf1170c1eb9e98065aef6be26e7a95e,30,1,true,50,false,1234.0,0.0.3
1371064956731,f1f75ac327f57b27ac7a366fae53b8b7,45,0,true,50,false,1234.0,0.0.3
1371064956731,4becf050ef7169888f74e11666ba8d23,50,2,false,0,false,1234.0,0.0.3
1371064956731,b0c5a044e1055128dace5d857dfb00c6,80,2,true,10,false,1234.0,0.0.3
1371067332742,4a100d93b90d1d0c0a7c0dc07e4704fd,15,30,true,30,true,1240.0,0.0.3
1371067332742,abf1170c1eb9e98065aef6be26e7a95e,30,1,true,50,false,1240.0,0.0.3
1371067332742,8d653439240b5c6a7e0d632afedc280c,26,3,false,0,false,1240.0,0.0.3
1371067332742,f1f75ac327f57b27ac7a366fae53b8b7,45,0,true,50,false,1240.0,0.0.3
1371067332742,4becf050ef7169888f74e11666ba8d23,50,2,false,0,false,1240.0,0.0.3
1371067332742,b0c5a044e1055128dace5d857dfb00c6,80,2,true,10,false,1240.0,0.0.3
1371067332742,64cf4f8938458effcc91aeddffc4640d,20,12,false,0,false,1240.0,0.0.3
1371075800442,4a100d93b90d1d0c0a7c0dc07e4704fd,15,30,true,30,true,1260.0,0.0.3
1371075800442,64cf4f8938458effcc91aeddffc4640d,20,13,false,0,false,1260.0,0.0.3
1371075800442,8d653439240b5c6a7e0d632afedc280c,26,3,false,0,false,1260.0,0.0.3
1371075800442,abf1170c1eb9e98065aef6be26e7a95e,30,1,true,50,false,1260.0,0.0.3
1371075800442,f1f75ac327f57b27ac7a366fae53b8b7,45,0,true,50,false,1260.0,0.0.3
1371075800442,4becf050ef7169888f74e11666ba8d23,50,2,false,0,false,1260.0,0.0.3
1371075800442,b0c5a044e1055128dace5d857dfb00c6,80,2,true,10,false,1260.0,0.0.3
1371084131414,8d653439240b5c6a7e0d632afedc280c,26,3,false,0,false,1280.0,0.0.3
1371084131414,f1f75ac327f57b27ac7a366fae53b8b7,45,0,true,50,false,1280.0,0.0.3
1371084131414,4becf050ef7169888f74e11666ba8d23,50,2,false,0,false,1280.0,0.0.3
1371084131414,abf1170c1eb9e98065aef6be26e7a95e,30,1,true,50,false,1280.0,0.0.3
1371084131414,64cf4f8938458effcc91aeddffc4640d,20,14,false,0,false,1280.0,0.0.3
1371084131414,b0c5a044e1055128dace5d857dfb00c6,80,2,true,10,false,1280.0,0.0.3
1371084131414,4a100d93b90d1d0c0a7c0dc07e4704fd,15,30,true,30,true,1280.0,0.0.3
1371090142189,64cf4f8938458effcc91aeddffc4640d,20,15,false,0,false,1300.0,0.0.3
1371090142189,4a100d93b90d1d0c0a7c0dc07e4704fd,15,30,true,30,true,1300.0,0.0.3
1371090142189,8d653439240b5c6a7e0d632afedc280c,26,3,false,0,false,1300.0,0.0.3
1371090142189,abf1170c1eb9e98065aef6be26e7a95e,30,1,true,50,false,1300.0,0.0.3
1371090142189,f1f75ac327f57b27ac7a366fae53b8b7,45,0,true,50,false,1300.0,0.0.3
1371090142189,4becf050ef7169888f74e11666ba8d23,50,2,false,0,false,1300.0,0.0.3
1371090142189,b0c5a044e1055128dace5d857dfb00c6,80,2,true,10,false,1300.0,0.0.3
1371109341749,8d653439240b5c6a7e0d632afedc280c,26,3,false,0,false,1327.0,0.0.3
1371109341749,abf1170c1eb9e98065aef6be26e7a95e,30,1,true,50,false,1327.0,0.0.3
1371109341749,4becf050ef7169888f74e11666ba8d23,50,2,false,0,false,1327.0,0.0.3
1371109341749,f1f75ac327f57b27ac7a366fae53b8b7,45,0,true,50,false,1327.0,0.0.3
1371109341749,b0c5a044e1055128dace5d857dfb00c6,80,2,true,10,false,1327.0,0.0.3
1371109341749,4a100d93b90d1d0c0a7c0dc07e4704fd,15,30,true,30,true,1327.0,0.0.3
1371109341749,64cf4f8938458effcc91aeddffc4640d,20,16,false,0,false,1327.0,0.0.3
1371179684918,4a100d93b90d1d0c0a7c0dc07e4704fd,15,30,true,30,true,1353.0,0.0.3
1371179684918,64cf4f8938458effcc91aeddffc4640d,20,16,false,0,false,1353.0,0.0.3
1371179684918,8d653439240b5c6a7e0d632afedc280c,26,4,false,0,false,1353.0,0.0.3
1371179684918,abf1170c1eb9e98065aef6be26e7a95e,30,1,true,50,false,1353.0,0.0.3
1371179684918,f1f75ac327f57b27ac7a366fae53b8b7,45,0,true,50,false,1353.0,0.0.3
1371179684918,b0c5a044e1055128dace5d857dfb00c6,80,2,true,10,false,1353.0,0.0.3
1371179684918,4becf050ef7169888f74e11666ba8d23,50,2,false,0,false,1353.0,0.0.3
1371215584567,4a100d93b90d1d0c0a7c0dc07e4704fd,15,30,true,30,true,1433.0,0.0.3
1371215584567,64cf4f8938458effcc91aeddffc4640d,20,16,false,0,false,1433.0,0.0.3
1371215584567,8d653439240b5c6a7e0d632afedc280c,26,4,false,0,false,1433.0,0.0.3
1371215584567,abf1170c1eb9e98065aef6be26e7a95e,30,1,true,50,false,1433.0,0.0.3
1371215584567,f1f75ac327f57b27ac7a366fae53b8b7,45,0,true,50,false,1433.0,0.0.3
1371215584567,4becf050ef7169888f74e11666ba8d23,50,2,false,0,false,1433.0,0.0.3
1371215584567,b0c5a044e1055128dace5d857dfb00c6,80,3,true,10,false,1433.0,0.0.3
1371243198201,8d653439240b5c6a7e0d632afedc280c,26,5,false,0,false,1459.0,0.0.3
1371243198201,abf1170c1eb9e98065aef6be26e7a95e,30,1,true,50,false,1459.0,0.0.3
1371243198201,4a100d93b90d1d0c0a7c0dc07e4704fd,15,30,true,30,true,1459.0,0.0.3
1371243198201,f1f75ac327f57b27ac7a366fae53b8b7,45,0,true,50,false,1459.0,0.0.3
1371243198201,4becf050ef7169888f74e11666ba8d23,50,2,false,0,false,1459.0,0.0.3
1371243198201,b0c5a044e1055128dace5d857dfb00c6,80,3,true,10,false,1459.0,0.0.3
1371243198201,64cf4f8938458effcc91aeddffc4640d,20,16,false,0,false,1459.0,0.0.3
1371283984734,64cf4f8938458effcc91aeddffc4640d,20,16,false,0,false,1492.0,0.0.3
1371283984734,abf1170c1eb9e98065aef6be26e7a95e,30,1,true,50,false,1492.0,0.0.3
1371283984734,f1f75ac327f57b27ac7a366fae53b8b7,45,0,true,50,false,1492.0,0.0.3
1371283984734,8d653439240b5c6a7e0d632afedc280c,26,6,false,0,false,1492.0,0.0.3
1371283984734,4a100d93b90d1d0c0a7c0dc07e4704fd,15,30,true,30,true,1492.0,0.0.3
1371283984734,4becf050ef7169888f74e11666ba8d23,50,2,false,0,false,1492.0,0.0.3
1371283984734,b0c5a044e1055128dace5d857dfb00c6,80,3,true,10,false,1492.0,0.0.3
1371327294599,4a100d93b90d1d0c0a7c0dc07e4704fd,15,30,true,30,true,1512.0,0.0.3
1371327294599,abf1170c1eb9e98065aef6be26e7a95e,30,1,true,50,false,1512.0,0.0.3
1371327294599,f1f75ac327f57b27ac7a366fae53b8b7,45,0,true,50,false,1512.0,0.0.3
1371327294599,64cf4f8938458effcc91aeddffc4640d,20,17,false,0,false,1512.0,0.0.3
1371327294599,8d653439240b5c6a7e0d632afedc280c,26,6,false,0,false,1512.0,0.0.3
1371327294599,4becf050ef7169888f74e11666ba8d23,50,2,false,0,false,1512.0,0.0.3
1371327294599,b0c5a044e1055128dace5d857dfb00c6,80,3,true,10,false,1512.0,0.0.3
1371334493736,4a100d93b90d1d0c0a7c0dc07e4704fd,15,30,true,30,true,1538.0,0.0.3
1371334493736,64cf4f8938458effcc91aeddffc4640d,20,17,false,0,false,1538.0,0.0.3
1371334493736,8d653439240b5c6a7e0d632afedc280c,26,7,false,0,false,1538.0,0.0.3
1371334493736,abf1170c1eb9e98065aef6be26e7a95e,30,1,true,50,false,1538.0,0.0.3
1371334493736,f1f75ac327f57b27ac7a366fae53b8b7,45,0,true,50,false,1538.0,0.0.3
1371334493736,4becf050ef7169888f74e11666ba8d23,50,2,false,0,false,1538.0,0.0.3
1371334493736,b0c5a044e1055128dace5d857dfb00c6,80,3,true,10,false,1538.0,0.0.3
1371356068580,4a100d93b90d1d0c0a7c0dc07e4704fd,15,30,true,30,true,1558.0,0.0.3
1371356068580,64cf4f8938458effcc91aeddffc4640d,20,18,false,0,false,1558.0,0.0.3
1371356068580,8d653439240b5c6a7e0d632afedc280c,26,7,false,0,false,1558.0,0.0.3
1371356068580,abf1170c1eb9e98065aef6be26e7a95e,30,1,true,50,false,1558.0,0.0.3
1371356068580,f1f75ac327f57b27ac7a366fae53b8b7,45,0,true,50,false,1558.0,0.0.3
1371356068580,4becf050ef7169888f74e11666ba8d23,50,2,false,0,false,1558.0,0.0.3
1371356068580,b0c5a044e1055128dace5d857dfb00c6,80,3,true,10,false,1558.0,0.0.3
1371358487904,4a100d93b90d1d0c0a7c0dc07e4704fd,15,30,true,30,true,1584.0,0.0.3
1371358487904,8d653439240b5c6a7e0d632afedc280c,26,8,false,0,false,1584.0,0.0.3
1371358487904,64cf4f8938458effcc91aeddffc4640d,20,18,false,0,false,1584.0,0.0.3
1371358487904,abf1170c1eb9e98065aef6be26e7a95e,30,1,true,50,false,1584.0,0.0.3
1371358487904,f1f75ac327f57b27ac7a366fae53b8b7,45,0,true,50,false,1584.0,0.0.3
1371358487904,4becf050ef7169888f74e11666ba8d23,50,2,false,0,false,1584.0,0.0.3
1371358487904,b0c5a044e1055128dace5d857dfb00c6,80,3,true,10,false,1584.0,0.0.3
1371401653787,64cf4f8938458effcc91aeddffc4640d,20,18,false,0,false,1614.0,0.0.3
1371401653787,abf1170c1eb9e98065aef6be26e7a95e,30,2,true,50,false,1614.0,0.0.3
1371401653787,8d653439240b5c6a7e0d632afedc280c,26,8,false,0,false,1614.0,0.0.3
1371401653787,4becf050ef7169888f74e11666ba8d23,50,2,false,0,false,1614.0,0.0.3
1371401653787,f1f75ac327f57b27ac7a366fae53b8b7,45,0,true,50,false,1614.0,0.0.3
1371401653787,b0c5a044e1055128dace5d857dfb00c6,80,3,true,10,false,1614.0,0.0.3
1371401653787,4a100d93b90d1d0c0a7c0dc07e4704fd,15,30,true,30,true,1614.0,0.0.3
1371435275485,4a100d93b90d1d0c0a7c0dc07e4704fd,15,30,true,30,true,1640.0,0.0.3
1371435275485,64cf4f8938458effcc91aeddffc4640d,20,18,false,0,false,1640.0,0.0.3
1371435275485,8d653439240b5c6a7e0d632afedc280c,26,9,false,0,false,1640.0,0.0.3
1371435275485,abf1170c1eb9e98065aef6be26e7a95e,30,2,true,50,false,1640.0,0.0.3
1371435275485,f1f75ac327f57b27ac7a366fae53b8b7,45,0,true,50,false,1640.0,0.0.3
1371435275485,4becf050ef7169888f74e11666ba8d23,50,2,false,0,false,1640.0,0.0.3
1371435275485,b0c5a044e1055128dace5d857dfb00c6,80,3,true,10,false,1640.0,0.0.3
1371487444715,4a100d93b90d1d0c0a7c0dc07e4704fd,15,30,true,30,true,1660.0,0.0.3
1371487444715,64cf4f8938458effcc91aeddffc4640d,20,19,false,0,false,1660.0,0.0.3
1371487444715,8d653439240b5c6a7e0d632afedc280c,26,9,false,0,false,1660.0,0.0.3
1371487444715,abf1170c1eb9e98065aef6be26e7a95e,30,2,true,50,false,1660.0,0.0.3
1371487444715,f1f75ac327f57b27ac7a366fae53b8b7,45,0,true,50,false,1660.0,0.0.3
1371487444715,b0c5a044e1055128dace5d857dfb00c6,80,3,true,10,false,1660.0,0.0.3
1371487444715,4becf050ef7169888f74e11666ba8d23,50,2,false,0,false,1660.0,0.0.3
1371496452730,4a100d93b90d1d0c0a7c0dc07e4704fd,15,30,true,30,true,1687.0,0.0.3
1371496452730,8d653439240b5c6a7e0d632afedc280c,26,9,false,0,false,1687.0,0.0.3
1371496452730,64cf4f8938458effcc91aeddffc4640d,20,20,false,0,false,1687.0,0.0.3
1371496452730,abf1170c1eb9e98065aef6be26e7a95e,30,2,true,50,false,1687.0,0.0.3
1371496452730,f1f75ac327f57b27ac7a366fae53b8b7,45,0,true,50,false,1687.0,0.0.3
1371496452730,4becf050ef7169888f74e11666ba8d23,50,2,false,0,false,1687.0,0.0.3
1371496452730,b0c5a044e1055128dace5d857dfb00c6,80,3,true,10,false,1687.0,0.0.3
1371520469567,4a100d93b90d1d0c0a7c0dc07e4704fd,15,30,true,30,true,1714.0,0.0.3
1371520469567,64cf4f8938458effcc91aeddffc4640d,20,21,false,0,false,1714.0,0.0.3
1371520469567,8d653439240b5c6a7e0d632afedc280c,26,9,false,0,false,1714.0,0.0.3
1371520469567,abf1170c1eb9e98065aef6be26e7a95e,30,2,true,50,false,1714.0,0.0.3
1371520469567,f1f75ac327f57b27ac7a366fae53b8b7,45,0,true,50,false,1714.0,0.0.3
1371520469567,b0c5a044e1055128dace5d857dfb00c6,80,3,true,10,false,1714.0,0.0.3
1371520469567,4becf050ef7169888f74e11666ba8d23,50,2,false,0,false,1714.0,0.0.3
1371534262482,4a100d93b90d1d0c0a7c0dc07e4704fd,15,30,true,30,true,1740.0,0.0.3
1371534262482,64cf4f8938458effcc91aeddffc4640d,20,21,false,0,false,1740.0,0.0.3
1371534262482,abf1170c1eb9e98065aef6be26e7a95e,30,2,true,50,false,1740.0,0.0.3
1371534262482,8d653439240b5c6a7e0d632afedc280c,26,10,false,0,false,1740.0,0.0.3
1371534262482,f1f75ac327f57b27ac7a366fae53b8b7,45,0,true,50,false,1740.0,0.0.3
1371534262482,4becf050ef7169888f74e11666ba8d23,50,2,false,0,false,1740.0,0.0.3
1371534262482,b0c5a044e1055128dace5d857dfb00c6,80,3,true,10,false,1740.0,0.0.3
1371570860400,4a100d93b90d1d0c0a7c0dc07e4704fd,15,30,true,30,true,1766.0,0.0.3
1371570860400,64cf4f8938458effcc91aeddffc4640d,20,21,false,0,false,1766.0,0.0.3
1371570860400,8d653439240b5c6a7e0d632afedc280c,26,11,false,0,false,1766.0,0.0.3
1371570860400,abf1170c1eb9e98065aef6be26e7a95e,30,2,true,50,false,1766.0,0.0.3
1371570860400,f1f75ac327f57b27ac7a366fae53b8b7,45,0,true,50,false,1766.0,0.0.3
1371570860400,4becf050ef7169888f74e11666ba8d23,50,2,false,0,false,1766.0,0.0.3
1371570860400,b0c5a044e1055128dace5d857dfb00c6,80,3,true,10,false,1766.0,0.0.3
1371578678759,64cf4f8938458effcc91aeddffc4640d,20,22,false,0,false,1786.0,0.0.3
1371578678759,abf1170c1eb9e98065aef6be26e7a95e,30,2,true,50,false,1786.0,0.0.3
1371578678759,f1f75ac327f57b27ac7a366fae53b8b7,45,0,true,50,false,1786.0,0.0.3
1371578678759,8d653439240b5c6a7e0d632afedc280c,26,11,false,0,false,1786.0,0.0.3
1371578678759,4a100d93b90d1d0c0a7c0dc07e4704fd,15,30,true,30,true,1786.0,0.0.3
1371578678759,4becf050ef7169888f74e11666ba8d23,50,2,false,0,false,1786.0,0.0.3
1371578678759,b0c5a044e1055128dace5d857dfb00c6,80,3,true,10,false,1786.0,0.0.3
1371579287639,8d653439240b5c6a7e0d632afedc280c,26,11,false,0,false,1806.0,0.0.3
1371579287639,f1f75ac327f57b27ac7a366fae53b8b7,45,0,true,50,false,1806.0,0.0.3
1371579287639,abf1170c1eb9e98065aef6be26e7a95e,30,2,true,50,false,1806.0,0.0.3
1371579287639,4becf050ef7169888f74e11666ba8d23,50,2,false,0,false,1806.0,0.0.3
1371579287639,b0c5a044e1055128dace5d857dfb00c6,80,3,true,10,false,1806.0,0.0.3
1371579287639,64cf4f8938458effcc91aeddffc4640d,20,23,false,0,false,1806.0,0.0.3
1371579287639,4a100d93b90d1d0c0a7c0dc07e4704fd,15,30,true,30,true,1806.0,0.0.3
1371584191929,64cf4f8938458effcc91aeddffc4640d,20,24,false,0,false,1826.0,0.0.3
1371584191929,8d653439240b5c6a7e0d632afedc280c,26,11,false,0,false,1826.0,0.0.3
1371584191929,4a100d93b90d1d0c0a7c0dc07e4704fd,15,30,true,30,true,1826.0,0.0.3
1371584191929,abf1170c1eb9e98065aef6be26e7a95e,30,2,true,50,false,1826.0,0.0.3
1371584191929,f1f75ac327f57b27ac7a366fae53b8b7,45,0,true,50,false,1826.0,0.0.3
1371584191929,4becf050ef7169888f74e11666ba8d23,50,2,false,0,false,1826.0,0.0.3
1371584191929,b0c5a044e1055128dace5d857dfb00c6,80,3,true,10,false,1826.0,0.0.3
1371653101507,4a100d93b90d1d0c0a7c0dc07e4704fd,15,30,true,30,true,1852.0,0.0.3
1371653101507,64cf4f8938458effcc91aeddffc4640d,20,24,false,0,false,1852.0,0.0.3
1371653101507,abf1170c1eb9e98065aef6be26e7a95e,30,2,true,50,false,1852.0,0.0.3
1371653101507,8d653439240b5c6a7e0d632afedc280c,26,12,false,0,false,1852.0,0.0.3
1371653101507,f1f75ac327f57b27ac7a366fae53b8b7,45,0,true,50,false,1852.0,0.0.3
1371653101507,4becf050ef7169888f74e11666ba8d23,50,2,false,0,false,1852.0,0.0.3
1371653101507,b0c5a044e1055128dace5d857dfb00c6,80,3,true,10,false,1852.0,0.0.3
1371699376095,f1f75ac327f57b27ac7a366fae53b8b7,45,0,true,50,false,1902.0,0.0.3
1371699376095,8d653439240b5c6a7e0d632afedc280c,26,12,false,0,false,1902.0,0.0.3
1371699376095,abf1170c1eb9e98065aef6be26e7a95e,30,2,true,50,false,1902.0,0.0.3
1371699376095,4becf050ef7169888f74e11666ba8d23,50,3,false,0,false,1902.0,0.0.3
1371699376095,64cf4f8938458effcc91aeddffc4640d,20,24,false,0,false,1902.0,0.0.3
1371699376095,4a100d93b90d1d0c0a7c0dc07e4704fd,15,30,true,30,true,1902.0,0.0.3
1371699376095,b0c5a044e1055128dace5d857dfb00c6,80,3,true,10,false,1902.0,0.0.3
1371704816834,4a100d93b90d1d0c0a7c0dc07e4704fd,15,30,true,30,true,1928.0,0.0.3
1371704816834,abf1170c1eb9e98065aef6be26e7a95e,30,2,true,50,false,1928.0,0.0.3
1371704816834,8d653439240b5c6a7e0d632afedc280c,26,13,false,0,false,1928.0,0.0.3
1371704816834,f1f75ac327f57b27ac7a366fae53b8b7,45,0,true,50,false,1928.0,0.0.3
1371704816834,64cf4f8938458effcc91aeddffc4640d,20,24,false,0,false,1928.0,0.0.3
1371704816834,4becf050ef7169888f74e11666ba8d23,50,3,false,0,false,1928.0,0.0.3
1371704816834,b0c5a044e1055128dace5d857dfb00c6,80,3,true,10,false,1928.0,0.0.3
1371720388258,4a100d93b90d1d0c0a7c0dc07e4704fd,15,30,true,30,true,1955.0,0.0.3
1371720388258,64cf4f8938458effcc91aeddffc4640d,20,25,false,0,false,1955.0,0.0.3
1371720388258,8d653439240b5c6a7e0d632afedc280c,26,13,false,0,false,1955.0,0.0.3
1371720388258,abf1170c1eb9e98065aef6be26e7a95e,30,2,true,50,false,1955.0,0.0.3
1371720388258,f1f75ac327f57b27ac7a366fae53b8b7,45,0,true,50,false,1955.0,0.0.3
1371720388258,4becf050ef7169888f74e11666ba8d23,50,3,false,0,false,1955.0,0.0.3
1371720388258,b0c5a044e1055128dace5d857dfb00c6,80,3,true,10,false,1955.0,0.0.3
1371738958893,8d653439240b5c6a7e0d632afedc280c,26,13,false,0,false,1933.0,0.0.3
1371738958893,f1f75ac327f57b27ac7a366fae53b8b7,45,0,true,50,false,1933.0,0.0.3
1371738958893,4becf050ef7169888f74e11666ba8d23,50,3,false,0,false,1933.0,0.0.3
1371738958893,abf1170c1eb9e98065aef6be26e7a95e,30,2,true,50,false,1933.0,0.0.3
1371738958893,b0c5a044e1055128dace5d857dfb00c6,80,3,true,10,false,1933.0,0.0.3
1371738958893,4a100d93b90d1d0c0a7c0dc07e4704fd,15,29,true,30,false,1933.0,0.0.3
1371738958893,64cf4f8938458effcc91aeddffc4640d,20,25,false,0,false,1933.0,0.0.3
