1370362941985,2d308c6f59934edd19ec6b26e91aec27,25,1,false,0,false,2994.0,0.0.3
1370362941985,105addc65dd1a75887f107e80b1b5955,1,0,false,0,false,2994.0,0.0.3
1370362941985,079c93b2a178ccb28040a7832fcc2264,25,6,true,50,false,2994.0,0.0.3
1370362941985,e8a5414f514000f1d940aa2b57af4a66,35,0,false,0,false,2994.0,0.0.3
1370362941985,1df5a1e914369ab1ce018343d6ca9b23,50,1,false,0,false,2994.0,0.0.3
1370362941985,4e636704d7c4998974c136956534bbf6,79,0,false,0,false,2994.0,0.0.3
1370362941985,f29885b7f53a8b19078dadc54c267758,99,2,true,10,false,2994.0,0.0.3
1370362941985,e879e35c182683ed7dc5c35326eea66c,149,2,false,0,false,2994.0,0.0.3
1370362941985,0e5ec4ff88278e5150b6758f03e7385d,299,4,true,5,false,2994.0,0.0.3
1370362941985,8a8078f79e1cb4125694338fa0ca62b2,499,2,false,0,false,2994.0,0.0.3
1370362941985,0a9b49f5723d64eee9561719b971b827,999,0,true,1,false,2994.0,0.0.3
1370362941985,448f4aee382cb9bf04e7fd7753ff7e3d,10000,0,true,1,false,2994.0,0.0.3
1370363542143,105addc65dd1a75887f107e80b1b5955,1,0,false,0,false,3079.0,0.0.3
1370363542143,2d308c6f59934edd19ec6b26e91aec27,25,1,false,0,false,3079.0,0.0.3
1370363542143,079c93b2a178ccb28040a7832fcc2264,25,8,true,50,false,3079.0,0.0.3
1370363542143,e8a5414f514000f1d940aa2b57af4a66,35,1,false,0,false,3079.0,0.0.3
1370363542143,1df5a1e914369ab1ce018343d6ca9b23,50,1,false,0,false,3079.0,0.0.3
1370363542143,4e636704d7c4998974c136956534bbf6,79,0,false,0,false,3079.0,0.0.3
1370363542143,f29885b7f53a8b19078dadc54c267758,99,2,true,10,false,3079.0,0.0.3
1370363542143,e879e35c182683ed7dc5c35326eea66c,149,2,false,0,false,3079.0,0.0.3
1370363542143,0e5ec4ff88278e5150b6758f03e7385d,299,4,true,5,false,3079.0,0.0.3
1370363542143,8a8078f79e1cb4125694338fa0ca62b2,499,2,false,0,false,3079.0,0.0.3
1370363542143,0a9b49f5723d64eee9561719b971b827,999,0,true,1,false,3079.0,0.0.3
1370363542143,448f4aee382cb9bf04e7fd7753ff7e3d,10000,0,true,1,false,3079.0,0.0.3
1370364142134,079c93b2a178ccb28040a7832fcc2264,25,9,true,50,false,3104.0,0.0.3
1370364142134,1df5a1e914369ab1ce018343d6ca9b23,50,1,false,0,false,3104.0,0.0.3
1370364142134,e8a5414f514000f1d940aa2b57af4a66,35,1,false,0,false,3104.0,0.0.3
1370364142134,2d308c6f59934edd19ec6b26e91aec27,25,1,false,0,false,3104.0,0.0.3
1370364142134,105addc65dd1a75887f107e80b1b5955,1,0,false,0,false,3104.0,0.0.3
1370364142134,4e636704d7c4998974c136956534bbf6,79,0,false,0,false,3104.0,0.0.3
1370364142134,f29885b7f53a8b19078dadc54c267758,99,2,true,10,false,3104.0,0.0.3
1370364142134,e879e35c182683ed7dc5c35326eea66c,149,2,false,0,false,3104.0,0.0.3
1370364142134,0e5ec4ff88278e5150b6758f03e7385d,299,4,true,5,false,3104.0,0.0.3
1370364142134,8a8078f79e1cb4125694338fa0ca62b2,499,2,false,0,false,3104.0,0.0.3
1370364142134,0a9b49f5723d64eee9561719b971b827,999,0,true,1,false,3104.0,0.0.3
1370364142134,448f4aee382cb9bf04e7fd7753ff7e3d,10000,0,true,1,false,3104.0,0.0.3
1370365342237,105addc65dd1a75887f107e80b1b5955,1,0,false,0,false,3179.0,0.0.3
1370365342237,2d308c6f59934edd19ec6b26e91aec27,25,1,false,0,false,3179.0,0.0.3
1370365342237,079c93b2a178ccb28040a7832fcc2264,25,12,true,50,false,3179.0,0.0.3
1370365342237,e8a5414f514000f1d940aa2b57af4a66,35,1,false,0,false,3179.0,0.0.3
1370365342237,1df5a1e914369ab1ce018343d6ca9b23,50,1,false,0,false,3179.0,0.0.3
1370365342237,4e636704d7c4998974c136956534bbf6,79,0,false,0,false,3179.0,0.0.3
1370365342237,f29885b7f53a8b19078dadc54c267758,99,2,true,10,false,3179.0,0.0.3
1370365342237,0e5ec4ff88278e5150b6758f03e7385d,299,4,true,5,false,3179.0,0.0.3
1370365342237,e879e35c182683ed7dc5c35326eea66c,149,2,false,0,false,3179.0,0.0.3
1370365342237,8a8078f79e1cb4125694338fa0ca62b2,499,2,false,0,false,3179.0,0.0.3
1370365342237,0a9b49f5723d64eee9561719b971b827,999,0,true,1,false,3179.0,0.0.3
1370365342237,448f4aee382cb9bf04e7fd7753ff7e3d,10000,0,true,1,false,3179.0,0.0.3
1370365942371,105addc65dd1a75887f107e80b1b5955,1,0,false,0,false,3254.0,0.0.3
1370365942371,2d308c6f59934edd19ec6b26e91aec27,25,1,false,0,false,3254.0,0.0.3
1370365942371,079c93b2a178ccb28040a7832fcc2264,25,13,true,50,false,3254.0,0.0.3
1370365942371,e8a5414f514000f1d940aa2b57af4a66,35,1,false,0,false,3254.0,0.0.3
1370365942371,1df5a1e914369ab1ce018343d6ca9b23,50,2,false,0,false,3254.0,0.0.3
1370365942371,4e636704d7c4998974c136956534bbf6,79,0,false,0,false,3254.0,0.0.3
1370365942371,f29885b7f53a8b19078dadc54c267758,99,2,true,10,false,3254.0,0.0.3
1370365942371,e879e35c182683ed7dc5c35326eea66c,149,2,false,0,false,3254.0,0.0.3
1370365942371,0e5ec4ff88278e5150b6758f03e7385d,299,4,true,5,false,3254.0,0.0.3
1370365942371,8a8078f79e1cb4125694338fa0ca62b2,499,2,false,0,false,3254.0,0.0.3
1370365942371,0a9b49f5723d64eee9561719b971b827,999,0,true,1,false,3254.0,0.0.3
1370365942371,448f4aee382cb9bf04e7fd7753ff7e3d,10000,0,true,1,false,3254.0,0.0.3
1370366544795,079c93b2a178ccb28040a7832fcc2264,25,14,true,50,false,3339.0,0.0.3
1370366544795,e8a5414f514000f1d940aa2b57af4a66,35,2,false,0,false,3339.0,0.0.3
1370366544795,2d308c6f59934edd19ec6b26e91aec27,25,2,false,0,false,3339.0,0.0.3
1370366544795,1df5a1e914369ab1ce018343d6ca9b23,50,2,false,0,false,3339.0,0.0.3
1370366544795,f29885b7f53a8b19078dadc54c267758,99,2,true,10,false,3339.0,0.0.3
1370366544795,4e636704d7c4998974c136956534bbf6,79,0,false,0,false,3339.0,0.0.3
1370366544795,105addc65dd1a75887f107e80b1b5955,1,0,false,0,false,3339.0,0.0.3
1370366544795,e879e35c182683ed7dc5c35326eea66c,149,2,false,0,false,3339.0,0.0.3
1370366544795,0e5ec4ff88278e5150b6758f03e7385d,299,4,true,5,false,3339.0,0.0.3
1370366544795,8a8078f79e1cb4125694338fa0ca62b2,499,2,false,0,false,3339.0,0.0.3
1370366544795,0a9b49f5723d64eee9561719b971b827,999,0,true,1,false,3339.0,0.0.3
1370366544795,448f4aee382cb9bf04e7fd7753ff7e3d,10000,0,true,1,false,3339.0,0.0.3
1370367144949,105addc65dd1a75887f107e80b1b5955,1,0,false,0,false,3389.0,0.0.3
1370367144949,2d308c6f59934edd19ec6b26e91aec27,25,2,false,0,false,3389.0,0.0.3
1370367144949,079c93b2a178ccb28040a7832fcc2264,25,16,true,50,false,3389.0,0.0.3
1370367144949,e8a5414f514000f1d940aa2b57af4a66,35,2,false,0,false,3389.0,0.0.3
1370367144949,1df5a1e914369ab1ce018343d6ca9b23,50,2,false,0,false,3389.0,0.0.3
1370367144949,4e636704d7c4998974c136956534bbf6,79,0,false,0,false,3389.0,0.0.3
1370367144949,e879e35c182683ed7dc5c35326eea66c,149,2,false,0,false,3389.0,0.0.3
1370367144949,f29885b7f53a8b19078dadc54c267758,99,2,true,10,false,3389.0,0.0.3
1370367144949,0e5ec4ff88278e5150b6758f03e7385d,299,4,true,5,false,3389.0,0.0.3
1370367144949,8a8078f79e1cb4125694338fa0ca62b2,499,2,false,0,false,3389.0,0.0.3
1370367144949,448f4aee382cb9bf04e7fd7753ff7e3d,10000,0,true,1,false,3389.0,0.0.3
1370367144949,0a9b49f5723d64eee9561719b971b827,999,0,true,1,false,3389.0,0.0.3
1370368345483,105addc65dd1a75887f107e80b1b5955,1,0,false,0,false,3474.0,0.0.3
1370368345483,2d308c6f59934edd19ec6b26e91aec27,25,2,false,0,false,3474.0,0.0.3
1370368345483,079c93b2a178ccb28040a7832fcc2264,25,18,true,50,false,3474.0,0.0.3
1370368345483,e8a5414f514000f1d940aa2b57af4a66,35,3,false,0,false,3474.0,0.0.3
1370368345483,1df5a1e914369ab1ce018343d6ca9b23,50,2,false,0,false,3474.0,0.0.3
1370368345483,4e636704d7c4998974c136956534bbf6,79,0,false,0,false,3474.0,0.0.3
1370368345483,f29885b7f53a8b19078dadc54c267758,99,2,true,10,false,3474.0,0.0.3
1370368345483,e879e35c182683ed7dc5c35326eea66c,149,2,false,0,false,3474.0,0.0.3
1370368345483,0e5ec4ff88278e5150b6758f03e7385d,299,4,true,5,false,3474.0,0.0.3
1370368345483,8a8078f79e1cb4125694338fa0ca62b2,499,2,false,0,false,3474.0,0.0.3
1370368345483,0a9b49f5723d64eee9561719b971b827,999,0,true,1,false,3474.0,0.0.3
1370368345483,448f4aee382cb9bf04e7fd7753ff7e3d,10000,0,true,1,false,3474.0,0.0.3
1370368944852,105addc65dd1a75887f107e80b1b5955,1,0,false,0,false,3524.0,0.0.3
1370368944852,2d308c6f59934edd19ec6b26e91aec27,25,2,false,0,false,3524.0,0.0.3
1370368944852,079c93b2a178ccb28040a7832fcc2264,25,20,true,50,false,3524.0,0.0.3
1370368944852,e8a5414f514000f1d940aa2b57af4a66,35,3,false,0,false,3524.0,0.0.3
1370368944852,1df5a1e914369ab1ce018343d6ca9b23,50,2,false,0,false,3524.0,0.0.3
1370368944852,4e636704d7c4998974c136956534bbf6,79,0,false,0,false,3524.0,0.0.3
1370368944852,f29885b7f53a8b19078dadc54c267758,99,2,true,10,false,3524.0,0.0.3
1370368944852,e879e35c182683ed7dc5c35326eea66c,149,2,false,0,false,3524.0,0.0.3
1370368944852,0e5ec4ff88278e5150b6758f03e7385d,299,4,true,5,false,3524.0,0.0.3
1370368944852,8a8078f79e1cb4125694338fa0ca62b2,499,2,false,0,false,3524.0,0.0.3
1370368944852,0a9b49f5723d64eee9561719b971b827,999,0,true,1,false,3524.0,0.0.3
1370368944852,448f4aee382cb9bf04e7fd7753ff7e3d,10000,0,true,1,false,3524.0,0.0.3
1370369545286,105addc65dd1a75887f107e80b1b5955,1,0,false,0,false,3604.0,0.0.3
1370369545286,2d308c6f59934edd19ec6b26e91aec27,25,2,false,0,false,3604.0,0.0.3
1370369545286,079c93b2a178ccb28040a7832fcc2264,25,20,true,50,false,3604.0,0.0.3
1370369545286,e8a5414f514000f1d940aa2b57af4a66,35,3,false,0,false,3604.0,0.0.3
1370369545286,1df5a1e914369ab1ce018343d6ca9b23,50,2,false,0,false,3604.0,0.0.3
1370369545286,4e636704d7c4998974c136956534bbf6,79,1,false,0,false,3604.0,0.0.3
1370369545286,e879e35c182683ed7dc5c35326eea66c,149,2,false,0,false,3604.0,0.0.3
1370369545286,f29885b7f53a8b19078dadc54c267758,99,2,true,10,false,3604.0,0.0.3
1370369545286,8a8078f79e1cb4125694338fa0ca62b2,499,2,false,0,false,3604.0,0.0.3
1370369545286,0e5ec4ff88278e5150b6758f03e7385d,299,4,true,5,false,3604.0,0.0.3
1370369545286,0a9b49f5723d64eee9561719b971b827,999,0,true,1,false,3604.0,0.0.3
1370369545286,448f4aee382cb9bf04e7fd7753ff7e3d,10000,0,true,1,false,3604.0,0.0.3
1370371948109,105addc65dd1a75887f107e80b1b5955,1,0,false,0,false,3644.0,0.0.3
1370371948109,2d308c6f59934edd19ec6b26e91aec27,25,3,false,0,false,3644.0,0.0.3
1370371948109,079c93b2a178ccb28040a7832fcc2264,25,22,true,50,false,3644.0,0.0.3
1370371948109,e8a5414f514000f1d940aa2b57af4a66,35,2,false,0,false,3644.0,0.0.3
1370371948109,1df5a1e914369ab1ce018343d6ca9b23,50,2,false,0,false,3644.0,0.0.3
1370371948109,4e636704d7c4998974c136956534bbf6,79,1,false,0,false,3644.0,0.0.3
1370371948109,f29885b7f53a8b19078dadc54c267758,99,2,true,10,false,3644.0,0.0.3
1370371948109,e879e35c182683ed7dc5c35326eea66c,149,2,false,0,false,3644.0,0.0.3
1370371948109,0e5ec4ff88278e5150b6758f03e7385d,299,4,true,5,false,3644.0,0.0.3
1370371948109,8a8078f79e1cb4125694338fa0ca62b2,499,2,false,0,false,3644.0,0.0.3
1370371948109,0a9b49f5723d64eee9561719b971b827,999,0,true,1,false,3644.0,0.0.3
1370371948109,448f4aee382cb9bf04e7fd7753ff7e3d,10000,0,true,1,false,3644.0,0.0.3
1370372548948,105addc65dd1a75887f107e80b1b5955,1,0,false,0,false,3694.0,0.0.3
1370372548948,079c93b2a178ccb28040a7832fcc2264,25,24,true,50,false,3694.0,0.0.3
1370372548948,e8a5414f514000f1d940aa2b57af4a66,35,2,false,0,false,3694.0,0.0.3
1370372548948,2d308c6f59934edd19ec6b26e91aec27,25,3,false,0,false,3694.0,0.0.3
1370372548948,1df5a1e914369ab1ce018343d6ca9b23,50,2,false,0,false,3694.0,0.0.3
1370372548948,4e636704d7c4998974c136956534bbf6,79,1,false,0,false,3694.0,0.0.3
1370372548948,f29885b7f53a8b19078dadc54c267758,99,2,true,10,false,3694.0,0.0.3
1370372548948,e879e35c182683ed7dc5c35326eea66c,149,2,false,0,false,3694.0,0.0.3
1370372548948,0e5ec4ff88278e5150b6758f03e7385d,299,4,true,5,false,3694.0,0.0.3
1370372548948,0a9b49f5723d64eee9561719b971b827,999,0,true,1,false,3694.0,0.0.3
1370372548948,448f4aee382cb9bf04e7fd7753ff7e3d,10000,0,true,1,false,3694.0,0.0.3
1370372548948,8a8078f79e1cb4125694338fa0ca62b2,499,2,false,0,false,3694.0,0.0.3
1370374351596,2d308c6f59934edd19ec6b26e91aec27,25,3,false,0,false,3729.0,0.0.3
1370374351596,105addc65dd1a75887f107e80b1b5955,1,0,false,0,false,3729.0,0.0.3
1370374351596,079c93b2a178ccb28040a7832fcc2264,25,24,true,50,false,3729.0,0.0.3
1370374351596,e8a5414f514000f1d940aa2b57af4a66,35,3,false,0,false,3729.0,0.0.3
1370374351596,1df5a1e914369ab1ce018343d6ca9b23,50,2,false,0,false,3729.0,0.0.3
1370374351596,4e636704d7c4998974c136956534bbf6,79,1,false,0,false,3729.0,0.0.3
1370374351596,f29885b7f53a8b19078dadc54c267758,99,2,true,10,false,3729.0,0.0.3
1370374351596,0e5ec4ff88278e5150b6758f03e7385d,299,4,true,5,false,3729.0,0.0.3
1370374351596,8a8078f79e1cb4125694338fa0ca62b2,499,2,false,0,false,3729.0,0.0.3
1370374351596,e879e35c182683ed7dc5c35326eea66c,149,2,false,0,false,3729.0,0.0.3
1370374351596,0a9b49f5723d64eee9561719b971b827,999,0,true,1,false,3729.0,0.0.3
1370374351596,448f4aee382cb9bf04e7fd7753ff7e3d,10000,0,true,1,false,3729.0,0.0.3
1370375555796,105addc65dd1a75887f107e80b1b5955,1,0,false,0,false,3779.0,0.0.3
1370375555796,2d308c6f59934edd19ec6b26e91aec27,25,3,false,0,false,3779.0,0.0.3
1370375555796,079c93b2a178ccb28040a7832fcc2264,25,26,true,50,false,3779.0,0.0.3
1370375555796,e8a5414f514000f1d940aa2b57af4a66,35,3,false,0,false,3779.0,0.0.3
1370375555796,1df5a1e914369ab1ce018343d6ca9b23,50,2,false,0,false,3779.0,0.0.3
1370375555796,4e636704d7c4998974c136956534bbf6,79,1,false,0,false,3779.0,0.0.3
1370375555796,f29885b7f53a8b19078dadc54c267758,99,2,true,10,false,3779.0,0.0.3
1370375555796,e879e35c182683ed7dc5c35326eea66c,149,2,false,0,false,3779.0,0.0.3
1370375555796,0e5ec4ff88278e5150b6758f03e7385d,299,4,true,5,false,3779.0,0.0.3
1370375555796,8a8078f79e1cb4125694338fa0ca62b2,499,2,false,0,false,3779.0,0.0.3
1370375555796,0a9b49f5723d64eee9561719b971b827,999,0,true,1,false,3779.0,0.0.3
1370375555796,448f4aee382cb9bf04e7fd7753ff7e3d,10000,0,true,1,false,3779.0,0.0.3
1370376152979,105addc65dd1a75887f107e80b1b5955,1,0,false,0,false,3839.0,0.0.3
1370376152979,2d308c6f59934edd19ec6b26e91aec27,25,3,false,0,false,3839.0,0.0.3
1370376152979,079c93b2a178ccb28040a7832fcc2264,25,27,true,50,false,3839.0,0.0.3
1370376152979,e8a5414f514000f1d940aa2b57af4a66,35,4,false,0,false,3839.0,0.0.3
1370376152979,1df5a1e914369ab1ce018343d6ca9b23,50,2,false,0,false,3839.0,0.0.3
1370376152979,4e636704d7c4998974c136956534bbf6,79,1,false,0,false,3839.0,0.0.3
1370376152979,f29885b7f53a8b19078dadc54c267758,99,2,true,10,false,3839.0,0.0.3
1370376152979,e879e35c182683ed7dc5c35326eea66c,149,2,false,0,false,3839.0,0.0.3
1370376152979,0e5ec4ff88278e5150b6758f03e7385d,299,4,true,5,false,3839.0,0.0.3
1370376152979,8a8078f79e1cb4125694338fa0ca62b2,499,2,false,0,false,3839.0,0.0.3
1370376152979,0a9b49f5723d64eee9561719b971b827,999,0,true,1,false,3839.0,0.0.3
1370376152979,448f4aee382cb9bf04e7fd7753ff7e3d,10000,0,true,1,false,3839.0,0.0.3
1370376751959,105addc65dd1a75887f107e80b1b5955,1,0,false,0,false,3864.0,0.0.3
1370376751959,2d308c6f59934edd19ec6b26e91aec27,25,3,false,0,false,3864.0,0.0.3
1370376751959,e8a5414f514000f1d940aa2b57af4a66,35,4,false,0,false,3864.0,0.0.3
1370376751959,079c93b2a178ccb28040a7832fcc2264,25,28,true,50,false,3864.0,0.0.3
1370376751959,1df5a1e914369ab1ce018343d6ca9b23,50,2,false,0,false,3864.0,0.0.3
1370376751959,4e636704d7c4998974c136956534bbf6,79,1,false,0,false,3864.0,0.0.3
1370376751959,f29885b7f53a8b19078dadc54c267758,99,2,true,10,false,3864.0,0.0.3
1370376751959,8a8078f79e1cb4125694338fa0ca62b2,499,2,false,0,false,3864.0,0.0.3
1370376751959,e879e35c182683ed7dc5c35326eea66c,149,2,false,0,false,3864.0,0.0.3
1370376751959,0e5ec4ff88278e5150b6758f03e7385d,299,4,true,5,false,3864.0,0.0.3
1370376751959,0a9b49f5723d64eee9561719b971b827,999,0,true,1,false,3864.0,0.0.3
1370376751959,448f4aee382cb9bf04e7fd7753ff7e3d,10000,0,true,1,false,3864.0,0.0.3
1370377355998,105addc65dd1a75887f107e80b1b5955,1,1,false,0,false,3891.0,0.0.3
1370377355998,2d308c6f59934edd19ec6b26e91aec27,25,3,false,0,false,3891.0,0.0.3
1370377355998,079c93b2a178ccb28040a7832fcc2264,25,29,true,50,false,3891.0,0.0.3
1370377355998,e8a5414f514000f1d940aa2b57af4a66,35,4,false,0,false,3891.0,0.0.3
1370377355998,1df5a1e914369ab1ce018343d6ca9b23,50,2,false,0,false,3891.0,0.0.3
1370377355998,4e636704d7c4998974c136956534bbf6,79,1,false,0,false,3891.0,0.0.3
1370377355998,f29885b7f53a8b19078dadc54c267758,99,2,true,10,false,3891.0,0.0.3
1370377355998,e879e35c182683ed7dc5c35326eea66c,149,2,false,0,false,3891.0,0.0.3
1370377355998,0a9b49f5723d64eee9561719b971b827,999,0,true,1,false,3891.0,0.0.3
1370377355998,0e5ec4ff88278e5150b6758f03e7385d,299,4,true,5,false,3891.0,0.0.3
1370377355998,8a8078f79e1cb4125694338fa0ca62b2,499,2,false,0,false,3891.0,0.0.3
1370377355998,448f4aee382cb9bf04e7fd7753ff7e3d,10000,0,true,1,false,3891.0,0.0.3
1370377954596,2d308c6f59934edd19ec6b26e91aec27,25,3,false,0,false,3991.0,0.0.3
1370377954596,079c93b2a178ccb28040a7832fcc2264,25,33,true,50,false,3991.0,0.0.3
1370377954596,e8a5414f514000f1d940aa2b57af4a66,35,4,false,0,false,3991.0,0.0.3
1370377954596,105addc65dd1a75887f107e80b1b5955,1,1,false,0,false,3991.0,0.0.3
1370377954596,1df5a1e914369ab1ce018343d6ca9b23,50,2,false,0,false,3991.0,0.0.3
1370377954596,4e636704d7c4998974c136956534bbf6,79,1,false,0,false,3991.0,0.0.3
1370377954596,f29885b7f53a8b19078dadc54c267758,99,2,true,10,false,3991.0,0.0.3
1370377954596,e879e35c182683ed7dc5c35326eea66c,149,2,false,0,false,3991.0,0.0.3
1370377954596,0e5ec4ff88278e5150b6758f03e7385d,299,4,true,5,false,3991.0,0.0.3
1370377954596,8a8078f79e1cb4125694338fa0ca62b2,499,2,false,0,false,3991.0,0.0.3
1370377954596,0a9b49f5723d64eee9561719b971b827,999,0,true,1,false,3991.0,0.0.3
1370377954596,448f4aee382cb9bf04e7fd7753ff7e3d,10000,0,true,1,false,3991.0,0.0.3
1370378553614,e8a5414f514000f1d940aa2b57af4a66,35,4,false,0,false,4041.0,0.0.3
1370378553614,2d308c6f59934edd19ec6b26e91aec27,25,3,false,0,false,4041.0,0.0.3
1370378553614,079c93b2a178ccb28040a7832fcc2264,25,35,true,50,false,4041.0,0.0.3
1370378553614,1df5a1e914369ab1ce018343d6ca9b23,50,2,false,0,false,4041.0,0.0.3
1370378553614,4e636704d7c4998974c136956534bbf6,79,1,false,0,false,4041.0,0.0.3
1370378553614,f29885b7f53a8b19078dadc54c267758,99,2,true,10,false,4041.0,0.0.3
1370378553614,e879e35c182683ed7dc5c35326eea66c,149,2,false,0,false,4041.0,0.0.3
1370378553614,0e5ec4ff88278e5150b6758f03e7385d,299,4,true,5,false,4041.0,0.0.3
1370378553614,8a8078f79e1cb4125694338fa0ca62b2,499,2,false,0,false,4041.0,0.0.3
1370378553614,0a9b49f5723d64eee9561719b971b827,999,0,true,1,false,4041.0,0.0.3
1370378553614,105addc65dd1a75887f107e80b1b5955,1,1,false,0,false,4041.0,0.0.3
1370378553614,448f4aee382cb9bf04e7fd7753ff7e3d,10000,0,true,1,false,4041.0,0.0.3
1370379153369,079c93b2a178ccb28040a7832fcc2264,25,40,true,50,false,4166.0,0.0.3
1370379153369,1df5a1e914369ab1ce018343d6ca9b23,50,2,false,0,false,4166.0,0.0.3
1370379153369,e8a5414f514000f1d940aa2b57af4a66,35,4,false,0,false,4166.0,0.0.3
1370379153369,105addc65dd1a75887f107e80b1b5955,1,1,false,0,false,4166.0,0.0.3
1370379153369,2d308c6f59934edd19ec6b26e91aec27,25,3,false,0,false,4166.0,0.0.3
1370379153369,4e636704d7c4998974c136956534bbf6,79,1,false,0,false,4166.0,0.0.3
1370379153369,f29885b7f53a8b19078dadc54c267758,99,2,true,10,false,4166.0,0.0.3
1370379153369,e879e35c182683ed7dc5c35326eea66c,149,2,false,0,false,4166.0,0.0.3
1370379153369,0e5ec4ff88278e5150b6758f03e7385d,299,4,true,5,false,4166.0,0.0.3
1370379153369,8a8078f79e1cb4125694338fa0ca62b2,499,2,false,0,false,4166.0,0.0.3
1370379153369,0a9b49f5723d64eee9561719b971b827,999,0,true,1,false,4166.0,0.0.3
1370379153369,448f4aee382cb9bf04e7fd7753ff7e3d,10000,0,true,1,false,4166.0,0.0.3
1370379763780,105addc65dd1a75887f107e80b1b5955,1,1,false,0,false,4191.0,0.0.3
1370379763780,2d308c6f59934edd19ec6b26e91aec27,25,3,false,0,false,4191.0,0.0.3
1370379763780,079c93b2a178ccb28040a7832fcc2264,25,41,true,50,false,4191.0,0.0.3
1370379763780,e8a5414f514000f1d940aa2b57af4a66,35,4,false,0,false,4191.0,0.0.3
1370379763780,1df5a1e914369ab1ce018343d6ca9b23,50,2,false,0,false,4191.0,0.0.3
1370379763780,4e636704d7c4998974c136956534bbf6,79,1,false,0,false,4191.0,0.0.3
1370379763780,f29885b7f53a8b19078dadc54c267758,99,2,true,10,false,4191.0,0.0.3
1370379763780,e879e35c182683ed7dc5c35326eea66c,149,2,false,0,false,4191.0,0.0.3
1370379763780,0e5ec4ff88278e5150b6758f03e7385d,299,4,true,5,false,4191.0,0.0.3
1370379763780,8a8078f79e1cb4125694338fa0ca62b2,499,2,false,0,false,4191.0,0.0.3
1370379763780,0a9b49f5723d64eee9561719b971b827,999,0,true,1,false,4191.0,0.0.3
1370379763780,448f4aee382cb9bf04e7fd7753ff7e3d,10000,0,true,1,false,4191.0,0.0.3
1370380352730,105addc65dd1a75887f107e80b1b5955,1,1,false,0,false,4266.0,0.0.3
1370380352730,2d308c6f59934edd19ec6b26e91aec27,25,3,false,0,false,4266.0,0.0.3
1370380352730,079c93b2a178ccb28040a7832fcc2264,25,44,true,50,false,4266.0,0.0.3
1370380352730,e8a5414f514000f1d940aa2b57af4a66,35,4,false,0,false,4266.0,0.0.3
1370380352730,1df5a1e914369ab1ce018343d6ca9b23,50,2,false,0,false,4266.0,0.0.3
1370380352730,f29885b7f53a8b19078dadc54c267758,99,2,true,10,false,4266.0,0.0.3
1370380352730,4e636704d7c4998974c136956534bbf6,79,1,false,0,false,4266.0,0.0.3
1370380352730,e879e35c182683ed7dc5c35326eea66c,149,2,false,0,false,4266.0,0.0.3
1370380352730,0e5ec4ff88278e5150b6758f03e7385d,299,4,true,5,false,4266.0,0.0.3
1370380352730,8a8078f79e1cb4125694338fa0ca62b2,499,2,false,0,false,4266.0,0.0.3
1370380352730,0a9b49f5723d64eee9561719b971b827,999,0,true,1,false,4266.0,0.0.3
1370380352730,448f4aee382cb9bf04e7fd7753ff7e3d,10000,0,true,1,false,4266.0,0.0.3
1370380954929,105addc65dd1a75887f107e80b1b5955,1,1,false,0,false,4291.0,0.0.3
1370380954929,2d308c6f59934edd19ec6b26e91aec27,25,3,false,0,false,4291.0,0.0.3
1370380954929,079c93b2a178ccb28040a7832fcc2264,25,45,true,50,false,4291.0,0.0.3
1370380954929,e8a5414f514000f1d940aa2b57af4a66,35,4,false,0,false,4291.0,0.0.3
1370380954929,1df5a1e914369ab1ce018343d6ca9b23,50,2,false,0,false,4291.0,0.0.3
1370380954929,4e636704d7c4998974c136956534bbf6,79,1,false,0,false,4291.0,0.0.3
1370380954929,f29885b7f53a8b19078dadc54c267758,99,2,true,10,false,4291.0,0.0.3
1370380954929,e879e35c182683ed7dc5c35326eea66c,149,2,false,0,false,4291.0,0.0.3
1370380954929,0e5ec4ff88278e5150b6758f03e7385d,299,4,true,5,false,4291.0,0.0.3
1370380954929,8a8078f79e1cb4125694338fa0ca62b2,499,2,false,0,false,4291.0,0.0.3
1370380954929,0a9b49f5723d64eee9561719b971b827,999,0,true,1,false,4291.0,0.0.3
1370380954929,448f4aee382cb9bf04e7fd7753ff7e3d,10000,0,true,1,false,4291.0,0.0.3
1370382154500,105addc65dd1a75887f107e80b1b5955,1,1,false,0,false,4316.0,0.0.3
1370382154500,2d308c6f59934edd19ec6b26e91aec27,25,3,false,0,false,4316.0,0.0.3
1370382154500,079c93b2a178ccb28040a7832fcc2264,25,46,true,50,false,4316.0,0.0.3
1370382154500,e8a5414f514000f1d940aa2b57af4a66,35,4,false,0,false,4316.0,0.0.3
1370382154500,1df5a1e914369ab1ce018343d6ca9b23,50,2,false,0,false,4316.0,0.0.3
1370382154500,4e636704d7c4998974c136956534bbf6,79,1,false,0,false,4316.0,0.0.3
1370382154500,f29885b7f53a8b19078dadc54c267758,99,2,true,10,false,4316.0,0.0.3
1370382154500,e879e35c182683ed7dc5c35326eea66c,149,2,false,0,false,4316.0,0.0.3
1370382154500,0e5ec4ff88278e5150b6758f03e7385d,299,4,true,5,false,4316.0,0.0.3
1370382154500,8a8078f79e1cb4125694338fa0ca62b2,499,2,false,0,false,4316.0,0.0.3
1370382154500,0a9b49f5723d64eee9561719b971b827,999,0,true,1,false,4316.0,0.0.3
1370382154500,448f4aee382cb9bf04e7fd7753ff7e3d,10000,0,true,1,false,4316.0,0.0.3
1370382755178,105addc65dd1a75887f107e80b1b5955,1,2,false,0,false,4342.0,0.0.3
1370382755178,2d308c6f59934edd19ec6b26e91aec27,25,3,false,0,false,4342.0,0.0.3
1370382755178,079c93b2a178ccb28040a7832fcc2264,25,47,true,50,false,4342.0,0.0.3
1370382755178,e8a5414f514000f1d940aa2b57af4a66,35,4,false,0,false,4342.0,0.0.3
1370382755178,1df5a1e914369ab1ce018343d6ca9b23,50,2,false,0,false,4342.0,0.0.3
1370382755178,4e636704d7c4998974c136956534bbf6,79,1,false,0,false,4342.0,0.0.3
1370382755178,f29885b7f53a8b19078dadc54c267758,99,2,true,10,false,4342.0,0.0.3
1370382755178,e879e35c182683ed7dc5c35326eea66c,149,2,false,0,false,4342.0,0.0.3
1370382755178,8a8078f79e1cb4125694338fa0ca62b2,499,2,false,0,false,4342.0,0.0.3
1370382755178,0e5ec4ff88278e5150b6758f03e7385d,299,4,true,5,false,4342.0,0.0.3
1370382755178,0a9b49f5723d64eee9561719b971b827,999,0,true,1,false,4342.0,0.0.3
1370382755178,448f4aee382cb9bf04e7fd7753ff7e3d,10000,0,true,1,false,4342.0,0.0.3
1370385755387,2d308c6f59934edd19ec6b26e91aec27,25,3,false,0,false,4367.0,0.0.3
1370385755387,079c93b2a178ccb28040a7832fcc2264,25,48,true,50,false,4367.0,0.0.3
1370385755387,e8a5414f514000f1d940aa2b57af4a66,35,4,false,0,false,4367.0,0.0.3
1370385755387,105addc65dd1a75887f107e80b1b5955,1,2,false,0,false,4367.0,0.0.3
1370385755387,1df5a1e914369ab1ce018343d6ca9b23,50,2,false,0,false,4367.0,0.0.3
1370385755387,4e636704d7c4998974c136956534bbf6,79,1,false,0,false,4367.0,0.0.3
1370385755387,f29885b7f53a8b19078dadc54c267758,99,2,true,10,false,4367.0,0.0.3
1370385755387,e879e35c182683ed7dc5c35326eea66c,149,2,false,0,false,4367.0,0.0.3
1370385755387,0e5ec4ff88278e5150b6758f03e7385d,299,4,true,5,false,4367.0,0.0.3
1370385755387,8a8078f79e1cb4125694338fa0ca62b2,499,2,false,0,false,4367.0,0.0.3
1370385755387,0a9b49f5723d64eee9561719b971b827,999,0,true,1,false,4367.0,0.0.3
1370385755387,448f4aee382cb9bf04e7fd7753ff7e3d,10000,0,true,1,false,4367.0,0.0.3
1370386957689,105addc65dd1a75887f107e80b1b5955,1,2,false,0,false,4392.0,0.0.3
1370386957689,2d308c6f59934edd19ec6b26e91aec27,25,3,false,0,false,4392.0,0.0.3
1370386957689,079c93b2a178ccb28040a7832fcc2264,25,49,true,50,false,4392.0,0.0.3
1370386957689,e8a5414f514000f1d940aa2b57af4a66,35,4,false,0,false,4392.0,0.0.3
1370386957689,1df5a1e914369ab1ce018343d6ca9b23,50,2,false,0,false,4392.0,0.0.3
1370386957689,4e636704d7c4998974c136956534bbf6,79,1,false,0,false,4392.0,0.0.3
1370386957689,f29885b7f53a8b19078dadc54c267758,99,2,true,10,false,4392.0,0.0.3
1370386957689,e879e35c182683ed7dc5c35326eea66c,149,2,false,0,false,4392.0,0.0.3
1370386957689,0e5ec4ff88278e5150b6758f03e7385d,299,4,true,5,false,4392.0,0.0.3
1370386957689,8a8078f79e1cb4125694338fa0ca62b2,499,2,false,0,false,4392.0,0.0.3
1370386957689,0a9b49f5723d64eee9561719b971b827,999,0,true,1,false,4392.0,0.0.3
1370386957689,448f4aee382cb9bf04e7fd7753ff7e3d,10000,0,true,1,false,4392.0,0.0.3
1370387557973,105addc65dd1a75887f107e80b1b5955,1,2,false,0,false,4417.0,0.0.3
1370387557973,079c93b2a178ccb28040a7832fcc2264,25,50,true,50,true,4417.0,0.0.3
1370387557973,e8a5414f514000f1d940aa2b57af4a66,35,4,false,0,false,4417.0,0.0.3
1370387557973,1df5a1e914369ab1ce018343d6ca9b23,50,2,false,0,false,4417.0,0.0.3
1370387557973,4e636704d7c4998974c136956534bbf6,79,1,false,0,false,4417.0,0.0.3
1370387557973,2d308c6f59934edd19ec6b26e91aec27,25,3,false,0,false,4417.0,0.0.3
1370387557973,f29885b7f53a8b19078dadc54c267758,99,2,true,10,false,4417.0,0.0.3
1370387557973,e879e35c182683ed7dc5c35326eea66c,149,2,false,0,false,4417.0,0.0.3
1370387557973,0a9b49f5723d64eee9561719b971b827,999,0,true,1,false,4417.0,0.0.3
1370387557973,448f4aee382cb9bf04e7fd7753ff7e3d,10000,0,true,1,false,4417.0,0.0.3
1370387557973,0e5ec4ff88278e5150b6758f03e7385d,299,4,true,5,false,4417.0,0.0.3
1370387557973,8a8078f79e1cb4125694338fa0ca62b2,499,2,false,0,false,4417.0,0.0.3
1370388158149,105addc65dd1a75887f107e80b1b5955,1,2,false,0,false,4442.0,0.0.3
1370388158149,2d308c6f59934edd19ec6b26e91aec27,25,4,false,0,false,4442.0,0.0.3
1370388158149,079c93b2a178ccb28040a7832fcc2264,25,50,true,50,true,4442.0,0.0.3
1370388158149,1df5a1e914369ab1ce018343d6ca9b23,50,2,false,0,false,4442.0,0.0.3
1370388158149,e8a5414f514000f1d940aa2b57af4a66,35,4,false,0,false,4442.0,0.0.3
1370388158149,4e636704d7c4998974c136956534bbf6,79,1,false,0,false,4442.0,0.0.3
1370388158149,f29885b7f53a8b19078dadc54c267758,99,2,true,10,false,4442.0,0.0.3
1370388158149,e879e35c182683ed7dc5c35326eea66c,149,2,false,0,false,4442.0,0.0.3
1370388158149,0e5ec4ff88278e5150b6758f03e7385d,299,4,true,5,false,4442.0,0.0.3
1370388158149,8a8078f79e1cb4125694338fa0ca62b2,499,2,false,0,false,4442.0,0.0.3
1370388158149,0a9b49f5723d64eee9561719b971b827,999,0,true,1,false,4442.0,0.0.3
1370388158149,448f4aee382cb9bf04e7fd7753ff7e3d,10000,0,true,1,false,4442.0,0.0.3
1370388763230,2d308c6f59934edd19ec6b26e91aec27,25,4,false,0,false,4477.0,0.0.3
1370388763230,079c93b2a178ccb28040a7832fcc2264,25,50,true,50,true,4477.0,0.0.3
1370388763230,e8a5414f514000f1d940aa2b57af4a66,35,5,false,0,false,4477.0,0.0.3
1370388763230,4e636704d7c4998974c136956534bbf6,79,1,false,0,false,4477.0,0.0.3
1370388763230,1df5a1e914369ab1ce018343d6ca9b23,50,2,false,0,false,4477.0,0.0.3
1370388763230,105addc65dd1a75887f107e80b1b5955,1,2,false,0,false,4477.0,0.0.3
1370388763230,f29885b7f53a8b19078dadc54c267758,99,2,true,10,false,4477.0,0.0.3
1370388763230,e879e35c182683ed7dc5c35326eea66c,149,2,false,0,false,4477.0,0.0.3
1370388763230,0e5ec4ff88278e5150b6758f03e7385d,299,4,true,5,false,4477.0,0.0.3
1370388763230,8a8078f79e1cb4125694338fa0ca62b2,499,2,false,0,false,4477.0,0.0.3
1370388763230,0a9b49f5723d64eee9561719b971b827,999,0,true,1,false,4477.0,0.0.3
1370388763230,448f4aee382cb9bf04e7fd7753ff7e3d,10000,0,true,1,false,4477.0,0.0.3
1370389359205,105addc65dd1a75887f107e80b1b5955,1,2,false,0,false,4502.0,0.0.3
1370389359205,079c93b2a178ccb28040a7832fcc2264,25,50,true,50,true,4502.0,0.0.3
1370389359205,e8a5414f514000f1d940aa2b57af4a66,35,5,false,0,false,4502.0,0.0.3
1370389359205,2d308c6f59934edd19ec6b26e91aec27,25,5,false,0,false,4502.0,0.0.3
1370389359205,1df5a1e914369ab1ce018343d6ca9b23,50,2,false,0,false,4502.0,0.0.3
1370389359205,4e636704d7c4998974c136956534bbf6,79,1,false,0,false,4502.0,0.0.3
1370389359205,f29885b7f53a8b19078dadc54c267758,99,2,true,10,false,4502.0,0.0.3
1370389359205,e879e35c182683ed7dc5c35326eea66c,149,2,false,0,false,4502.0,0.0.3
1370389359205,0e5ec4ff88278e5150b6758f03e7385d,299,4,true,5,false,4502.0,0.0.3
1370389359205,8a8078f79e1cb4125694338fa0ca62b2,499,2,false,0,false,4502.0,0.0.3
1370389359205,0a9b49f5723d64eee9561719b971b827,999,0,true,1,false,4502.0,0.0.3
1370389359205,448f4aee382cb9bf04e7fd7753ff7e3d,10000,0,true,1,false,4502.0,0.0.3
1370390563543,105addc65dd1a75887f107e80b1b5955,1,2,false,0,false,4537.0,0.0.3
1370390563543,079c93b2a178ccb28040a7832fcc2264,25,50,true,50,true,4537.0,0.0.3
1370390563543,2d308c6f59934edd19ec6b26e91aec27,25,5,false,0,false,4537.0,0.0.3
1370390563543,e8a5414f514000f1d940aa2b57af4a66,35,6,false,0,false,4537.0,0.0.3
1370390563543,1df5a1e914369ab1ce018343d6ca9b23,50,2,false,0,false,4537.0,0.0.3
1370390563543,4e636704d7c4998974c136956534bbf6,79,1,false,0,false,4537.0,0.0.3
1370390563543,f29885b7f53a8b19078dadc54c267758,99,2,true,10,false,4537.0,0.0.3
1370390563543,e879e35c182683ed7dc5c35326eea66c,149,2,false,0,false,4537.0,0.0.3
1370390563543,0e5ec4ff88278e5150b6758f03e7385d,299,4,true,5,false,4537.0,0.0.3
1370390563543,8a8078f79e1cb4125694338fa0ca62b2,499,2,false,0,false,4537.0,0.0.3
1370390563543,0a9b49f5723d64eee9561719b971b827,999,0,true,1,false,4537.0,0.0.3
1370390563543,448f4aee382cb9bf04e7fd7753ff7e3d,10000,0,true,1,false,4537.0,0.0.3
1370392363684,105addc65dd1a75887f107e80b1b5955,1,2,false,0,false,4622.0,0.0.3
1370392363684,2d308c6f59934edd19ec6b26e91aec27,25,5,false,0,false,4622.0,0.0.3
1370392363684,079c93b2a178ccb28040a7832fcc2264,25,50,true,50,true,4622.0,0.0.3
1370392363684,e8a5414f514000f1d940aa2b57af4a66,35,7,false,0,false,4622.0,0.0.3
1370392363684,1df5a1e914369ab1ce018343d6ca9b23,50,3,false,0,false,4622.0,0.0.3
1370392363684,4e636704d7c4998974c136956534bbf6,79,1,false,0,false,4622.0,0.0.3
1370392363684,f29885b7f53a8b19078dadc54c267758,99,2,true,10,false,4622.0,0.0.3
1370392363684,e879e35c182683ed7dc5c35326eea66c,149,2,false,0,false,4622.0,0.0.3
1370392363684,0e5ec4ff88278e5150b6758f03e7385d,299,4,true,5,false,4622.0,0.0.3
1370392363684,8a8078f79e1cb4125694338fa0ca62b2,499,2,false,0,false,4622.0,0.0.3
1370392363684,0a9b49f5723d64eee9561719b971b827,999,0,true,1,false,4622.0,0.0.3
1370392363684,448f4aee382cb9bf04e7fd7753ff7e3d,10000,0,true,1,false,4622.0,0.0.3
1370394165903,2d308c6f59934edd19ec6b26e91aec27,25,5,false,0,false,4657.0,0.0.3
1370394165903,e8a5414f514000f1d940aa2b57af4a66,35,8,false,0,false,4657.0,0.0.3
1370394165903,079c93b2a178ccb28040a7832fcc2264,25,50,true,50,true,4657.0,0.0.3
1370394165903,1df5a1e914369ab1ce018343d6ca9b23,50,3,false,0,false,4657.0,0.0.3
1370394165903,4e636704d7c4998974c136956534bbf6,79,1,false,0,false,4657.0,0.0.3
1370394165903,f29885b7f53a8b19078dadc54c267758,99,2,true,10,false,4657.0,0.0.3
1370394165903,e879e35c182683ed7dc5c35326eea66c,149,2,false,0,false,4657.0,0.0.3
1370394165903,0e5ec4ff88278e5150b6758f03e7385d,299,4,true,5,false,4657.0,0.0.3
1370394165903,8a8078f79e1cb4125694338fa0ca62b2,499,2,false,0,false,4657.0,0.0.3
1370394165903,0a9b49f5723d64eee9561719b971b827,999,0,true,1,false,4657.0,0.0.3
1370394165903,105addc65dd1a75887f107e80b1b5955,1,2,false,0,false,4657.0,0.0.3
1370394165903,448f4aee382cb9bf04e7fd7753ff7e3d,10000,0,true,1,false,4657.0,0.0.3
1370396563653,105addc65dd1a75887f107e80b1b5955,1,2,false,0,false,4692.0,0.0.3
1370396563653,e8a5414f514000f1d940aa2b57af4a66,35,9,false,0,false,4692.0,0.0.3
1370396563653,1df5a1e914369ab1ce018343d6ca9b23,50,3,false,0,false,4692.0,0.0.3
1370396563653,079c93b2a178ccb28040a7832fcc2264,25,50,true,50,true,4692.0,0.0.3
1370396563653,2d308c6f59934edd19ec6b26e91aec27,25,5,false,0,false,4692.0,0.0.3
1370396563653,4e636704d7c4998974c136956534bbf6,79,1,false,0,false,4692.0,0.0.3
1370396563653,f29885b7f53a8b19078dadc54c267758,99,2,true,10,false,4692.0,0.0.3
1370396563653,e879e35c182683ed7dc5c35326eea66c,149,2,false,0,false,4692.0,0.0.3
1370396563653,0a9b49f5723d64eee9561719b971b827,999,0,true,1,false,4692.0,0.0.3
1370396563653,0e5ec4ff88278e5150b6758f03e7385d,299,4,true,5,false,4692.0,0.0.3
1370396563653,8a8078f79e1cb4125694338fa0ca62b2,499,2,false,0,false,4692.0,0.0.3
1370396563653,448f4aee382cb9bf04e7fd7753ff7e3d,10000,0,true,1,false,4692.0,0.0.3
1370402565458,079c93b2a178ccb28040a7832fcc2264,25,50,true,50,true,4742.0,0.0.3
1370402565458,2d308c6f59934edd19ec6b26e91aec27,25,5,false,0,false,4742.0,0.0.3
1370402565458,e8a5414f514000f1d940aa2b57af4a66,35,9,false,0,false,4742.0,0.0.3
1370402565458,1df5a1e914369ab1ce018343d6ca9b23,50,4,false,0,false,4742.0,0.0.3
1370402565458,4e636704d7c4998974c136956534bbf6,79,1,false,0,false,4742.0,0.0.3
1370402565458,f29885b7f53a8b19078dadc54c267758,99,2,true,10,false,4742.0,0.0.3
1370402565458,e879e35c182683ed7dc5c35326eea66c,149,2,false,0,false,4742.0,0.0.3
1370402565458,0e5ec4ff88278e5150b6758f03e7385d,299,4,true,5,false,4742.0,0.0.3
1370402565458,8a8078f79e1cb4125694338fa0ca62b2,499,2,false,0,false,4742.0,0.0.3
1370402565458,0a9b49f5723d64eee9561719b971b827,999,0,true,1,false,4742.0,0.0.3
1370402565458,105addc65dd1a75887f107e80b1b5955,1,2,false,0,false,4742.0,0.0.3
1370402565458,448f4aee382cb9bf04e7fd7753ff7e3d,10000,0,true,1,false,4742.0,0.0.3
1370405568581,2d308c6f59934edd19ec6b26e91aec27,25,5,false,0,false,4792.0,0.0.3
1370405568581,e8a5414f514000f1d940aa2b57af4a66,35,9,false,0,false,4792.0,0.0.3
1370405568581,079c93b2a178ccb28040a7832fcc2264,25,50,true,50,true,4792.0,0.0.3
1370405568581,1df5a1e914369ab1ce018343d6ca9b23,50,5,false,0,false,4792.0,0.0.3
1370405568581,4e636704d7c4998974c136956534bbf6,79,1,false,0,false,4792.0,0.0.3
1370405568581,f29885b7f53a8b19078dadc54c267758,99,2,true,10,false,4792.0,0.0.3
1370405568581,e879e35c182683ed7dc5c35326eea66c,149,2,false,0,false,4792.0,0.0.3
1370405568581,0e5ec4ff88278e5150b6758f03e7385d,299,4,true,5,false,4792.0,0.0.3
1370405568581,8a8078f79e1cb4125694338fa0ca62b2,499,2,false,0,false,4792.0,0.0.3
1370405568581,0a9b49f5723d64eee9561719b971b827,999,0,true,1,false,4792.0,0.0.3
1370405568581,105addc65dd1a75887f107e80b1b5955,1,2,false,0,false,4792.0,0.0.3
1370405568581,448f4aee382cb9bf04e7fd7753ff7e3d,10000,0,true,1,false,4792.0,0.0.3
1370406766808,105addc65dd1a75887f107e80b1b5955,1,2,false,0,false,4827.0,0.0.3
1370406766808,2d308c6f59934edd19ec6b26e91aec27,25,5,false,0,false,4827.0,0.0.3
1370406766808,079c93b2a178ccb28040a7832fcc2264,25,50,true,50,true,4827.0,0.0.3
1370406766808,e8a5414f514000f1d940aa2b57af4a66,35,10,false,0,false,4827.0,0.0.3
1370406766808,1df5a1e914369ab1ce018343d6ca9b23,50,5,false,0,false,4827.0,0.0.3
1370406766808,4e636704d7c4998974c136956534bbf6,79,1,false,0,false,4827.0,0.0.3
1370406766808,f29885b7f53a8b19078dadc54c267758,99,2,true,10,false,4827.0,0.0.3
1370406766808,e879e35c182683ed7dc5c35326eea66c,149,2,false,0,false,4827.0,0.0.3
1370406766808,0e5ec4ff88278e5150b6758f03e7385d,299,4,true,5,false,4827.0,0.0.3
1370406766808,8a8078f79e1cb4125694338fa0ca62b2,499,2,false,0,false,4827.0,0.0.3
1370406766808,0a9b49f5723d64eee9561719b971b827,999,0,true,1,false,4827.0,0.0.3
1370406766808,448f4aee382cb9bf04e7fd7753ff7e3d,10000,0,true,1,false,4827.0,0.0.3
1370407371621,105addc65dd1a75887f107e80b1b5955,1,2,false,0,false,4877.0,0.0.3
1370407371621,2d308c6f59934edd19ec6b26e91aec27,25,5,false,0,false,4877.0,0.0.3
1370407371621,079c93b2a178ccb28040a7832fcc2264,25,50,true,50,true,4877.0,0.0.3
1370407371621,e8a5414f514000f1d940aa2b57af4a66,35,10,false,0,false,4877.0,0.0.3
1370407371621,1df5a1e914369ab1ce018343d6ca9b23,50,6,false,0,false,4877.0,0.0.3
1370407371621,4e636704d7c4998974c136956534bbf6,79,1,false,0,false,4877.0,0.0.3
1370407371621,f29885b7f53a8b19078dadc54c267758,99,2,true,10,false,4877.0,0.0.3
1370407371621,8a8078f79e1cb4125694338fa0ca62b2,499,2,false,0,false,4877.0,0.0.3
1370407371621,0a9b49f5723d64eee9561719b971b827,999,0,true,1,false,4877.0,0.0.3
1370407371621,448f4aee382cb9bf04e7fd7753ff7e3d,10000,0,true,1,false,4877.0,0.0.3
1370407371621,e879e35c182683ed7dc5c35326eea66c,149,2,false,0,false,4877.0,0.0.3
1370407371621,0e5ec4ff88278e5150b6758f03e7385d,299,4,true,5,false,4877.0,0.0.3
1370408566456,105addc65dd1a75887f107e80b1b5955,1,2,false,0,false,4912.0,0.0.3
1370408566456,079c93b2a178ccb28040a7832fcc2264,25,50,true,50,true,4912.0,0.0.3
1370408566456,e8a5414f514000f1d940aa2b57af4a66,35,11,false,0,false,4912.0,0.0.3
1370408566456,1df5a1e914369ab1ce018343d6ca9b23,50,6,false,0,false,4912.0,0.0.3
1370408566456,2d308c6f59934edd19ec6b26e91aec27,25,5,false,0,false,4912.0,0.0.3
1370408566456,4e636704d7c4998974c136956534bbf6,79,1,false,0,false,4912.0,0.0.3
1370408566456,f29885b7f53a8b19078dadc54c267758,99,2,true,10,false,4912.0,0.0.3
1370408566456,e879e35c182683ed7dc5c35326eea66c,149,2,false,0,false,4912.0,0.0.3
1370408566456,8a8078f79e1cb4125694338fa0ca62b2,499,2,false,0,false,4912.0,0.0.3
1370408566456,0e5ec4ff88278e5150b6758f03e7385d,299,4,true,5,false,4912.0,0.0.3
1370408566456,0a9b49f5723d64eee9561719b971b827,999,0,true,1,false,4912.0,0.0.3
1370408566456,448f4aee382cb9bf04e7fd7753ff7e3d,10000,0,true,1,false,4912.0,0.0.3
1370409172806,105addc65dd1a75887f107e80b1b5955,1,2,false,0,false,4947.0,0.0.3
1370409172806,e8a5414f514000f1d940aa2b57af4a66,35,12,false,0,false,4947.0,0.0.3
1370409172806,1df5a1e914369ab1ce018343d6ca9b23,50,6,false,0,false,4947.0,0.0.3
1370409172806,079c93b2a178ccb28040a7832fcc2264,25,50,true,50,true,4947.0,0.0.3
1370409172806,4e636704d7c4998974c136956534bbf6,79,1,false,0,false,4947.0,0.0.3
1370409172806,2d308c6f59934edd19ec6b26e91aec27,25,5,false,0,false,4947.0,0.0.3
1370409172806,f29885b7f53a8b19078dadc54c267758,99,2,true,10,false,4947.0,0.0.3
1370409172806,e879e35c182683ed7dc5c35326eea66c,149,2,false,0,false,4947.0,0.0.3
1370409172806,0a9b49f5723d64eee9561719b971b827,999,0,true,1,false,4947.0,0.0.3
1370409172806,8a8078f79e1cb4125694338fa0ca62b2,499,2,false,0,false,4947.0,0.0.3
1370409172806,0e5ec4ff88278e5150b6758f03e7385d,299,4,true,5,false,4947.0,0.0.3
1370409172806,448f4aee382cb9bf04e7fd7753ff7e3d,10000,0,true,1,false,4947.0,0.0.3
1370410368846,105addc65dd1a75887f107e80b1b5955,1,3,false,0,false,4948.0,0.0.3
1370410368846,e8a5414f514000f1d940aa2b57af4a66,35,12,false,0,false,4948.0,0.0.3
1370410368846,2d308c6f59934edd19ec6b26e91aec27,25,5,false,0,false,4948.0,0.0.3
1370410368846,079c93b2a178ccb28040a7832fcc2264,25,50,true,50,true,4948.0,0.0.3
1370410368846,1df5a1e914369ab1ce018343d6ca9b23,50,6,false,0,false,4948.0,0.0.3
1370410368846,4e636704d7c4998974c136956534bbf6,79,1,false,0,false,4948.0,0.0.3
1370410368846,f29885b7f53a8b19078dadc54c267758,99,2,true,10,false,4948.0,0.0.3
1370410368846,0e5ec4ff88278e5150b6758f03e7385d,299,4,true,5,false,4948.0,0.0.3
1370410368846,e879e35c182683ed7dc5c35326eea66c,149,2,false,0,false,4948.0,0.0.3
1370410368846,0a9b49f5723d64eee9561719b971b827,999,0,true,1,false,4948.0,0.0.3
1370410368846,8a8078f79e1cb4125694338fa0ca62b2,499,2,false,0,false,4948.0,0.0.3
1370410368846,448f4aee382cb9bf04e7fd7753ff7e3d,10000,0,true,1,false,4948.0,0.0.3
1370411567879,105addc65dd1a75887f107e80b1b5955,1,3,false,0,false,4998.0,0.0.3
1370411567879,079c93b2a178ccb28040a7832fcc2264,25,50,true,50,true,4998.0,0.0.3
1370411567879,2d308c6f59934edd19ec6b26e91aec27,25,5,false,0,false,4998.0,0.0.3
1370411567879,e8a5414f514000f1d940aa2b57af4a66,35,12,false,0,false,4998.0,0.0.3
1370411567879,1df5a1e914369ab1ce018343d6ca9b23,50,7,false,0,false,4998.0,0.0.3
1370411567879,4e636704d7c4998974c136956534bbf6,79,1,false,0,false,4998.0,0.0.3
1370411567879,f29885b7f53a8b19078dadc54c267758,99,2,true,10,false,4998.0,0.0.3
1370411567879,e879e35c182683ed7dc5c35326eea66c,149,2,false,0,false,4998.0,0.0.3
1370411567879,0e5ec4ff88278e5150b6758f03e7385d,299,4,true,5,false,4998.0,0.0.3
1370411567879,8a8078f79e1cb4125694338fa0ca62b2,499,2,false,0,false,4998.0,0.0.3
1370411567879,0a9b49f5723d64eee9561719b971b827,999,0,true,1,false,4998.0,0.0.3
1370411567879,448f4aee382cb9bf04e7fd7753ff7e3d,10000,0,true,1,false,4998.0,0.0.3
1370415172595,2d308c6f59934edd19ec6b26e91aec27,25,6,false,0,false,5073.0,0.0.3
1370415172595,105addc65dd1a75887f107e80b1b5955,1,3,false,0,false,5073.0,0.0.3
1370415172595,079c93b2a178ccb28040a7832fcc2264,25,50,true,50,true,5073.0,0.0.3
1370415172595,e8a5414f514000f1d940aa2b57af4a66,35,12,false,0,false,5073.0,0.0.3
1370415172595,1df5a1e914369ab1ce018343d6ca9b23,50,8,false,0,false,5073.0,0.0.3
1370415172595,4e636704d7c4998974c136956534bbf6,79,1,false,0,false,5073.0,0.0.3
1370415172595,f29885b7f53a8b19078dadc54c267758,99,2,true,10,false,5073.0,0.0.3
1370415172595,e879e35c182683ed7dc5c35326eea66c,149,2,false,0,false,5073.0,0.0.3
1370415172595,0e5ec4ff88278e5150b6758f03e7385d,299,4,true,5,false,5073.0,0.0.3
1370415172595,8a8078f79e1cb4125694338fa0ca62b2,499,2,false,0,false,5073.0,0.0.3
1370415172595,0a9b49f5723d64eee9561719b971b827,999,0,true,1,false,5073.0,0.0.3
1370415172595,448f4aee382cb9bf04e7fd7753ff7e3d,10000,0,true,1,false,5073.0,0.0.3
1370416974493,105addc65dd1a75887f107e80b1b5955,1,3,false,0,false,5153.0,0.0.3
1370416974493,2d308c6f59934edd19ec6b26e91aec27,25,6,false,0,false,5153.0,0.0.3
1370416974493,e8a5414f514000f1d940aa2b57af4a66,35,12,false,0,false,5153.0,0.0.3
1370416974493,079c93b2a178ccb28040a7832fcc2264,25,50,true,50,true,5153.0,0.0.3
1370416974493,1df5a1e914369ab1ce018343d6ca9b23,50,8,false,0,false,5153.0,0.0.3
1370416974493,4e636704d7c4998974c136956534bbf6,79,1,false,0,false,5153.0,0.0.3
1370416974493,f29885b7f53a8b19078dadc54c267758,99,2,true,10,false,5153.0,0.0.3
1370416974493,e879e35c182683ed7dc5c35326eea66c,149,2,false,0,false,5153.0,0.0.3
1370416974493,0e5ec4ff88278e5150b6758f03e7385d,299,4,true,5,false,5153.0,0.0.3
1370416974493,0a9b49f5723d64eee9561719b971b827,999,0,true,1,false,5153.0,0.0.3
1370416974493,8a8078f79e1cb4125694338fa0ca62b2,499,2,false,0,false,5153.0,0.0.3
1370416974493,448f4aee382cb9bf04e7fd7753ff7e3d,10000,0,true,1,false,5153.0,0.0.3
1370418172595,079c93b2a178ccb28040a7832fcc2264,25,50,true,50,true,5238.0,0.0.3
1370418172595,105addc65dd1a75887f107e80b1b5955,1,3,false,0,false,5238.0,0.0.3
1370418172595,2d308c6f59934edd19ec6b26e91aec27,25,6,false,0,false,5238.0,0.0.3
1370418172595,e8a5414f514000f1d940aa2b57af4a66,35,13,false,0,false,5238.0,0.0.3
1370418172595,1df5a1e914369ab1ce018343d6ca9b23,50,9,false,0,false,5238.0,0.0.3
1370418172595,4e636704d7c4998974c136956534bbf6,79,1,false,0,false,5238.0,0.0.3
1370418172595,f29885b7f53a8b19078dadc54c267758,99,2,true,10,false,5238.0,0.0.3
1370418172595,e879e35c182683ed7dc5c35326eea66c,149,2,false,0,false,5238.0,0.0.3
1370418172595,0e5ec4ff88278e5150b6758f03e7385d,299,4,true,5,false,5238.0,0.0.3
1370418172595,448f4aee382cb9bf04e7fd7753ff7e3d,10000,0,true,1,false,5238.0,0.0.3
1370418172595,8a8078f79e1cb4125694338fa0ca62b2,499,2,false,0,false,5238.0,0.0.3
1370418172595,0a9b49f5723d64eee9561719b971b827,999,0,true,1,false,5238.0,0.0.3
1370420572108,105addc65dd1a75887f107e80b1b5955,1,3,false,0,false,5323.0,0.0.3
1370420572108,e8a5414f514000f1d940aa2b57af4a66,35,14,false,0,false,5323.0,0.0.3
1370420572108,1df5a1e914369ab1ce018343d6ca9b23,50,10,false,0,false,5323.0,0.0.3
1370420572108,4e636704d7c4998974c136956534bbf6,79,1,false,0,false,5323.0,0.0.3
1370420572108,2d308c6f59934edd19ec6b26e91aec27,25,6,false,0,false,5323.0,0.0.3
1370420572108,079c93b2a178ccb28040a7832fcc2264,25,50,true,50,true,5323.0,0.0.3
1370420572108,f29885b7f53a8b19078dadc54c267758,99,2,true,10,false,5323.0,0.0.3
1370420572108,e879e35c182683ed7dc5c35326eea66c,149,2,false,0,false,5323.0,0.0.3
1370420572108,0e5ec4ff88278e5150b6758f03e7385d,299,4,true,5,false,5323.0,0.0.3
1370420572108,8a8078f79e1cb4125694338fa0ca62b2,499,2,false,0,false,5323.0,0.0.3
1370420572108,0a9b49f5723d64eee9561719b971b827,999,0,true,1,false,5323.0,0.0.3
1370420572108,448f4aee382cb9bf04e7fd7753ff7e3d,10000,0,true,1,false,5323.0,0.0.3
1370422976708,105addc65dd1a75887f107e80b1b5955,1,3,false,0,false,5358.0,0.0.3
1370422976708,2d308c6f59934edd19ec6b26e91aec27,25,6,false,0,false,5358.0,0.0.3
1370422976708,079c93b2a178ccb28040a7832fcc2264,25,50,true,50,true,5358.0,0.0.3
1370422976708,e8a5414f514000f1d940aa2b57af4a66,35,15,false,0,false,5358.0,0.0.3
1370422976708,1df5a1e914369ab1ce018343d6ca9b23,50,10,false,0,false,5358.0,0.0.3
1370422976708,4e636704d7c4998974c136956534bbf6,79,1,false,0,false,5358.0,0.0.3
1370422976708,f29885b7f53a8b19078dadc54c267758,99,2,true,10,false,5358.0,0.0.3
1370422976708,8a8078f79e1cb4125694338fa0ca62b2,499,2,false,0,false,5358.0,0.0.3
1370422976708,e879e35c182683ed7dc5c35326eea66c,149,2,false,0,false,5358.0,0.0.3
1370422976708,0a9b49f5723d64eee9561719b971b827,999,0,true,1,false,5358.0,0.0.3
1370422976708,0e5ec4ff88278e5150b6758f03e7385d,299,4,true,5,false,5358.0,0.0.3
1370422976708,448f4aee382cb9bf04e7fd7753ff7e3d,10000,0,true,1,false,5358.0,0.0.3
1370424773749,079c93b2a178ccb28040a7832fcc2264,25,50,true,50,true,5428.0,0.0.3
1370424773749,e8a5414f514000f1d940aa2b57af4a66,35,17,false,0,false,5428.0,0.0.3
1370424773749,105addc65dd1a75887f107e80b1b5955,1,3,false,0,false,5428.0,0.0.3
1370424773749,1df5a1e914369ab1ce018343d6ca9b23,50,10,false,0,false,5428.0,0.0.3
1370424773749,2d308c6f59934edd19ec6b26e91aec27,25,6,false,0,false,5428.0,0.0.3
1370424773749,4e636704d7c4998974c136956534bbf6,79,1,false,0,false,5428.0,0.0.3
1370424773749,f29885b7f53a8b19078dadc54c267758,99,2,true,10,false,5428.0,0.0.3
1370424773749,e879e35c182683ed7dc5c35326eea66c,149,2,false,0,false,5428.0,0.0.3
1370424773749,0e5ec4ff88278e5150b6758f03e7385d,299,4,true,5,false,5428.0,0.0.3
1370424773749,8a8078f79e1cb4125694338fa0ca62b2,499,2,false,0,false,5428.0,0.0.3
1370424773749,0a9b49f5723d64eee9561719b971b827,999,0,true,1,false,5428.0,0.0.3
1370424773749,448f4aee382cb9bf04e7fd7753ff7e3d,10000,0,true,1,false,5428.0,0.0.3
1370425972922,105addc65dd1a75887f107e80b1b5955,1,3,false,0,false,5453.0,0.0.3
1370425972922,2d308c6f59934edd19ec6b26e91aec27,25,7,false,0,false,5453.0,0.0.3
1370425972922,079c93b2a178ccb28040a7832fcc2264,25,50,true,50,true,5453.0,0.0.3
1370425972922,e8a5414f514000f1d940aa2b57af4a66,35,17,false,0,false,5453.0,0.0.3
1370425972922,1df5a1e914369ab1ce018343d6ca9b23,50,10,false,0,false,5453.0,0.0.3
1370425972922,4e636704d7c4998974c136956534bbf6,79,1,false,0,false,5453.0,0.0.3
1370425972922,f29885b7f53a8b19078dadc54c267758,99,2,true,10,false,5453.0,0.0.3
1370425972922,e879e35c182683ed7dc5c35326eea66c,149,2,false,0,false,5453.0,0.0.3
1370425972922,0e5ec4ff88278e5150b6758f03e7385d,299,4,true,5,false,5453.0,0.0.3
1370425972922,8a8078f79e1cb4125694338fa0ca62b2,499,2,false,0,false,5453.0,0.0.3
1370425972922,0a9b49f5723d64eee9561719b971b827,999,0,true,1,false,5453.0,0.0.3
1370425972922,448f4aee382cb9bf04e7fd7753ff7e3d,10000,0,true,1,false,5453.0,0.0.3
1370428374803,105addc65dd1a75887f107e80b1b5955,1,3,false,0,false,5523.0,0.0.3
1370428374803,079c93b2a178ccb28040a7832fcc2264,25,50,true,50,true,5523.0,0.0.3
1370428374803,2d308c6f59934edd19ec6b26e91aec27,25,7,false,0,false,5523.0,0.0.3
1370428374803,e8a5414f514000f1d940aa2b57af4a66,35,19,false,0,false,5523.0,0.0.3
1370428374803,1df5a1e914369ab1ce018343d6ca9b23,50,10,false,0,false,5523.0,0.0.3
1370428374803,4e636704d7c4998974c136956534bbf6,79,1,false,0,false,5523.0,0.0.3
1370428374803,f29885b7f53a8b19078dadc54c267758,99,2,true,10,false,5523.0,0.0.3
1370428374803,e879e35c182683ed7dc5c35326eea66c,149,2,false,0,false,5523.0,0.0.3
1370428374803,8a8078f79e1cb4125694338fa0ca62b2,499,2,false,0,false,5523.0,0.0.3
1370428374803,0e5ec4ff88278e5150b6758f03e7385d,299,4,true,5,false,5523.0,0.0.3
1370428374803,0a9b49f5723d64eee9561719b971b827,999,0,true,1,false,5523.0,0.0.3
1370428374803,448f4aee382cb9bf04e7fd7753ff7e3d,10000,0,true,1,false,5523.0,0.0.3
1370430175241,105addc65dd1a75887f107e80b1b5955,1,3,false,0,false,5593.0,0.0.3
1370430175241,079c93b2a178ccb28040a7832fcc2264,25,50,true,50,true,5593.0,0.0.3
1370430175241,2d308c6f59934edd19ec6b26e91aec27,25,7,false,0,false,5593.0,0.0.3
1370430175241,e8a5414f514000f1d940aa2b57af4a66,35,21,false,0,false,5593.0,0.0.3
1370430175241,1df5a1e914369ab1ce018343d6ca9b23,50,10,false,0,false,5593.0,0.0.3
1370430175241,4e636704d7c4998974c136956534bbf6,79,1,false,0,false,5593.0,0.0.3
1370430175241,f29885b7f53a8b19078dadc54c267758,99,2,true,10,false,5593.0,0.0.3
1370430175241,e879e35c182683ed7dc5c35326eea66c,149,2,false,0,false,5593.0,0.0.3
1370430175241,8a8078f79e1cb4125694338fa0ca62b2,499,2,false,0,false,5593.0,0.0.3
1370430175241,0e5ec4ff88278e5150b6758f03e7385d,299,4,true,5,false,5593.0,0.0.3
1370430175241,448f4aee382cb9bf04e7fd7753ff7e3d,10000,0,true,1,false,5593.0,0.0.3
1370430175241,0a9b49f5723d64eee9561719b971b827,999,0,true,1,false,5593.0,0.0.3
1370433176753,105addc65dd1a75887f107e80b1b5955,1,3,false,0,false,5628.0,0.0.3
1370433176753,e8a5414f514000f1d940aa2b57af4a66,35,22,false,0,false,5628.0,0.0.3
1370433176753,1df5a1e914369ab1ce018343d6ca9b23,50,10,false,0,false,5628.0,0.0.3
1370433176753,079c93b2a178ccb28040a7832fcc2264,25,50,true,50,true,5628.0,0.0.3
1370433176753,2d308c6f59934edd19ec6b26e91aec27,25,7,false,0,false,5628.0,0.0.3
1370433176753,4e636704d7c4998974c136956534bbf6,79,1,false,0,false,5628.0,0.0.3
1370433176753,f29885b7f53a8b19078dadc54c267758,99,2,true,10,false,5628.0,0.0.3
1370433176753,8a8078f79e1cb4125694338fa0ca62b2,499,2,false,0,false,5628.0,0.0.3
1370433176753,0e5ec4ff88278e5150b6758f03e7385d,299,4,true,5,false,5628.0,0.0.3
1370433176753,e879e35c182683ed7dc5c35326eea66c,149,2,false,0,false,5628.0,0.0.3
1370433176753,0a9b49f5723d64eee9561719b971b827,999,0,true,1,false,5628.0,0.0.3
1370433176753,448f4aee382cb9bf04e7fd7753ff7e3d,10000,0,true,1,false,5628.0,0.0.3
1370433776557,105addc65dd1a75887f107e80b1b5955,1,3,false,0,false,5768.0,0.0.3
1370433776557,2d308c6f59934edd19ec6b26e91aec27,25,7,false,0,false,5768.0,0.0.3
1370433776557,079c93b2a178ccb28040a7832fcc2264,25,50,true,50,true,5768.0,0.0.3
1370433776557,e8a5414f514000f1d940aa2b57af4a66,35,23,false,0,false,5768.0,0.0.3
1370433776557,1df5a1e914369ab1ce018343d6ca9b23,50,10,false,0,false,5768.0,0.0.3
1370433776557,4e636704d7c4998974c136956534bbf6,79,1,false,0,false,5768.0,0.0.3
1370433776557,f29885b7f53a8b19078dadc54c267758,99,3,true,10,false,5768.0,0.0.3
1370433776557,e879e35c182683ed7dc5c35326eea66c,149,2,false,0,false,5768.0,0.0.3
1370433776557,0e5ec4ff88278e5150b6758f03e7385d,299,4,true,5,false,5768.0,0.0.3
1370433776557,8a8078f79e1cb4125694338fa0ca62b2,499,2,false,0,false,5768.0,0.0.3
1370433776557,0a9b49f5723d64eee9561719b971b827,999,0,true,1,false,5768.0,0.0.3
1370433776557,448f4aee382cb9bf04e7fd7753ff7e3d,10000,0,true,1,false,5768.0,0.0.3
1370435577843,105addc65dd1a75887f107e80b1b5955,1,3,false,0,false,5803.0,0.0.3
1370435577843,079c93b2a178ccb28040a7832fcc2264,25,50,true,50,true,5803.0,0.0.3
1370435577843,2d308c6f59934edd19ec6b26e91aec27,25,7,false,0,false,5803.0,0.0.3
1370435577843,e8a5414f514000f1d940aa2b57af4a66,35,24,false,0,false,5803.0,0.0.3
1370435577843,1df5a1e914369ab1ce018343d6ca9b23,50,10,false,0,false,5803.0,0.0.3
1370435577843,4e636704d7c4998974c136956534bbf6,79,1,false,0,false,5803.0,0.0.3
1370435577843,f29885b7f53a8b19078dadc54c267758,99,3,true,10,false,5803.0,0.0.3
1370435577843,e879e35c182683ed7dc5c35326eea66c,149,2,false,0,false,5803.0,0.0.3
1370435577843,0e5ec4ff88278e5150b6758f03e7385d,299,4,true,5,false,5803.0,0.0.3
1370435577843,8a8078f79e1cb4125694338fa0ca62b2,499,2,false,0,false,5803.0,0.0.3
1370435577843,0a9b49f5723d64eee9561719b971b827,999,0,true,1,false,5803.0,0.0.3
1370435577843,448f4aee382cb9bf04e7fd7753ff7e3d,10000,0,true,1,false,5803.0,0.0.3
1370438579296,105addc65dd1a75887f107e80b1b5955,1,3,false,0,false,5907.0,0.0.3
1370438579296,2d308c6f59934edd19ec6b26e91aec27,25,8,false,0,false,5907.0,0.0.3
1370438579296,079c93b2a178ccb28040a7832fcc2264,25,50,true,50,true,5907.0,0.0.3
1370438579296,e8a5414f514000f1d940aa2b57af4a66,35,24,false,0,false,5907.0,0.0.3
1370438579296,1df5a1e914369ab1ce018343d6ca9b23,50,10,false,0,false,5907.0,0.0.3
1370438579296,4e636704d7c4998974c136956534bbf6,79,2,false,0,false,5907.0,0.0.3
1370438579296,f29885b7f53a8b19078dadc54c267758,99,3,true,10,false,5907.0,0.0.3
1370438579296,e879e35c182683ed7dc5c35326eea66c,149,2,false,0,false,5907.0,0.0.3
1370438579296,0e5ec4ff88278e5150b6758f03e7385d,299,4,true,5,false,5907.0,0.0.3
1370438579296,8a8078f79e1cb4125694338fa0ca62b2,499,2,false,0,false,5907.0,0.0.3
1370438579296,0a9b49f5723d64eee9561719b971b827,999,0,true,1,false,5907.0,0.0.3
1370438579296,448f4aee382cb9bf04e7fd7753ff7e3d,10000,0,true,1,false,5907.0,0.0.3
1370439183664,105addc65dd1a75887f107e80b1b5955,1,3,false,0,false,5977.0,0.0.3
1370439183664,e8a5414f514000f1d940aa2b57af4a66,35,26,false,0,false,5977.0,0.0.3
1370439183664,079c93b2a178ccb28040a7832fcc2264,25,50,true,50,true,5977.0,0.0.3
1370439183664,1df5a1e914369ab1ce018343d6ca9b23,50,10,false,0,false,5977.0,0.0.3
1370439183664,4e636704d7c4998974c136956534bbf6,79,2,false,0,false,5977.0,0.0.3
1370439183664,f29885b7f53a8b19078dadc54c267758,99,3,true,10,false,5977.0,0.0.3
1370439183664,e879e35c182683ed7dc5c35326eea66c,149,2,false,0,false,5977.0,0.0.3
1370439183664,0e5ec4ff88278e5150b6758f03e7385d,299,4,true,5,false,5977.0,0.0.3
1370439183664,2d308c6f59934edd19ec6b26e91aec27,25,8,false,0,false,5977.0,0.0.3
1370439183664,8a8078f79e1cb4125694338fa0ca62b2,499,2,false,0,false,5977.0,0.0.3
1370439183664,0a9b49f5723d64eee9561719b971b827,999,0,true,1,false,5977.0,0.0.3
1370439183664,448f4aee382cb9bf04e7fd7753ff7e3d,10000,0,true,1,false,5977.0,0.0.3
1370439780482,105addc65dd1a75887f107e80b1b5955,1,3,false,0,false,6027.0,0.0.3
1370439780482,2d308c6f59934edd19ec6b26e91aec27,25,8,false,0,false,6027.0,0.0.3
1370439780482,079c93b2a178ccb28040a7832fcc2264,25,50,true,50,true,6027.0,0.0.3
1370439780482,e8a5414f514000f1d940aa2b57af4a66,35,26,false,0,false,6027.0,0.0.3
1370439780482,1df5a1e914369ab1ce018343d6ca9b23,50,11,false,0,false,6027.0,0.0.3
1370439780482,4e636704d7c4998974c136956534bbf6,79,2,false,0,false,6027.0,0.0.3
1370439780482,f29885b7f53a8b19078dadc54c267758,99,3,true,10,false,6027.0,0.0.3
1370439780482,e879e35c182683ed7dc5c35326eea66c,149,2,false,0,false,6027.0,0.0.3
1370439780482,0e5ec4ff88278e5150b6758f03e7385d,299,4,true,5,false,6027.0,0.0.3
1370439780482,8a8078f79e1cb4125694338fa0ca62b2,499,2,false,0,false,6027.0,0.0.3
1370439780482,0a9b49f5723d64eee9561719b971b827,999,0,true,1,false,6027.0,0.0.3
1370439780482,448f4aee382cb9bf04e7fd7753ff7e3d,10000,0,true,1,false,6027.0,0.0.3
1370440379553,2d308c6f59934edd19ec6b26e91aec27,25,9,false,0,false,6087.0,0.0.3
1370440379553,079c93b2a178ccb28040a7832fcc2264,25,50,true,50,true,6087.0,0.0.3
1370440379553,e8a5414f514000f1d940aa2b57af4a66,35,27,false,0,false,6087.0,0.0.3
1370440379553,105addc65dd1a75887f107e80b1b5955,1,3,false,0,false,6087.0,0.0.3
1370440379553,1df5a1e914369ab1ce018343d6ca9b23,50,11,false,0,false,6087.0,0.0.3
1370440379553,4e636704d7c4998974c136956534bbf6,79,2,false,0,false,6087.0,0.0.3
1370440379553,f29885b7f53a8b19078dadc54c267758,99,3,true,10,false,6087.0,0.0.3
1370440379553,e879e35c182683ed7dc5c35326eea66c,149,2,false,0,false,6087.0,0.0.3
1370440379553,0e5ec4ff88278e5150b6758f03e7385d,299,4,true,5,false,6087.0,0.0.3
1370440379553,8a8078f79e1cb4125694338fa0ca62b2,499,2,false,0,false,6087.0,0.0.3
1370440379553,0a9b49f5723d64eee9561719b971b827,999,0,true,1,false,6087.0,0.0.3
1370440379553,448f4aee382cb9bf04e7fd7753ff7e3d,10000,0,true,1,false,6087.0,0.0.3
1370440986625,e8a5414f514000f1d940aa2b57af4a66,35,29,false,0,false,6157.0,0.0.3
1370440986625,2d308c6f59934edd19ec6b26e91aec27,25,9,false,0,false,6157.0,0.0.3
1370440986625,079c93b2a178ccb28040a7832fcc2264,25,50,true,50,true,6157.0,0.0.3
1370440986625,1df5a1e914369ab1ce018343d6ca9b23,50,11,false,0,false,6157.0,0.0.3
1370440986625,4e636704d7c4998974c136956534bbf6,79,2,false,0,false,6157.0,0.0.3
1370440986625,f29885b7f53a8b19078dadc54c267758,99,3,true,10,false,6157.0,0.0.3
1370440986625,e879e35c182683ed7dc5c35326eea66c,149,2,false,0,false,6157.0,0.0.3
1370440986625,0e5ec4ff88278e5150b6758f03e7385d,299,4,true,5,false,6157.0,0.0.3
1370440986625,8a8078f79e1cb4125694338fa0ca62b2,499,2,false,0,false,6157.0,0.0.3
1370440986625,105addc65dd1a75887f107e80b1b5955,1,3,false,0,false,6157.0,0.0.3
1370440986625,0a9b49f5723d64eee9561719b971b827,999,0,true,1,false,6157.0,0.0.3
1370440986625,448f4aee382cb9bf04e7fd7753ff7e3d,10000,0,true,1,false,6157.0,0.0.3
1370441580123,2d308c6f59934edd19ec6b26e91aec27,25,9,false,0,false,6192.0,0.0.3
1370441580123,1df5a1e914369ab1ce018343d6ca9b23,50,11,false,0,false,6192.0,0.0.3
1370441580123,e8a5414f514000f1d940aa2b57af4a66,35,30,false,0,false,6192.0,0.0.3
1370441580123,f29885b7f53a8b19078dadc54c267758,99,3,true,10,false,6192.0,0.0.3
1370441580123,4e636704d7c4998974c136956534bbf6,79,2,false,0,false,6192.0,0.0.3
1370441580123,e879e35c182683ed7dc5c35326eea66c,149,2,false,0,false,6192.0,0.0.3
1370441580123,105addc65dd1a75887f107e80b1b5955,1,3,false,0,false,6192.0,0.0.3
1370441580123,079c93b2a178ccb28040a7832fcc2264,25,50,true,50,true,6192.0,0.0.3
1370441580123,0e5ec4ff88278e5150b6758f03e7385d,299,4,true,5,false,6192.0,0.0.3
1370441580123,8a8078f79e1cb4125694338fa0ca62b2,499,2,false,0,false,6192.0,0.0.3
1370441580123,0a9b49f5723d64eee9561719b971b827,999,0,true,1,false,6192.0,0.0.3
1370441580123,448f4aee382cb9bf04e7fd7753ff7e3d,10000,0,true,1,false,6192.0,0.0.3
1370442780735,105addc65dd1a75887f107e80b1b5955,1,3,false,0,false,6312.0,0.0.3
1370442780735,e8a5414f514000f1d940aa2b57af4a66,35,32,false,0,false,6312.0,0.0.3
1370442780735,2d308c6f59934edd19ec6b26e91aec27,25,9,false,0,false,6312.0,0.0.3
1370442780735,079c93b2a178ccb28040a7832fcc2264,25,50,true,50,true,6312.0,0.0.3
1370442780735,1df5a1e914369ab1ce018343d6ca9b23,50,12,false,0,false,6312.0,0.0.3
1370442780735,4e636704d7c4998974c136956534bbf6,79,2,false,0,false,6312.0,0.0.3
1370442780735,f29885b7f53a8b19078dadc54c267758,99,3,true,10,false,6312.0,0.0.3
1370442780735,e879e35c182683ed7dc5c35326eea66c,149,2,false,0,false,6312.0,0.0.3
1370442780735,8a8078f79e1cb4125694338fa0ca62b2,499,2,false,0,false,6312.0,0.0.3
1370442780735,0a9b49f5723d64eee9561719b971b827,999,0,true,1,false,6312.0,0.0.3
1370442780735,448f4aee382cb9bf04e7fd7753ff7e3d,10000,0,true,1,false,6312.0,0.0.3
1370442780735,0e5ec4ff88278e5150b6758f03e7385d,299,4,true,5,false,6312.0,0.0.3
1370443380856,105addc65dd1a75887f107e80b1b5955,1,4,false,0,false,6313.0,0.0.3
1370443380856,2d308c6f59934edd19ec6b26e91aec27,25,9,false,0,false,6313.0,0.0.3
1370443380856,079c93b2a178ccb28040a7832fcc2264,25,50,true,50,true,6313.0,0.0.3
1370443380856,e8a5414f514000f1d940aa2b57af4a66,35,32,false,0,false,6313.0,0.0.3
1370443380856,1df5a1e914369ab1ce018343d6ca9b23,50,12,false,0,false,6313.0,0.0.3
1370443380856,4e636704d7c4998974c136956534bbf6,79,2,false,0,false,6313.0,0.0.3
1370443380856,f29885b7f53a8b19078dadc54c267758,99,3,true,10,false,6313.0,0.0.3
1370443380856,e879e35c182683ed7dc5c35326eea66c,149,2,false,0,false,6313.0,0.0.3
1370443380856,0e5ec4ff88278e5150b6758f03e7385d,299,4,true,5,false,6313.0,0.0.3
1370443380856,8a8078f79e1cb4125694338fa0ca62b2,499,2,false,0,false,6313.0,0.0.3
1370443380856,0a9b49f5723d64eee9561719b971b827,999,0,true,1,false,6313.0,0.0.3
1370443380856,448f4aee382cb9bf04e7fd7753ff7e3d,10000,0,true,1,false,6313.0,0.0.3
1370443978595,105addc65dd1a75887f107e80b1b5955,1,4,false,0,false,6363.0,0.0.3
1370443978595,2d308c6f59934edd19ec6b26e91aec27,25,9,false,0,false,6363.0,0.0.3
1370443978595,079c93b2a178ccb28040a7832fcc2264,25,50,true,50,true,6363.0,0.0.3
1370443978595,e8a5414f514000f1d940aa2b57af4a66,35,32,false,0,false,6363.0,0.0.3
1370443978595,1df5a1e914369ab1ce018343d6ca9b23,50,13,false,0,false,6363.0,0.0.3
1370443978595,4e636704d7c4998974c136956534bbf6,79,2,false,0,false,6363.0,0.0.3
1370443978595,f29885b7f53a8b19078dadc54c267758,99,3,true,10,false,6363.0,0.0.3
1370443978595,e879e35c182683ed7dc5c35326eea66c,149,2,false,0,false,6363.0,0.0.3
1370443978595,0e5ec4ff88278e5150b6758f03e7385d,299,4,true,5,false,6363.0,0.0.3
1370443978595,8a8078f79e1cb4125694338fa0ca62b2,499,2,false,0,false,6363.0,0.0.3
1370443978595,0a9b49f5723d64eee9561719b971b827,999,0,true,1,false,6363.0,0.0.3
1370443978595,448f4aee382cb9bf04e7fd7753ff7e3d,10000,0,true,1,false,6363.0,0.0.3
1370444579451,105addc65dd1a75887f107e80b1b5955,1,5,false,0,false,6364.0,0.0.3
1370444579451,2d308c6f59934edd19ec6b26e91aec27,25,9,false,0,false,6364.0,0.0.3
1370444579451,079c93b2a178ccb28040a7832fcc2264,25,50,true,50,true,6364.0,0.0.3
1370444579451,e8a5414f514000f1d940aa2b57af4a66,35,32,false,0,false,6364.0,0.0.3
1370444579451,1df5a1e914369ab1ce018343d6ca9b23,50,13,false,0,false,6364.0,0.0.3
1370444579451,4e636704d7c4998974c136956534bbf6,79,2,false,0,false,6364.0,0.0.3
1370444579451,f29885b7f53a8b19078dadc54c267758,99,3,true,10,false,6364.0,0.0.3
1370444579451,e879e35c182683ed7dc5c35326eea66c,149,2,false,0,false,6364.0,0.0.3
1370444579451,0e5ec4ff88278e5150b6758f03e7385d,299,4,true,5,false,6364.0,0.0.3
1370444579451,8a8078f79e1cb4125694338fa0ca62b2,499,2,false,0,false,6364.0,0.0.3
1370444579451,0a9b49f5723d64eee9561719b971b827,999,0,true,1,false,6364.0,0.0.3
1370444579451,448f4aee382cb9bf04e7fd7753ff7e3d,10000,0,true,1,false,6364.0,0.0.3
1370445186814,2d308c6f59934edd19ec6b26e91aec27,25,9,false,0,false,6400.0,0.0.3
1370445186814,e8a5414f514000f1d940aa2b57af4a66,35,33,false,0,false,6400.0,0.0.3
1370445186814,105addc65dd1a75887f107e80b1b5955,1,6,false,0,false,6400.0,0.0.3
1370445186814,079c93b2a178ccb28040a7832fcc2264,25,50,true,50,true,6400.0,0.0.3
1370445186814,4e636704d7c4998974c136956534bbf6,79,2,false,0,false,6400.0,0.0.3
1370445186814,1df5a1e914369ab1ce018343d6ca9b23,50,13,false,0,false,6400.0,0.0.3
1370445186814,f29885b7f53a8b19078dadc54c267758,99,3,true,10,false,6400.0,0.0.3
1370445186814,e879e35c182683ed7dc5c35326eea66c,149,2,false,0,false,6400.0,0.0.3
1370445186814,0e5ec4ff88278e5150b6758f03e7385d,299,4,true,5,false,6400.0,0.0.3
1370445186814,8a8078f79e1cb4125694338fa0ca62b2,499,2,false,0,false,6400.0,0.0.3
1370445186814,448f4aee382cb9bf04e7fd7753ff7e3d,10000,0,true,1,false,6400.0,0.0.3
1370445186814,0a9b49f5723d64eee9561719b971b827,999,0,true,1,false,6400.0,0.0.3
1370446979933,105addc65dd1a75887f107e80b1b5955,1,6,false,0,false,6435.0,0.0.3
1370446979933,2d308c6f59934edd19ec6b26e91aec27,25,9,false,0,false,6435.0,0.0.3
1370446979933,079c93b2a178ccb28040a7832fcc2264,25,50,true,50,true,6435.0,0.0.3
1370446979933,e8a5414f514000f1d940aa2b57af4a66,35,34,false,0,false,6435.0,0.0.3
1370446979933,1df5a1e914369ab1ce018343d6ca9b23,50,13,false,0,false,6435.0,0.0.3
1370446979933,4e636704d7c4998974c136956534bbf6,79,2,false,0,false,6435.0,0.0.3
1370446979933,f29885b7f53a8b19078dadc54c267758,99,3,true,10,false,6435.0,0.0.3
1370446979933,e879e35c182683ed7dc5c35326eea66c,149,2,false,0,false,6435.0,0.0.3
1370446979933,0e5ec4ff88278e5150b6758f03e7385d,299,4,true,5,false,6435.0,0.0.3
1370446979933,8a8078f79e1cb4125694338fa0ca62b2,499,2,false,0,false,6435.0,0.0.3
1370446979933,0a9b49f5723d64eee9561719b971b827,999,0,true,1,false,6435.0,0.0.3
1370446979933,448f4aee382cb9bf04e7fd7753ff7e3d,10000,0,true,1,false,6435.0,0.0.3
1370448781004,2d308c6f59934edd19ec6b26e91aec27,25,9,false,0,false,6470.0,0.0.3
1370448781004,e8a5414f514000f1d940aa2b57af4a66,35,35,false,0,false,6470.0,0.0.3
1370448781004,079c93b2a178ccb28040a7832fcc2264,25,50,true,50,true,6470.0,0.0.3
1370448781004,105addc65dd1a75887f107e80b1b5955,1,6,false,0,false,6470.0,0.0.3
1370448781004,1df5a1e914369ab1ce018343d6ca9b23,50,13,false,0,false,6470.0,0.0.3
1370448781004,4e636704d7c4998974c136956534bbf6,79,2,false,0,false,6470.0,0.0.3
1370448781004,f29885b7f53a8b19078dadc54c267758,99,3,true,10,false,6470.0,0.0.3
1370448781004,e879e35c182683ed7dc5c35326eea66c,149,2,false,0,false,6470.0,0.0.3
1370448781004,0e5ec4ff88278e5150b6758f03e7385d,299,4,true,5,false,6470.0,0.0.3
1370448781004,8a8078f79e1cb4125694338fa0ca62b2,499,2,false,0,false,6470.0,0.0.3
1370448781004,0a9b49f5723d64eee9561719b971b827,999,0,true,1,false,6470.0,0.0.3
1370448781004,448f4aee382cb9bf04e7fd7753ff7e3d,10000,0,true,1,false,6470.0,0.0.3
1370449391463,105addc65dd1a75887f107e80b1b5955,1,6,false,0,false,6505.0,0.0.3
1370449391463,2d308c6f59934edd19ec6b26e91aec27,25,9,false,0,false,6505.0,0.0.3
1370449391463,079c93b2a178ccb28040a7832fcc2264,25,50,true,50,true,6505.0,0.0.3
1370449391463,e8a5414f514000f1d940aa2b57af4a66,35,36,false,0,false,6505.0,0.0.3
1370449391463,1df5a1e914369ab1ce018343d6ca9b23,50,13,false,0,false,6505.0,0.0.3
1370449391463,4e636704d7c4998974c136956534bbf6,79,2,false,0,false,6505.0,0.0.3
1370449391463,f29885b7f53a8b19078dadc54c267758,99,3,true,10,false,6505.0,0.0.3
1370449391463,e879e35c182683ed7dc5c35326eea66c,149,2,false,0,false,6505.0,0.0.3
1370449391463,0e5ec4ff88278e5150b6758f03e7385d,299,4,true,5,false,6505.0,0.0.3
1370449391463,448f4aee382cb9bf04e7fd7753ff7e3d,10000,0,true,1,false,6505.0,0.0.3
1370449391463,0a9b49f5723d64eee9561719b971b827,999,0,true,1,false,6505.0,0.0.3
1370449391463,8a8078f79e1cb4125694338fa0ca62b2,499,2,false,0,false,6505.0,0.0.3
1370450581699,2d308c6f59934edd19ec6b26e91aec27,25,9,false,0,false,6540.0,0.0.3
1370450581699,079c93b2a178ccb28040a7832fcc2264,25,50,true,50,true,6540.0,0.0.3
1370450581699,105addc65dd1a75887f107e80b1b5955,1,6,false,0,false,6540.0,0.0.3
1370450581699,e8a5414f514000f1d940aa2b57af4a66,35,37,false,0,false,6540.0,0.0.3
1370450581699,1df5a1e914369ab1ce018343d6ca9b23,50,13,false,0,false,6540.0,0.0.3
1370450581699,4e636704d7c4998974c136956534bbf6,79,2,false,0,false,6540.0,0.0.3
1370450581699,f29885b7f53a8b19078dadc54c267758,99,3,true,10,false,6540.0,0.0.3
1370450581699,e879e35c182683ed7dc5c35326eea66c,149,2,false,0,false,6540.0,0.0.3
1370450581699,0e5ec4ff88278e5150b6758f03e7385d,299,4,true,5,false,6540.0,0.0.3
1370450581699,8a8078f79e1cb4125694338fa0ca62b2,499,2,false,0,false,6540.0,0.0.3
1370450581699,0a9b49f5723d64eee9561719b971b827,999,0,true,1,false,6540.0,0.0.3
1370450581699,448f4aee382cb9bf04e7fd7753ff7e3d,10000,0,true,1,false,6540.0,0.0.3
1370451184619,105addc65dd1a75887f107e80b1b5955,1,6,false,0,false,6575.0,0.0.3
1370451184619,2d308c6f59934edd19ec6b26e91aec27,25,9,false,0,false,6575.0,0.0.3
1370451184619,079c93b2a178ccb28040a7832fcc2264,25,50,true,50,true,6575.0,0.0.3
1370451184619,1df5a1e914369ab1ce018343d6ca9b23,50,13,false,0,false,6575.0,0.0.3
1370451184619,e8a5414f514000f1d940aa2b57af4a66,35,38,false,0,false,6575.0,0.0.3
1370451184619,4e636704d7c4998974c136956534bbf6,79,2,false,0,false,6575.0,0.0.3
1370451184619,f29885b7f53a8b19078dadc54c267758,99,3,true,10,false,6575.0,0.0.3
1370451184619,e879e35c182683ed7dc5c35326eea66c,149,2,false,0,false,6575.0,0.0.3
1370451184619,0e5ec4ff88278e5150b6758f03e7385d,299,4,true,5,false,6575.0,0.0.3
1370451184619,8a8078f79e1cb4125694338fa0ca62b2,499,2,false,0,false,6575.0,0.0.3
1370451184619,0a9b49f5723d64eee9561719b971b827,999,0,true,1,false,6575.0,0.0.3
1370451184619,448f4aee382cb9bf04e7fd7753ff7e3d,10000,0,true,1,false,6575.0,0.0.3
1370451786113,105addc65dd1a75887f107e80b1b5955,1,6,false,0,false,6540.0,0.0.3
1370451786113,079c93b2a178ccb28040a7832fcc2264,25,50,true,50,true,6540.0,0.0.3
1370451786113,1df5a1e914369ab1ce018343d6ca9b23,50,13,false,0,false,6540.0,0.0.3
1370451786113,e8a5414f514000f1d940aa2b57af4a66,35,37,false,0,false,6540.0,0.0.3
1370451786113,2d308c6f59934edd19ec6b26e91aec27,25,9,false,0,false,6540.0,0.0.3
1370451786113,4e636704d7c4998974c136956534bbf6,79,2,false,0,false,6540.0,0.0.3
1370451786113,f29885b7f53a8b19078dadc54c267758,99,3,true,10,false,6540.0,0.0.3
1370451786113,e879e35c182683ed7dc5c35326eea66c,149,2,false,0,false,6540.0,0.0.3
1370451786113,0e5ec4ff88278e5150b6758f03e7385d,299,4,true,5,false,6540.0,0.0.3
1370451786113,8a8078f79e1cb4125694338fa0ca62b2,499,2,false,0,false,6540.0,0.0.3
1370451786113,0a9b49f5723d64eee9561719b971b827,999,0,true,1,false,6540.0,0.0.3
1370451786113,448f4aee382cb9bf04e7fd7753ff7e3d,10000,0,true,1,false,6540.0,0.0.3
1370452384638,105addc65dd1a75887f107e80b1b5955,1,6,false,0,false,6575.0,0.0.3
1370452384638,2d308c6f59934edd19ec6b26e91aec27,25,9,false,0,false,6575.0,0.0.3
1370452384638,079c93b2a178ccb28040a7832fcc2264,25,50,true,50,true,6575.0,0.0.3
1370452384638,e8a5414f514000f1d940aa2b57af4a66,35,38,false,0,false,6575.0,0.0.3
1370452384638,1df5a1e914369ab1ce018343d6ca9b23,50,13,false,0,false,6575.0,0.0.3
1370452384638,4e636704d7c4998974c136956534bbf6,79,2,false,0,false,6575.0,0.0.3
1370452384638,f29885b7f53a8b19078dadc54c267758,99,3,true,10,false,6575.0,0.0.3
1370452384638,e879e35c182683ed7dc5c35326eea66c,149,2,false,0,false,6575.0,0.0.3
1370452384638,0e5ec4ff88278e5150b6758f03e7385d,299,4,true,5,false,6575.0,0.0.3
1370452384638,8a8078f79e1cb4125694338fa0ca62b2,499,2,false,0,false,6575.0,0.0.3
1370452384638,0a9b49f5723d64eee9561719b971b827,999,0,true,1,false,6575.0,0.0.3
1370452384638,448f4aee382cb9bf04e7fd7753ff7e3d,10000,0,true,1,false,6575.0,0.0.3
1370452987739,105addc65dd1a75887f107e80b1b5955,1,6,false,0,false,6635.0,0.0.3
1370452987739,2d308c6f59934edd19ec6b26e91aec27,25,10,false,0,false,6635.0,0.0.3
1370452987739,079c93b2a178ccb28040a7832fcc2264,25,50,true,50,true,6635.0,0.0.3
1370452987739,e8a5414f514000f1d940aa2b57af4a66,35,39,false,0,false,6635.0,0.0.3
1370452987739,1df5a1e914369ab1ce018343d6ca9b23,50,13,false,0,false,6635.0,0.0.3
1370452987739,4e636704d7c4998974c136956534bbf6,79,2,false,0,false,6635.0,0.0.3
1370452987739,f29885b7f53a8b19078dadc54c267758,99,3,true,10,false,6635.0,0.0.3
1370452987739,e879e35c182683ed7dc5c35326eea66c,149,2,false,0,false,6635.0,0.0.3
1370452987739,0e5ec4ff88278e5150b6758f03e7385d,299,4,true,5,false,6635.0,0.0.3
1370452987739,8a8078f79e1cb4125694338fa0ca62b2,499,2,false,0,false,6635.0,0.0.3
1370452987739,0a9b49f5723d64eee9561719b971b827,999,0,true,1,false,6635.0,0.0.3
1370452987739,448f4aee382cb9bf04e7fd7753ff7e3d,10000,0,true,1,false,6635.0,0.0.3
1370453592245,105addc65dd1a75887f107e80b1b5955,1,6,false,0,false,6670.0,0.0.3
1370453592245,079c93b2a178ccb28040a7832fcc2264,25,50,true,50,true,6670.0,0.0.3
1370453592245,2d308c6f59934edd19ec6b26e91aec27,25,10,false,0,false,6670.0,0.0.3
1370453592245,e8a5414f514000f1d940aa2b57af4a66,35,40,false,0,false,6670.0,0.0.3
1370453592245,1df5a1e914369ab1ce018343d6ca9b23,50,13,false,0,false,6670.0,0.0.3
1370453592245,4e636704d7c4998974c136956534bbf6,79,2,false,0,false,6670.0,0.0.3
1370453592245,f29885b7f53a8b19078dadc54c267758,99,3,true,10,false,6670.0,0.0.3
1370453592245,e879e35c182683ed7dc5c35326eea66c,149,2,false,0,false,6670.0,0.0.3
1370453592245,0e5ec4ff88278e5150b6758f03e7385d,299,4,true,5,false,6670.0,0.0.3
1370453592245,8a8078f79e1cb4125694338fa0ca62b2,499,2,false,0,false,6670.0,0.0.3
1370453592245,0a9b49f5723d64eee9561719b971b827,999,0,true,1,false,6670.0,0.0.3
1370453592245,448f4aee382cb9bf04e7fd7753ff7e3d,10000,0,true,1,false,6670.0,0.0.3
1370454186279,105addc65dd1a75887f107e80b1b5955,1,6,false,0,false,6705.0,0.0.3
1370454186279,2d308c6f59934edd19ec6b26e91aec27,25,10,false,0,false,6705.0,0.0.3
1370454186279,079c93b2a178ccb28040a7832fcc2264,25,50,true,50,true,6705.0,0.0.3
1370454186279,e8a5414f514000f1d940aa2b57af4a66,35,41,false,0,false,6705.0,0.0.3
1370454186279,1df5a1e914369ab1ce018343d6ca9b23,50,13,false,0,false,6705.0,0.0.3
1370454186279,4e636704d7c4998974c136956534bbf6,79,2,false,0,false,6705.0,0.0.3
1370454186279,f29885b7f53a8b19078dadc54c267758,99,3,true,10,false,6705.0,0.0.3
1370454186279,e879e35c182683ed7dc5c35326eea66c,149,2,false,0,false,6705.0,0.0.3
1370454186279,0e5ec4ff88278e5150b6758f03e7385d,299,4,true,5,false,6705.0,0.0.3
1370454186279,8a8078f79e1cb4125694338fa0ca62b2,499,2,false,0,false,6705.0,0.0.3
1370454186279,448f4aee382cb9bf04e7fd7753ff7e3d,10000,0,true,1,false,6705.0,0.0.3
1370454186279,0a9b49f5723d64eee9561719b971b827,999,0,true,1,false,6705.0,0.0.3
1370455392847,105addc65dd1a75887f107e80b1b5955,1,6,false,0,false,6740.0,0.0.3
1370455392847,2d308c6f59934edd19ec6b26e91aec27,25,10,false,0,false,6740.0,0.0.3
1370455392847,079c93b2a178ccb28040a7832fcc2264,25,50,true,50,true,6740.0,0.0.3
1370455392847,e8a5414f514000f1d940aa2b57af4a66,35,42,false,0,false,6740.0,0.0.3
1370455392847,1df5a1e914369ab1ce018343d6ca9b23,50,13,false,0,false,6740.0,0.0.3
1370455392847,4e636704d7c4998974c136956534bbf6,79,2,false,0,false,6740.0,0.0.3
1370455392847,f29885b7f53a8b19078dadc54c267758,99,3,true,10,false,6740.0,0.0.3
1370455392847,e879e35c182683ed7dc5c35326eea66c,149,2,false,0,false,6740.0,0.0.3
1370455392847,0e5ec4ff88278e5150b6758f03e7385d,299,4,true,5,false,6740.0,0.0.3
1370455392847,8a8078f79e1cb4125694338fa0ca62b2,499,2,false,0,false,6740.0,0.0.3
1370455392847,0a9b49f5723d64eee9561719b971b827,999,0,true,1,false,6740.0,0.0.3
1370455392847,448f4aee382cb9bf04e7fd7753ff7e3d,10000,0,true,1,false,6740.0,0.0.3
1370455986967,105addc65dd1a75887f107e80b1b5955,1,6,false,0,false,6790.0,0.0.3
1370455986967,2d308c6f59934edd19ec6b26e91aec27,25,10,false,0,false,6790.0,0.0.3
1370455986967,079c93b2a178ccb28040a7832fcc2264,25,50,true,50,true,6790.0,0.0.3
1370455986967,e8a5414f514000f1d940aa2b57af4a66,35,42,false,0,false,6790.0,0.0.3
1370455986967,1df5a1e914369ab1ce018343d6ca9b23,50,14,false,0,false,6790.0,0.0.3
1370455986967,4e636704d7c4998974c136956534bbf6,79,2,false,0,false,6790.0,0.0.3
1370455986967,f29885b7f53a8b19078dadc54c267758,99,3,true,10,false,6790.0,0.0.3
1370455986967,e879e35c182683ed7dc5c35326eea66c,149,2,false,0,false,6790.0,0.0.3
1370455986967,0e5ec4ff88278e5150b6758f03e7385d,299,4,true,5,false,6790.0,0.0.3
1370455986967,8a8078f79e1cb4125694338fa0ca62b2,499,2,false,0,false,6790.0,0.0.3
1370455986967,0a9b49f5723d64eee9561719b971b827,999,0,true,1,false,6790.0,0.0.3
1370455986967,448f4aee382cb9bf04e7fd7753ff7e3d,10000,0,true,1,false,6790.0,0.0.3
1370457787423,105addc65dd1a75887f107e80b1b5955,1,6,false,0,false,6860.0,0.0.3
1370457787423,2d308c6f59934edd19ec6b26e91aec27,25,10,false,0,false,6860.0,0.0.3
1370457787423,079c93b2a178ccb28040a7832fcc2264,25,50,true,50,true,6860.0,0.0.3
1370457787423,e8a5414f514000f1d940aa2b57af4a66,35,44,false,0,false,6860.0,0.0.3
1370457787423,1df5a1e914369ab1ce018343d6ca9b23,50,14,false,0,false,6860.0,0.0.3
1370457787423,4e636704d7c4998974c136956534bbf6,79,2,false,0,false,6860.0,0.0.3
1370457787423,f29885b7f53a8b19078dadc54c267758,99,3,true,10,false,6860.0,0.0.3
1370457787423,e879e35c182683ed7dc5c35326eea66c,149,2,false,0,false,6860.0,0.0.3
1370457787423,0e5ec4ff88278e5150b6758f03e7385d,299,4,true,5,false,6860.0,0.0.3
1370457787423,8a8078f79e1cb4125694338fa0ca62b2,499,2,false,0,false,6860.0,0.0.3
1370457787423,0a9b49f5723d64eee9561719b971b827,999,0,true,1,false,6860.0,0.0.3
1370457787423,448f4aee382cb9bf04e7fd7753ff7e3d,10000,0,true,1,false,6860.0,0.0.3
1370460193180,105addc65dd1a75887f107e80b1b5955,1,6,false,0,false,6939.0,0.0.3
1370460193180,2d308c6f59934edd19ec6b26e91aec27,25,10,false,0,false,6939.0,0.0.3
1370460193180,079c93b2a178ccb28040a7832fcc2264,25,50,true,50,true,6939.0,0.0.3
1370460193180,e8a5414f514000f1d940aa2b57af4a66,35,44,false,0,false,6939.0,0.0.3
1370460193180,1df5a1e914369ab1ce018343d6ca9b23,50,14,false,0,false,6939.0,0.0.3
1370460193180,4e636704d7c4998974c136956534bbf6,79,3,false,0,false,6939.0,0.0.3
1370460193180,f29885b7f53a8b19078dadc54c267758,99,3,true,10,false,6939.0,0.0.3
1370460193180,e879e35c182683ed7dc5c35326eea66c,149,2,false,0,false,6939.0,0.0.3
1370460193180,0e5ec4ff88278e5150b6758f03e7385d,299,4,true,5,false,6939.0,0.0.3
1370460193180,8a8078f79e1cb4125694338fa0ca62b2,499,2,false,0,false,6939.0,0.0.3
1370460193180,0a9b49f5723d64eee9561719b971b827,999,0,true,1,false,6939.0,0.0.3
1370460193180,448f4aee382cb9bf04e7fd7753ff7e3d,10000,0,true,1,false,6939.0,0.0.3
1370461995571,105addc65dd1a75887f107e80b1b5955,1,6,false,0,false,6974.0,0.0.3
1370461995571,2d308c6f59934edd19ec6b26e91aec27,25,10,false,0,false,6974.0,0.0.3
1370461995571,079c93b2a178ccb28040a7832fcc2264,25,50,true,50,true,6974.0,0.0.3
1370461995571,1df5a1e914369ab1ce018343d6ca9b23,50,14,false,0,false,6974.0,0.0.3
1370461995571,4e636704d7c4998974c136956534bbf6,79,3,false,0,false,6974.0,0.0.3
1370461995571,e8a5414f514000f1d940aa2b57af4a66,35,45,false,0,false,6974.0,0.0.3
1370461995571,f29885b7f53a8b19078dadc54c267758,99,3,true,10,false,6974.0,0.0.3
1370461995571,e879e35c182683ed7dc5c35326eea66c,149,2,false,0,false,6974.0,0.0.3
1370461995571,0e5ec4ff88278e5150b6758f03e7385d,299,4,true,5,false,6974.0,0.0.3
1370461995571,8a8078f79e1cb4125694338fa0ca62b2,499,2,false,0,false,6974.0,0.0.3
1370461995571,448f4aee382cb9bf04e7fd7753ff7e3d,10000,0,true,1,false,6974.0,0.0.3
1370461995571,0a9b49f5723d64eee9561719b971b827,999,0,true,1,false,6974.0,0.0.3
