1370438556603,153ece756361bcbc8165ccb6d1dd299f,29,0,true,1000,false,365.0,0.0.3
1370438556603,7ca6d6c37405a17cf1ec9a9bb5893106,25,4,true,100,false,365.0,0.0.3
1370438556603,f3d8cd7c9894d7c0f1fc09f195eea8d5,49,0,true,1000,false,365.0,0.0.3
1370438556603,67d0ddf1c8284a766c6fe1efd7eef2fc,55,0,true,1000,false,365.0,0.0.3
1370438556603,7333523293b27d57f6d88ba418cb5d9e,75,3,true,500,false,365.0,0.0.3
1370438556603,5b49cd36c2e98aee798dbc63c3780cf0,100,0,true,200,false,365.0,0.0.3
1370438556603,0c58d860a1d2ce392c4d270be77523f5,1000,0,true,5,false,365.0,0.0.3
1370439157258,7ca6d6c37405a17cf1ec9a9bb5893106,25,6,true,100,false,415.0,0.0.3
1370439157258,153ece756361bcbc8165ccb6d1dd299f,29,0,true,1000,false,415.0,0.0.3
1370439157258,7333523293b27d57f6d88ba418cb5d9e,75,3,true,500,false,415.0,0.0.3
1370439157258,f3d8cd7c9894d7c0f1fc09f195eea8d5,49,0,true,1000,false,415.0,0.0.3
1370439157258,67d0ddf1c8284a766c6fe1efd7eef2fc,55,0,true,1000,false,415.0,0.0.3
1370439157258,5b49cd36c2e98aee798dbc63c3780cf0,100,0,true,200,false,415.0,0.0.3
1370439157258,0c58d860a1d2ce392c4d270be77523f5,1000,0,true,5,false,415.0,0.0.3
1370440357301,7ca6d6c37405a17cf1ec9a9bb5893106,25,8,true,100,false,615.0,0.0.3
1370440357301,f3d8cd7c9894d7c0f1fc09f195eea8d5,49,0,true,1000,false,615.0,0.0.3
1370440357301,67d0ddf1c8284a766c6fe1efd7eef2fc,55,0,true,1000,false,615.0,0.0.3
1370440357301,153ece756361bcbc8165ccb6d1dd299f,29,0,true,1000,false,615.0,0.0.3
1370440357301,7333523293b27d57f6d88ba418cb5d9e,75,5,true,500,false,615.0,0.0.3
1370440357301,5b49cd36c2e98aee798dbc63c3780cf0,100,0,true,200,false,615.0,0.0.3
1370440357301,0c58d860a1d2ce392c4d270be77523f5,1000,0,true,5,false,615.0,0.0.3
1370440957798,7ca6d6c37405a17cf1ec9a9bb5893106,25,12,true,100,false,940.0,0.0.3
1370440957798,153ece756361bcbc8165ccb6d1dd299f,29,1,true,1000,false,940.0,0.0.3
1370440957798,f3d8cd7c9894d7c0f1fc09f195eea8d5,49,0,true,1000,false,940.0,0.0.3
1370440957798,67d0ddf1c8284a766c6fe1efd7eef2fc,55,0,true,1000,false,940.0,0.0.3
1370440957798,7333523293b27d57f6d88ba418cb5d9e,75,6,true,500,false,940.0,0.0.3
1370440957798,5b49cd36c2e98aee798dbc63c3780cf0,100,1,true,200,false,940.0,0.0.3
1370440957798,0c58d860a1d2ce392c4d270be77523f5,1000,0,true,5,false,940.0,0.0.3
1370441557320,f3d8cd7c9894d7c0f1fc09f195eea8d5,49,0,true,1000,false,1215.0,0.0.3
1370441557320,7333523293b27d57f6d88ba418cb5d9e,75,7,true,500,false,1215.0,0.0.3
1370441557320,67d0ddf1c8284a766c6fe1efd7eef2fc,55,0,true,1000,false,1215.0,0.0.3
1370441557320,153ece756361bcbc8165ccb6d1dd299f,29,1,true,1000,false,1215.0,0.0.3
1370441557320,7ca6d6c37405a17cf1ec9a9bb5893106,25,12,true,100,false,1215.0,0.0.3
1370441557320,5b49cd36c2e98aee798dbc63c3780cf0,100,2,true,200,false,1215.0,0.0.3
1370441557320,0c58d860a1d2ce392c4d270be77523f5,1000,0,true,5,false,1215.0,0.0.3
1370442158176,153ece756361bcbc8165ccb6d1dd299f,29,1,true,1000,false,1265.0,0.0.3
1370442158176,7ca6d6c37405a17cf1ec9a9bb5893106,25,14,true,100,false,1265.0,0.0.3
1370442158176,f3d8cd7c9894d7c0f1fc09f195eea8d5,49,0,true,1000,false,1265.0,0.0.3
1370442158176,67d0ddf1c8284a766c6fe1efd7eef2fc,55,0,true,1000,false,1265.0,0.0.3
1370442158176,7333523293b27d57f6d88ba418cb5d9e,75,7,true,500,false,1265.0,0.0.3
1370442158176,5b49cd36c2e98aee798dbc63c3780cf0,100,2,true,200,false,1265.0,0.0.3
1370442158176,0c58d860a1d2ce392c4d270be77523f5,1000,0,true,5,false,1265.0,0.0.3
1370442758131,7ca6d6c37405a17cf1ec9a9bb5893106,25,15,true,100,false,1339.0,0.0.3
1370442758131,153ece756361bcbc8165ccb6d1dd299f,29,2,true,1000,false,1339.0,0.0.3
1370442758131,f3d8cd7c9894d7c0f1fc09f195eea8d5,49,0,true,1000,false,1339.0,0.0.3
1370442758131,67d0ddf1c8284a766c6fe1efd7eef2fc,55,0,true,1000,false,1339.0,0.0.3
1370442758131,7333523293b27d57f6d88ba418cb5d9e,75,7,true,500,false,1339.0,0.0.3
1370442758131,5b49cd36c2e98aee798dbc63c3780cf0,100,2,true,200,false,1339.0,0.0.3
1370442758131,0c58d860a1d2ce392c4d270be77523f5,1000,0,true,5,false,1339.0,0.0.3
1370443358277,f3d8cd7c9894d7c0f1fc09f195eea8d5,49,0,true,1000,false,1434.0,0.0.3
1370443358277,153ece756361bcbc8165ccb6d1dd299f,29,2,true,1000,false,1434.0,0.0.3
1370443358277,5b49cd36c2e98aee798dbc63c3780cf0,100,2,true,200,false,1434.0,0.0.3
1370443358277,7333523293b27d57f6d88ba418cb5d9e,75,7,true,500,false,1434.0,0.0.3
1370443358277,67d0ddf1c8284a766c6fe1efd7eef2fc,55,0,true,1000,false,1434.0,0.0.3
1370443358277,7ca6d6c37405a17cf1ec9a9bb5893106,25,18,true,100,false,1434.0,0.0.3
1370443358277,0c58d860a1d2ce392c4d270be77523f5,1000,0,true,5,false,1434.0,0.0.3
1370443958542,7ca6d6c37405a17cf1ec9a9bb5893106,25,20,true,100,false,1484.0,0.0.3
1370443958542,153ece756361bcbc8165ccb6d1dd299f,29,2,true,1000,false,1484.0,0.0.3
1370443958542,f3d8cd7c9894d7c0f1fc09f195eea8d5,49,0,true,1000,false,1484.0,0.0.3
1370443958542,67d0ddf1c8284a766c6fe1efd7eef2fc,55,0,true,1000,false,1484.0,0.0.3
1370443958542,7333523293b27d57f6d88ba418cb5d9e,75,7,true,500,false,1484.0,0.0.3
1370443958542,5b49cd36c2e98aee798dbc63c3780cf0,100,2,true,200,false,1484.0,0.0.3
1370443958542,0c58d860a1d2ce392c4d270be77523f5,1000,0,true,5,false,1484.0,0.0.3
1370444558558,7ca6d6c37405a17cf1ec9a9bb5893106,25,21,true,100,false,1584.0,0.0.3
1370444558558,67d0ddf1c8284a766c6fe1efd7eef2fc,55,0,true,1000,false,1584.0,0.0.3
1370444558558,f3d8cd7c9894d7c0f1fc09f195eea8d5,49,0,true,1000,false,1584.0,0.0.3
1370444558558,7333523293b27d57f6d88ba418cb5d9e,75,8,true,500,false,1584.0,0.0.3
1370444558558,5b49cd36c2e98aee798dbc63c3780cf0,100,2,true,200,false,1584.0,0.0.3
1370444558558,0c58d860a1d2ce392c4d270be77523f5,1000,0,true,5,false,1584.0,0.0.3
1370444558558,153ece756361bcbc8165ccb6d1dd299f,29,2,true,1000,false,1584.0,0.0.3
1370445158926,7ca6d6c37405a17cf1ec9a9bb5893106,25,22,true,100,false,1638.0,0.0.3
1370445158926,f3d8cd7c9894d7c0f1fc09f195eea8d5,49,0,true,1000,false,1638.0,0.0.3
1370445158926,153ece756361bcbc8165ccb6d1dd299f,29,3,true,1000,false,1638.0,0.0.3
1370445158926,67d0ddf1c8284a766c6fe1efd7eef2fc,55,0,true,1000,false,1638.0,0.0.3
1370445158926,7333523293b27d57f6d88ba418cb5d9e,75,8,true,500,false,1638.0,0.0.3
1370445158926,5b49cd36c2e98aee798dbc63c3780cf0,100,2,true,200,false,1638.0,0.0.3
1370445158926,0c58d860a1d2ce392c4d270be77523f5,1000,0,true,5,false,1638.0,0.0.3
1370445759580,67d0ddf1c8284a766c6fe1efd7eef2fc,55,0,true,1000,false,1813.0,0.0.3
1370445759580,f3d8cd7c9894d7c0f1fc09f195eea8d5,49,0,true,1000,false,1813.0,0.0.3
1370445759580,153ece756361bcbc8165ccb6d1dd299f,29,3,true,1000,false,1813.0,0.0.3
1370445759580,7333523293b27d57f6d88ba418cb5d9e,75,9,true,500,false,1813.0,0.0.3
1370445759580,7ca6d6c37405a17cf1ec9a9bb5893106,25,22,true,100,false,1813.0,0.0.3
1370445759580,5b49cd36c2e98aee798dbc63c3780cf0,100,3,true,200,false,1813.0,0.0.3
1370445759580,0c58d860a1d2ce392c4d270be77523f5,1000,0,true,5,false,1813.0,0.0.3
1370446360001,7ca6d6c37405a17cf1ec9a9bb5893106,25,22,true,100,false,1888.0,0.0.3
1370446360001,153ece756361bcbc8165ccb6d1dd299f,29,3,true,1000,false,1888.0,0.0.3
1370446360001,f3d8cd7c9894d7c0f1fc09f195eea8d5,49,0,true,1000,false,1888.0,0.0.3
1370446360001,67d0ddf1c8284a766c6fe1efd7eef2fc,55,0,true,1000,false,1888.0,0.0.3
1370446360001,5b49cd36c2e98aee798dbc63c3780cf0,100,3,true,200,false,1888.0,0.0.3
1370446360001,7333523293b27d57f6d88ba418cb5d9e,75,10,true,500,false,1888.0,0.0.3
1370446360001,0c58d860a1d2ce392c4d270be77523f5,1000,0,true,5,false,1888.0,0.0.3
1370446959385,153ece756361bcbc8165ccb6d1dd299f,29,3,true,1000,false,2038.0,0.0.3
1370446959385,67d0ddf1c8284a766c6fe1efd7eef2fc,55,0,true,1000,false,2038.0,0.0.3
1370446959385,f3d8cd7c9894d7c0f1fc09f195eea8d5,49,0,true,1000,false,2038.0,0.0.3
1370446959385,7ca6d6c37405a17cf1ec9a9bb5893106,25,24,true,100,false,2038.0,0.0.3
1370446959385,7333523293b27d57f6d88ba418cb5d9e,75,10,true,500,false,2038.0,0.0.3
1370446959385,5b49cd36c2e98aee798dbc63c3780cf0,100,4,true,200,false,2038.0,0.0.3
1370446959385,0c58d860a1d2ce392c4d270be77523f5,1000,0,true,5,false,2038.0,0.0.3
1370447560200,7ca6d6c37405a17cf1ec9a9bb5893106,25,28,true,100,false,2213.0,0.0.3
1370447560200,153ece756361bcbc8165ccb6d1dd299f,29,3,true,1000,false,2213.0,0.0.3
1370447560200,f3d8cd7c9894d7c0f1fc09f195eea8d5,49,0,true,1000,false,2213.0,0.0.3
1370447560200,67d0ddf1c8284a766c6fe1efd7eef2fc,55,0,true,1000,false,2213.0,0.0.3
1370447560200,7333523293b27d57f6d88ba418cb5d9e,75,11,true,500,false,2213.0,0.0.3
1370447560200,5b49cd36c2e98aee798dbc63c3780cf0,100,4,true,200,false,2213.0,0.0.3
1370447560200,0c58d860a1d2ce392c4d270be77523f5,1000,0,true,5,false,2213.0,0.0.3
1370448159858,f3d8cd7c9894d7c0f1fc09f195eea8d5,49,0,true,1000,false,2242.0,0.0.3
1370448159858,153ece756361bcbc8165ccb6d1dd299f,29,4,true,1000,false,2242.0,0.0.3
1370448159858,67d0ddf1c8284a766c6fe1efd7eef2fc,55,0,true,1000,false,2242.0,0.0.3
1370448159858,7333523293b27d57f6d88ba418cb5d9e,75,11,true,500,false,2242.0,0.0.3
1370448159858,5b49cd36c2e98aee798dbc63c3780cf0,100,4,true,200,false,2242.0,0.0.3
1370448159858,0c58d860a1d2ce392c4d270be77523f5,1000,0,true,5,false,2242.0,0.0.3
1370448159858,7ca6d6c37405a17cf1ec9a9bb5893106,25,28,true,100,false,2242.0,0.0.3
1370448760192,7ca6d6c37405a17cf1ec9a9bb5893106,25,31,true,100,false,2317.0,0.0.3
1370448760192,153ece756361bcbc8165ccb6d1dd299f,29,4,true,1000,false,2317.0,0.0.3
1370448760192,f3d8cd7c9894d7c0f1fc09f195eea8d5,49,0,true,1000,false,2317.0,0.0.3
1370448760192,67d0ddf1c8284a766c6fe1efd7eef2fc,55,0,true,1000,false,2317.0,0.0.3
1370448760192,7333523293b27d57f6d88ba418cb5d9e,75,11,true,500,false,2317.0,0.0.3
1370448760192,5b49cd36c2e98aee798dbc63c3780cf0,100,4,true,200,false,2317.0,0.0.3
1370448760192,0c58d860a1d2ce392c4d270be77523f5,1000,0,true,5,false,2317.0,0.0.3
1370449961794,7ca6d6c37405a17cf1ec9a9bb5893106,25,34,true,100,false,2467.0,0.0.3
1370449961794,153ece756361bcbc8165ccb6d1dd299f,29,4,true,1000,false,2467.0,0.0.3
1370449961794,f3d8cd7c9894d7c0f1fc09f195eea8d5,49,0,true,1000,false,2467.0,0.0.3
1370449961794,67d0ddf1c8284a766c6fe1efd7eef2fc,55,0,true,1000,false,2467.0,0.0.3
1370449961794,7333523293b27d57f6d88ba418cb5d9e,75,12,true,500,false,2467.0,0.0.3
1370449961794,5b49cd36c2e98aee798dbc63c3780cf0,100,4,true,200,false,2467.0,0.0.3
1370449961794,0c58d860a1d2ce392c4d270be77523f5,1000,0,true,5,false,2467.0,0.0.3
1370451162902,7ca6d6c37405a17cf1ec9a9bb5893106,25,35,true,100,false,2592.0,0.0.3
1370451162902,153ece756361bcbc8165ccb6d1dd299f,29,4,true,1000,false,2592.0,0.0.3
1370451162902,f3d8cd7c9894d7c0f1fc09f195eea8d5,49,0,true,1000,false,2592.0,0.0.3
1370451162902,7333523293b27d57f6d88ba418cb5d9e,75,12,true,500,false,2592.0,0.0.3
1370451162902,67d0ddf1c8284a766c6fe1efd7eef2fc,55,0,true,1000,false,2592.0,0.0.3
1370451162902,0c58d860a1d2ce392c4d270be77523f5,1000,0,true,5,false,2592.0,0.0.3
1370451162902,5b49cd36c2e98aee798dbc63c3780cf0,100,5,true,200,false,2592.0,0.0.3
1370451762660,153ece756361bcbc8165ccb6d1dd299f,29,4,true,1000,false,2642.0,0.0.3
1370451762660,f3d8cd7c9894d7c0f1fc09f195eea8d5,49,0,true,1000,false,2642.0,0.0.3
1370451762660,7ca6d6c37405a17cf1ec9a9bb5893106,25,37,true,100,false,2642.0,0.0.3
1370451762660,67d0ddf1c8284a766c6fe1efd7eef2fc,55,0,true,1000,false,2642.0,0.0.3
1370451762660,7333523293b27d57f6d88ba418cb5d9e,75,12,true,500,false,2642.0,0.0.3
1370451762660,5b49cd36c2e98aee798dbc63c3780cf0,100,5,true,200,false,2642.0,0.0.3
1370451762660,0c58d860a1d2ce392c4d270be77523f5,1000,0,true,5,false,2642.0,0.0.3
1370452362727,153ece756361bcbc8165ccb6d1dd299f,29,4,true,1000,false,2667.0,0.0.3
1370452362727,7ca6d6c37405a17cf1ec9a9bb5893106,25,38,true,100,false,2667.0,0.0.3
1370452362727,f3d8cd7c9894d7c0f1fc09f195eea8d5,49,0,true,1000,false,2667.0,0.0.3
1370452362727,67d0ddf1c8284a766c6fe1efd7eef2fc,55,0,true,1000,false,2667.0,0.0.3
1370452362727,7333523293b27d57f6d88ba418cb5d9e,75,12,true,500,false,2667.0,0.0.3
1370452362727,5b49cd36c2e98aee798dbc63c3780cf0,100,5,true,200,false,2667.0,0.0.3
1370452362727,0c58d860a1d2ce392c4d270be77523f5,1000,0,true,5,false,2667.0,0.0.3
1370452965018,153ece756361bcbc8165ccb6d1dd299f,29,4,true,1000,false,2787.0,0.0.3
1370452965018,f3d8cd7c9894d7c0f1fc09f195eea8d5,49,0,true,1000,false,2787.0,0.0.3
1370452965018,67d0ddf1c8284a766c6fe1efd7eef2fc,55,0,true,1000,false,2787.0,0.0.3
1370452965018,7ca6d6c37405a17cf1ec9a9bb5893106,25,42,true,100,false,2787.0,0.0.3
1370452965018,7333523293b27d57f6d88ba418cb5d9e,75,12,true,500,false,2787.0,0.0.3
1370452965018,5b49cd36c2e98aee798dbc63c3780cf0,100,5,true,200,false,2787.0,0.0.3
1370452965018,0c58d860a1d2ce392c4d270be77523f5,1000,0,true,5,false,2787.0,0.0.3
1370453564770,7ca6d6c37405a17cf1ec9a9bb5893106,25,42,true,100,false,2837.0,0.0.3
1370453564770,153ece756361bcbc8165ccb6d1dd299f,29,4,true,1000,false,2837.0,0.0.3
1370453564770,f3d8cd7c9894d7c0f1fc09f195eea8d5,49,0,true,1000,false,2837.0,0.0.3
1370453564770,67d0ddf1c8284a766c6fe1efd7eef2fc,55,0,true,1000,false,2837.0,0.0.3
1370453564770,7333523293b27d57f6d88ba418cb5d9e,75,13,true,500,false,2837.0,0.0.3
1370453564770,5b49cd36c2e98aee798dbc63c3780cf0,100,5,true,200,false,2837.0,0.0.3
1370453564770,0c58d860a1d2ce392c4d270be77523f5,1000,0,true,5,false,2837.0,0.0.3
1370454764819,153ece756361bcbc8165ccb6d1dd299f,29,4,true,1000,false,3887.0,0.0.3
1370454764819,f3d8cd7c9894d7c0f1fc09f195eea8d5,49,0,true,1000,false,3887.0,0.0.3
1370454764819,7ca6d6c37405a17cf1ec9a9bb5893106,25,43,true,100,false,3887.0,0.0.3
1370454764819,67d0ddf1c8284a766c6fe1efd7eef2fc,55,0,true,1000,false,3887.0,0.0.3
1370454764819,7333523293b27d57f6d88ba418cb5d9e,75,13,true,500,false,3887.0,0.0.3
1370454764819,5b49cd36c2e98aee798dbc63c3780cf0,100,5,true,200,false,3887.0,0.0.3
1370454764819,0c58d860a1d2ce392c4d270be77523f5,1000,1,true,5,false,3887.0,0.0.3
1370455365249,153ece756361bcbc8165ccb6d1dd299f,29,4,true,1000,false,3912.0,0.0.3
1370455365249,67d0ddf1c8284a766c6fe1efd7eef2fc,55,0,true,1000,false,3912.0,0.0.3
1370455365249,f3d8cd7c9894d7c0f1fc09f195eea8d5,49,0,true,1000,false,3912.0,0.0.3
1370455365249,7333523293b27d57f6d88ba418cb5d9e,75,13,true,500,false,3912.0,0.0.3
1370455365249,5b49cd36c2e98aee798dbc63c3780cf0,100,5,true,200,false,3912.0,0.0.3
1370455365249,7ca6d6c37405a17cf1ec9a9bb5893106,25,44,true,100,false,3912.0,0.0.3
1370455365249,0c58d860a1d2ce392c4d270be77523f5,1000,1,true,5,false,3912.0,0.0.3
1370455964902,f3d8cd7c9894d7c0f1fc09f195eea8d5,49,0,true,1000,false,4037.0,0.0.3
1370455964902,7ca6d6c37405a17cf1ec9a9bb5893106,25,45,true,100,false,4037.0,0.0.3
1370455964902,153ece756361bcbc8165ccb6d1dd299f,29,4,true,1000,false,4037.0,0.0.3
1370455964902,7333523293b27d57f6d88ba418cb5d9e,75,13,true,500,false,4037.0,0.0.3
1370455964902,67d0ddf1c8284a766c6fe1efd7eef2fc,55,0,true,1000,false,4037.0,0.0.3
1370455964902,5b49cd36c2e98aee798dbc63c3780cf0,100,6,true,200,false,4037.0,0.0.3
1370455964902,0c58d860a1d2ce392c4d270be77523f5,1000,1,true,5,false,4037.0,0.0.3
1370457166171,153ece756361bcbc8165ccb6d1dd299f,29,4,true,1000,false,4112.0,0.0.3
1370457166171,67d0ddf1c8284a766c6fe1efd7eef2fc,55,0,true,1000,false,4112.0,0.0.3
1370457166171,f3d8cd7c9894d7c0f1fc09f195eea8d5,49,0,true,1000,false,4112.0,0.0.3
1370457166171,7333523293b27d57f6d88ba418cb5d9e,75,14,true,500,false,4112.0,0.0.3
1370457166171,5b49cd36c2e98aee798dbc63c3780cf0,100,6,true,200,false,4112.0,0.0.3
1370457166171,0c58d860a1d2ce392c4d270be77523f5,1000,1,true,5,false,4112.0,0.0.3
1370457166171,7ca6d6c37405a17cf1ec9a9bb5893106,25,45,true,100,false,4112.0,0.0.3
1370457766781,153ece756361bcbc8165ccb6d1dd299f,29,4,true,1000,false,4162.0,0.0.3
1370457766781,7ca6d6c37405a17cf1ec9a9bb5893106,25,47,true,100,false,4162.0,0.0.3
1370457766781,f3d8cd7c9894d7c0f1fc09f195eea8d5,49,0,true,1000,false,4162.0,0.0.3
1370457766781,67d0ddf1c8284a766c6fe1efd7eef2fc,55,0,true,1000,false,4162.0,0.0.3
1370457766781,7333523293b27d57f6d88ba418cb5d9e,75,14,true,500,false,4162.0,0.0.3
1370457766781,5b49cd36c2e98aee798dbc63c3780cf0,100,6,true,200,false,4162.0,0.0.3
1370457766781,0c58d860a1d2ce392c4d270be77523f5,1000,1,true,5,false,4162.0,0.0.3
1370458368097,7ca6d6c37405a17cf1ec9a9bb5893106,25,47,true,100,false,4287.0,0.0.3
1370458368097,153ece756361bcbc8165ccb6d1dd299f,29,4,true,1000,false,4287.0,0.0.3
1370458368097,f3d8cd7c9894d7c0f1fc09f195eea8d5,49,0,true,1000,false,4287.0,0.0.3
1370458368097,67d0ddf1c8284a766c6fe1efd7eef2fc,55,0,true,1000,false,4287.0,0.0.3
1370458368097,7333523293b27d57f6d88ba418cb5d9e,75,15,true,500,false,4287.0,0.0.3
1370458368097,5b49cd36c2e98aee798dbc63c3780cf0,100,6,true,200,false,4287.0,0.0.3
1370458368097,0c58d860a1d2ce392c4d270be77523f5,1000,1,true,5,false,4287.0,0.0.3
1370458968067,7ca6d6c37405a17cf1ec9a9bb5893106,25,50,true,100,false,4362.0,0.0.3
1370458968067,153ece756361bcbc8165ccb6d1dd299f,29,4,true,1000,false,4362.0,0.0.3
1370458968067,f3d8cd7c9894d7c0f1fc09f195eea8d5,49,0,true,1000,false,4362.0,0.0.3
1370458968067,67d0ddf1c8284a766c6fe1efd7eef2fc,55,0,true,1000,false,4362.0,0.0.3
1370458968067,7333523293b27d57f6d88ba418cb5d9e,75,15,true,500,false,4362.0,0.0.3
1370458968067,5b49cd36c2e98aee798dbc63c3780cf0,100,6,true,200,false,4362.0,0.0.3
1370458968067,0c58d860a1d2ce392c4d270be77523f5,1000,1,true,5,false,4362.0,0.0.3
1370459568523,7ca6d6c37405a17cf1ec9a9bb5893106,25,51,true,100,false,4387.0,0.0.3
1370459568523,153ece756361bcbc8165ccb6d1dd299f,29,4,true,1000,false,4387.0,0.0.3
1370459568523,f3d8cd7c9894d7c0f1fc09f195eea8d5,49,0,true,1000,false,4387.0,0.0.3
1370459568523,67d0ddf1c8284a766c6fe1efd7eef2fc,55,0,true,1000,false,4387.0,0.0.3
1370459568523,7333523293b27d57f6d88ba418cb5d9e,75,15,true,500,false,4387.0,0.0.3
1370459568523,5b49cd36c2e98aee798dbc63c3780cf0,100,6,true,200,false,4387.0,0.0.3
1370459568523,0c58d860a1d2ce392c4d270be77523f5,1000,1,true,5,false,4387.0,0.0.3
1370460171453,7ca6d6c37405a17cf1ec9a9bb5893106,25,52,true,100,false,4496.0,0.0.3
1370460171453,153ece756361bcbc8165ccb6d1dd299f,29,5,true,1000,false,4496.0,0.0.3
1370460171453,f3d8cd7c9894d7c0f1fc09f195eea8d5,49,0,true,1000,false,4496.0,0.0.3
1370460171453,67d0ddf1c8284a766c6fe1efd7eef2fc,55,1,true,1000,false,4496.0,0.0.3
1370460171453,7333523293b27d57f6d88ba418cb5d9e,75,15,true,500,false,4496.0,0.0.3
1370460171453,5b49cd36c2e98aee798dbc63c3780cf0,100,6,true,200,false,4496.0,0.0.3
1370460171453,0c58d860a1d2ce392c4d270be77523f5,1000,1,true,5,false,4496.0,0.0.3
1370461370979,7ca6d6c37405a17cf1ec9a9bb5893106,25,53,true,100,false,4521.0,0.0.3
1370461370979,67d0ddf1c8284a766c6fe1efd7eef2fc,55,1,true,1000,false,4521.0,0.0.3
1370461370979,f3d8cd7c9894d7c0f1fc09f195eea8d5,49,0,true,1000,false,4521.0,0.0.3
1370461370979,7333523293b27d57f6d88ba418cb5d9e,75,15,true,500,false,4521.0,0.0.3
1370461370979,5b49cd36c2e98aee798dbc63c3780cf0,100,6,true,200,false,4521.0,0.0.3
1370461370979,0c58d860a1d2ce392c4d270be77523f5,1000,1,true,5,false,4521.0,0.0.3
1370461370979,153ece756361bcbc8165ccb6d1dd299f,29,5,true,1000,false,4521.0,0.0.3
1370461972357,153ece756361bcbc8165ccb6d1dd299f,29,5,true,1000,false,4546.0,0.0.3
1370461972357,67d0ddf1c8284a766c6fe1efd7eef2fc,55,1,true,1000,false,4546.0,0.0.3
1370461972357,f3d8cd7c9894d7c0f1fc09f195eea8d5,49,0,true,1000,false,4546.0,0.0.3
1370461972357,7333523293b27d57f6d88ba418cb5d9e,75,15,true,500,false,4546.0,0.0.3
1370461972357,5b49cd36c2e98aee798dbc63c3780cf0,100,6,true,200,false,4546.0,0.0.3
1370461972357,7ca6d6c37405a17cf1ec9a9bb5893106,25,54,true,100,false,4546.0,0.0.3
1370461972357,0c58d860a1d2ce392c4d270be77523f5,1000,1,true,5,false,4546.0,0.0.3
1370462571879,7ca6d6c37405a17cf1ec9a9bb5893106,25,55,true,100,false,4571.0,0.0.3
1370462571879,153ece756361bcbc8165ccb6d1dd299f,29,5,true,1000,false,4571.0,0.0.3
1370462571879,f3d8cd7c9894d7c0f1fc09f195eea8d5,49,0,true,1000,false,4571.0,0.0.3
1370462571879,67d0ddf1c8284a766c6fe1efd7eef2fc,55,1,true,1000,false,4571.0,0.0.3
1370462571879,7333523293b27d57f6d88ba418cb5d9e,75,15,true,500,false,4571.0,0.0.3
1370462571879,5b49cd36c2e98aee798dbc63c3780cf0,100,6,true,200,false,4571.0,0.0.3
1370462571879,0c58d860a1d2ce392c4d270be77523f5,1000,1,true,5,false,4571.0,0.0.3
1370463172235,7ca6d6c37405a17cf1ec9a9bb5893106,25,55,true,100,false,4600.0,0.0.3
1370463172235,153ece756361bcbc8165ccb6d1dd299f,29,6,true,1000,false,4600.0,0.0.3
1370463172235,f3d8cd7c9894d7c0f1fc09f195eea8d5,49,0,true,1000,false,4600.0,0.0.3
1370463172235,67d0ddf1c8284a766c6fe1efd7eef2fc,55,1,true,1000,false,4600.0,0.0.3
1370463172235,7333523293b27d57f6d88ba418cb5d9e,75,15,true,500,false,4600.0,0.0.3
1370463172235,0c58d860a1d2ce392c4d270be77523f5,1000,1,true,5,false,4600.0,0.0.3
1370463172235,5b49cd36c2e98aee798dbc63c3780cf0,100,6,true,200,false,4600.0,0.0.3
1370464974960,7ca6d6c37405a17cf1ec9a9bb5893106,25,55,true,100,false,4655.0,0.0.3
1370464974960,153ece756361bcbc8165ccb6d1dd299f,29,6,true,1000,false,4655.0,0.0.3
1370464974960,f3d8cd7c9894d7c0f1fc09f195eea8d5,49,0,true,1000,false,4655.0,0.0.3
1370464974960,67d0ddf1c8284a766c6fe1efd7eef2fc,55,2,true,1000,false,4655.0,0.0.3
1370464974960,7333523293b27d57f6d88ba418cb5d9e,75,15,true,500,false,4655.0,0.0.3
1370464974960,5b49cd36c2e98aee798dbc63c3780cf0,100,6,true,200,false,4655.0,0.0.3
1370464974960,0c58d860a1d2ce392c4d270be77523f5,1000,1,true,5,false,4655.0,0.0.3
1370465574660,7ca6d6c37405a17cf1ec9a9bb5893106,25,56,true,100,false,4700.0,0.0.3
1370465574660,153ece756361bcbc8165ccb6d1dd299f,29,6,true,1000,false,4700.0,0.0.3
1370465574660,f3d8cd7c9894d7c0f1fc09f195eea8d5,49,0,true,1000,false,4700.0,0.0.3
1370465574660,67d0ddf1c8284a766c6fe1efd7eef2fc,55,2,true,1000,false,4700.0,0.0.3
1370465574660,7333523293b27d57f6d88ba418cb5d9e,75,15,true,500,false,4700.0,0.0.3
1370465574660,5b49cd36c2e98aee798dbc63c3780cf0,100,6,true,200,false,4700.0,0.0.3
1370465574660,0c58d860a1d2ce392c4d270be77523f5,1000,1,true,5,false,4700.0,0.0.3
1370467378948,7ca6d6c37405a17cf1ec9a9bb5893106,25,58,true,100,false,4770.0,0.0.3
1370467378948,153ece756361bcbc8165ccb6d1dd299f,29,6,true,1000,false,4770.0,0.0.3
1370467378948,f3d8cd7c9894d7c0f1fc09f195eea8d5,49,0,true,1000,false,4770.0,0.0.3
1370467378948,67d0ddf1c8284a766c6fe1efd7eef2fc,55,2,true,1000,false,4770.0,0.0.3
1370467378948,7333523293b27d57f6d88ba418cb5d9e,75,15,true,500,false,4770.0,0.0.3
1370467378948,5b49cd36c2e98aee798dbc63c3780cf0,100,6,true,200,false,4770.0,0.0.3
1370467378948,0c58d860a1d2ce392c4d270be77523f5,1000,1,true,5,false,4770.0,0.0.3
1370467977561,153ece756361bcbc8165ccb6d1dd299f,29,6,true,1000,false,4870.0,0.0.3
1370467977561,67d0ddf1c8284a766c6fe1efd7eef2fc,55,2,true,1000,false,4870.0,0.0.3
1370467977561,7ca6d6c37405a17cf1ec9a9bb5893106,25,59,true,100,false,4870.0,0.0.3
1370467977561,f3d8cd7c9894d7c0f1fc09f195eea8d5,49,0,true,1000,false,4870.0,0.0.3
1370467977561,7333523293b27d57f6d88ba418cb5d9e,75,16,true,500,false,4870.0,0.0.3
1370467977561,5b49cd36c2e98aee798dbc63c3780cf0,100,6,true,200,false,4870.0,0.0.3
1370467977561,0c58d860a1d2ce392c4d270be77523f5,1000,1,true,5,false,4870.0,0.0.3
1370468577766,7ca6d6c37405a17cf1ec9a9bb5893106,25,62,true,100,false,4965.0,0.0.3
1370468577766,f3d8cd7c9894d7c0f1fc09f195eea8d5,49,0,true,1000,false,4965.0,0.0.3
1370468577766,153ece756361bcbc8165ccb6d1dd299f,29,6,true,1000,false,4965.0,0.0.3
1370468577766,67d0ddf1c8284a766c6fe1efd7eef2fc,55,2,true,1000,false,4965.0,0.0.3
1370468577766,7333523293b27d57f6d88ba418cb5d9e,75,16,true,500,false,4965.0,0.0.3
1370468577766,5b49cd36c2e98aee798dbc63c3780cf0,100,6,true,200,false,4965.0,0.0.3
1370468577766,0c58d860a1d2ce392c4d270be77523f5,1000,1,true,5,false,4965.0,0.0.3
1370469177940,153ece756361bcbc8165ccb6d1dd299f,29,6,true,1000,false,5015.0,0.0.3
1370469177940,f3d8cd7c9894d7c0f1fc09f195eea8d5,49,0,true,1000,false,5015.0,0.0.3
1370469177940,7ca6d6c37405a17cf1ec9a9bb5893106,25,63,true,100,false,5015.0,0.0.3
1370469177940,67d0ddf1c8284a766c6fe1efd7eef2fc,55,2,true,1000,false,5015.0,0.0.3
1370469177940,5b49cd36c2e98aee798dbc63c3780cf0,100,6,true,200,false,5015.0,0.0.3
1370469177940,7333523293b27d57f6d88ba418cb5d9e,75,16,true,500,false,5015.0,0.0.3
1370469177940,0c58d860a1d2ce392c4d270be77523f5,1000,1,true,5,false,5015.0,0.0.3
1370469777762,7ca6d6c37405a17cf1ec9a9bb5893106,25,64,true,100,false,5098.0,0.0.3
1370469777762,153ece756361bcbc8165ccb6d1dd299f,29,8,true,1000,false,5098.0,0.0.3
1370469777762,f3d8cd7c9894d7c0f1fc09f195eea8d5,49,0,true,1000,false,5098.0,0.0.3
1370469777762,67d0ddf1c8284a766c6fe1efd7eef2fc,55,2,true,1000,false,5098.0,0.0.3
1370469777762,7333523293b27d57f6d88ba418cb5d9e,75,16,true,500,false,5098.0,0.0.3
1370469777762,5b49cd36c2e98aee798dbc63c3780cf0,100,6,true,200,false,5098.0,0.0.3
1370469777762,0c58d860a1d2ce392c4d270be77523f5,1000,1,true,5,false,5098.0,0.0.3
1370470980341,67d0ddf1c8284a766c6fe1efd7eef2fc,55,2,true,1000,false,5123.0,0.0.3
1370470980341,153ece756361bcbc8165ccb6d1dd299f,29,8,true,1000,false,5123.0,0.0.3
1370470980341,f3d8cd7c9894d7c0f1fc09f195eea8d5,49,0,true,1000,false,5123.0,0.0.3
1370470980341,7ca6d6c37405a17cf1ec9a9bb5893106,25,64,true,100,false,5123.0,0.0.3
1370470980341,7333523293b27d57f6d88ba418cb5d9e,75,17,true,500,false,5123.0,0.0.3
1370470980341,0c58d860a1d2ce392c4d270be77523f5,1000,1,true,5,false,5123.0,0.0.3
1370470980341,5b49cd36c2e98aee798dbc63c3780cf0,100,6,true,200,false,5123.0,0.0.3
1370471577638,7ca6d6c37405a17cf1ec9a9bb5893106,25,63,true,100,false,5183.0,0.0.3
1370471577638,f3d8cd7c9894d7c0f1fc09f195eea8d5,49,0,true,1000,false,5183.0,0.0.3
1370471577638,153ece756361bcbc8165ccb6d1dd299f,29,8,true,1000,false,5183.0,0.0.3
1370471577638,67d0ddf1c8284a766c6fe1efd7eef2fc,55,3,true,1000,false,5183.0,0.0.3
1370471577638,7333523293b27d57f6d88ba418cb5d9e,75,17,true,500,false,5183.0,0.0.3
1370471577638,5b49cd36c2e98aee798dbc63c3780cf0,100,6,true,200,false,5183.0,0.0.3
1370471577638,0c58d860a1d2ce392c4d270be77523f5,1000,1,true,5,false,5183.0,0.0.3
1370472781374,153ece756361bcbc8165ccb6d1dd299f,29,8,true,1000,false,5228.0,0.0.3
1370472781374,f3d8cd7c9894d7c0f1fc09f195eea8d5,49,0,true,1000,false,5228.0,0.0.3
1370472781374,67d0ddf1c8284a766c6fe1efd7eef2fc,55,3,true,1000,false,5228.0,0.0.3
1370472781374,7ca6d6c37405a17cf1ec9a9bb5893106,25,64,true,100,false,5228.0,0.0.3
1370472781374,7333523293b27d57f6d88ba418cb5d9e,75,17,true,500,false,5228.0,0.0.3
1370472781374,5b49cd36c2e98aee798dbc63c3780cf0,100,6,true,200,false,5228.0,0.0.3
1370472781374,0c58d860a1d2ce392c4d270be77523f5,1000,1,true,5,false,5228.0,0.0.3
1370473378535,153ece756361bcbc8165ccb6d1dd299f,29,8,true,1000,false,5253.0,0.0.3
1370473378535,67d0ddf1c8284a766c6fe1efd7eef2fc,55,3,true,1000,false,5253.0,0.0.3
1370473378535,7333523293b27d57f6d88ba418cb5d9e,75,17,true,500,false,5253.0,0.0.3
1370473378535,7ca6d6c37405a17cf1ec9a9bb5893106,25,65,true,100,false,5253.0,0.0.3
1370473378535,f3d8cd7c9894d7c0f1fc09f195eea8d5,49,0,true,1000,false,5253.0,0.0.3
1370473378535,5b49cd36c2e98aee798dbc63c3780cf0,100,6,true,200,false,5253.0,0.0.3
1370473378535,0c58d860a1d2ce392c4d270be77523f5,1000,1,true,5,false,5253.0,0.0.3
1370473979587,153ece756361bcbc8165ccb6d1dd299f,29,8,true,1000,false,5278.0,0.0.3
1370473979587,f3d8cd7c9894d7c0f1fc09f195eea8d5,49,0,true,1000,false,5278.0,0.0.3
1370473979587,67d0ddf1c8284a766c6fe1efd7eef2fc,55,3,true,1000,false,5278.0,0.0.3
1370473979587,7333523293b27d57f6d88ba418cb5d9e,75,17,true,500,false,5278.0,0.0.3
1370473979587,7ca6d6c37405a17cf1ec9a9bb5893106,25,66,true,100,false,5278.0,0.0.3
1370473979587,5b49cd36c2e98aee798dbc63c3780cf0,100,6,true,200,false,5278.0,0.0.3
1370473979587,0c58d860a1d2ce392c4d270be77523f5,1000,1,true,5,false,5278.0,0.0.3
1370474584926,7ca6d6c37405a17cf1ec9a9bb5893106,25,67,true,100,false,5303.0,0.0.3
1370474584926,153ece756361bcbc8165ccb6d1dd299f,29,8,true,1000,false,5303.0,0.0.3
1370474584926,f3d8cd7c9894d7c0f1fc09f195eea8d5,49,0,true,1000,false,5303.0,0.0.3
1370474584926,67d0ddf1c8284a766c6fe1efd7eef2fc,55,3,true,1000,false,5303.0,0.0.3
1370474584926,7333523293b27d57f6d88ba418cb5d9e,75,17,true,500,false,5303.0,0.0.3
1370474584926,5b49cd36c2e98aee798dbc63c3780cf0,100,6,true,200,false,5303.0,0.0.3
1370474584926,0c58d860a1d2ce392c4d270be77523f5,1000,1,true,5,false,5303.0,0.0.3
1370476981767,7ca6d6c37405a17cf1ec9a9bb5893106,25,68,true,100,false,5328.0,0.0.3
1370476981767,153ece756361bcbc8165ccb6d1dd299f,29,8,true,1000,false,5328.0,0.0.3
1370476981767,f3d8cd7c9894d7c0f1fc09f195eea8d5,49,0,true,1000,false,5328.0,0.0.3
1370476981767,67d0ddf1c8284a766c6fe1efd7eef2fc,55,3,true,1000,false,5328.0,0.0.3
1370476981767,7333523293b27d57f6d88ba418cb5d9e,75,17,true,500,false,5328.0,0.0.3
1370476981767,5b49cd36c2e98aee798dbc63c3780cf0,100,6,true,200,false,5328.0,0.0.3
1370476981767,0c58d860a1d2ce392c4d270be77523f5,1000,1,true,5,false,5328.0,0.0.3
1370477581328,7ca6d6c37405a17cf1ec9a9bb5893106,25,71,true,100,false,5527.0,0.0.3
1370477581328,153ece756361bcbc8165ccb6d1dd299f,29,9,true,1000,false,5527.0,0.0.3
1370477581328,f3d8cd7c9894d7c0f1fc09f195eea8d5,49,0,true,1000,false,5527.0,0.0.3
1370477581328,67d0ddf1c8284a766c6fe1efd7eef2fc,55,3,true,1000,false,5527.0,0.0.3
1370477581328,7333523293b27d57f6d88ba418cb5d9e,75,18,true,500,false,5527.0,0.0.3
1370477581328,5b49cd36c2e98aee798dbc63c3780cf0,100,6,true,200,false,5527.0,0.0.3
1370477581328,0c58d860a1d2ce392c4d270be77523f5,1000,1,true,5,false,5527.0,0.0.3
1370478182859,7ca6d6c37405a17cf1ec9a9bb5893106,25,73,true,100,false,5577.0,0.0.3
1370478182859,153ece756361bcbc8165ccb6d1dd299f,29,9,true,1000,false,5577.0,0.0.3
1370478182859,f3d8cd7c9894d7c0f1fc09f195eea8d5,49,0,true,1000,false,5577.0,0.0.3
1370478182859,67d0ddf1c8284a766c6fe1efd7eef2fc,55,3,true,1000,false,5577.0,0.0.3
1370478182859,7333523293b27d57f6d88ba418cb5d9e,75,18,true,500,false,5577.0,0.0.3
1370478182859,5b49cd36c2e98aee798dbc63c3780cf0,100,6,true,200,false,5577.0,0.0.3
1370478182859,0c58d860a1d2ce392c4d270be77523f5,1000,1,true,5,false,5577.0,0.0.3
1370478784227,7ca6d6c37405a17cf1ec9a9bb5893106,25,74,true,100,false,5642.0,0.0.3
1370478784227,153ece756361bcbc8165ccb6d1dd299f,29,10,true,1000,false,5642.0,0.0.3
1370478784227,f3d8cd7c9894d7c0f1fc09f195eea8d5,49,0,true,1000,false,5642.0,0.0.3
1370478784227,67d0ddf1c8284a766c6fe1efd7eef2fc,55,3,true,1000,false,5642.0,0.0.3
1370478784227,7333523293b27d57f6d88ba418cb5d9e,75,18,true,500,false,5642.0,0.0.3
1370478784227,5b49cd36c2e98aee798dbc63c3780cf0,100,6,true,200,false,5642.0,0.0.3
1370478784227,0c58d860a1d2ce392c4d270be77523f5,1000,1,true,5,false,5642.0,0.0.3
1370479382622,7ca6d6c37405a17cf1ec9a9bb5893106,25,74,true,100,false,5742.0,0.0.3
1370479382622,153ece756361bcbc8165ccb6d1dd299f,29,10,true,1000,false,5742.0,0.0.3
1370479382622,f3d8cd7c9894d7c0f1fc09f195eea8d5,49,0,true,1000,false,5742.0,0.0.3
1370479382622,67d0ddf1c8284a766c6fe1efd7eef2fc,55,3,true,1000,false,5742.0,0.0.3
1370479382622,7333523293b27d57f6d88ba418cb5d9e,75,18,true,500,false,5742.0,0.0.3
1370479382622,5b49cd36c2e98aee798dbc63c3780cf0,100,7,true,200,false,5742.0,0.0.3
1370479382622,0c58d860a1d2ce392c4d270be77523f5,1000,1,true,5,false,5742.0,0.0.3
1370481787828,7ca6d6c37405a17cf1ec9a9bb5893106,25,75,true,100,false,5767.0,0.0.3
1370481787828,153ece756361bcbc8165ccb6d1dd299f,29,10,true,1000,false,5767.0,0.0.3
1370481787828,f3d8cd7c9894d7c0f1fc09f195eea8d5,49,0,true,1000,false,5767.0,0.0.3
1370481787828,67d0ddf1c8284a766c6fe1efd7eef2fc,55,3,true,1000,false,5767.0,0.0.3
1370481787828,7333523293b27d57f6d88ba418cb5d9e,75,18,true,500,false,5767.0,0.0.3
1370481787828,5b49cd36c2e98aee798dbc63c3780cf0,100,7,true,200,false,5767.0,0.0.3
1370481787828,0c58d860a1d2ce392c4d270be77523f5,1000,1,true,5,false,5767.0,0.0.3
1370482386533,7ca6d6c37405a17cf1ec9a9bb5893106,25,76,true,100,false,5792.0,0.0.3
1370482386533,153ece756361bcbc8165ccb6d1dd299f,29,10,true,1000,false,5792.0,0.0.3
1370482386533,f3d8cd7c9894d7c0f1fc09f195eea8d5,49,0,true,1000,false,5792.0,0.0.3
1370482386533,67d0ddf1c8284a766c6fe1efd7eef2fc,55,3,true,1000,false,5792.0,0.0.3
1370482386533,7333523293b27d57f6d88ba418cb5d9e,75,18,true,500,false,5792.0,0.0.3
1370482386533,5b49cd36c2e98aee798dbc63c3780cf0,100,7,true,200,false,5792.0,0.0.3
1370482386533,0c58d860a1d2ce392c4d270be77523f5,1000,1,true,5,false,5792.0,0.0.3
1370482985621,7ca6d6c37405a17cf1ec9a9bb5893106,25,77,true,100,false,5817.0,0.0.3
1370482985621,153ece756361bcbc8165ccb6d1dd299f,29,10,true,1000,false,5817.0,0.0.3
1370482985621,f3d8cd7c9894d7c0f1fc09f195eea8d5,49,0,true,1000,false,5817.0,0.0.3
1370482985621,67d0ddf1c8284a766c6fe1efd7eef2fc,55,3,true,1000,false,5817.0,0.0.3
1370482985621,7333523293b27d57f6d88ba418cb5d9e,75,18,true,500,false,5817.0,0.0.3
1370482985621,5b49cd36c2e98aee798dbc63c3780cf0,100,7,true,200,false,5817.0,0.0.3
1370482985621,0c58d860a1d2ce392c4d270be77523f5,1000,1,true,5,false,5817.0,0.0.3
1370483590713,7ca6d6c37405a17cf1ec9a9bb5893106,25,78,true,100,false,6767.0,0.0.3
1370483590713,153ece756361bcbc8165ccb6d1dd299f,29,10,true,1000,false,6767.0,0.0.3
1370483590713,f3d8cd7c9894d7c0f1fc09f195eea8d5,49,0,true,1000,false,6767.0,0.0.3
1370483590713,67d0ddf1c8284a766c6fe1efd7eef2fc,55,3,true,1000,false,6767.0,0.0.3
1370483590713,7333523293b27d57f6d88ba418cb5d9e,75,17,true,500,false,6767.0,0.0.3
1370483590713,5b49cd36c2e98aee798dbc63c3780cf0,100,7,true,200,false,6767.0,0.0.3
1370483590713,0c58d860a1d2ce392c4d270be77523f5,1000,2,true,5,false,6767.0,0.0.3
1370484187845,7ca6d6c37405a17cf1ec9a9bb5893106,25,78,true,100,false,6867.0,0.0.3
1370484187845,153ece756361bcbc8165ccb6d1dd299f,29,10,true,1000,false,6867.0,0.0.3
1370484187845,f3d8cd7c9894d7c0f1fc09f195eea8d5,49,0,true,1000,false,6867.0,0.0.3
1370484187845,67d0ddf1c8284a766c6fe1efd7eef2fc,55,3,true,1000,false,6867.0,0.0.3
1370484187845,7333523293b27d57f6d88ba418cb5d9e,75,17,true,500,false,6867.0,0.0.3
1370484187845,5b49cd36c2e98aee798dbc63c3780cf0,100,8,true,200,false,6867.0,0.0.3
1370484187845,0c58d860a1d2ce392c4d270be77523f5,1000,2,true,5,false,6867.0,0.0.3
1370485387622,f3d8cd7c9894d7c0f1fc09f195eea8d5,49,0,true,1000,false,6892.0,0.0.3
1370485387622,153ece756361bcbc8165ccb6d1dd299f,29,10,true,1000,false,6892.0,0.0.3
1370485387622,67d0ddf1c8284a766c6fe1efd7eef2fc,55,3,true,1000,false,6892.0,0.0.3
1370485387622,7ca6d6c37405a17cf1ec9a9bb5893106,25,79,true,100,false,6892.0,0.0.3
1370485387622,5b49cd36c2e98aee798dbc63c3780cf0,100,8,true,200,false,6892.0,0.0.3
1370485387622,7333523293b27d57f6d88ba418cb5d9e,75,17,true,500,false,6892.0,0.0.3
1370485387622,0c58d860a1d2ce392c4d270be77523f5,1000,2,true,5,false,6892.0,0.0.3
1370486584467,7ca6d6c37405a17cf1ec9a9bb5893106,25,80,true,100,false,6917.0,0.0.3
1370486584467,153ece756361bcbc8165ccb6d1dd299f,29,10,true,1000,false,6917.0,0.0.3
1370486584467,f3d8cd7c9894d7c0f1fc09f195eea8d5,49,0,true,1000,false,6917.0,0.0.3
1370486584467,67d0ddf1c8284a766c6fe1efd7eef2fc,55,3,true,1000,false,6917.0,0.0.3
1370486584467,7333523293b27d57f6d88ba418cb5d9e,75,17,true,500,false,6917.0,0.0.3
1370486584467,5b49cd36c2e98aee798dbc63c3780cf0,100,8,true,200,false,6917.0,0.0.3
1370486584467,0c58d860a1d2ce392c4d270be77523f5,1000,2,true,5,false,6917.0,0.0.3
1370487787943,7ca6d6c37405a17cf1ec9a9bb5893106,25,81,true,100,false,6942.0,0.0.3
1370487787943,153ece756361bcbc8165ccb6d1dd299f,29,10,true,1000,false,6942.0,0.0.3
1370487787943,f3d8cd7c9894d7c0f1fc09f195eea8d5,49,0,true,1000,false,6942.0,0.0.3
1370487787943,67d0ddf1c8284a766c6fe1efd7eef2fc,55,3,true,1000,false,6942.0,0.0.3
1370487787943,7333523293b27d57f6d88ba418cb5d9e,75,17,true,500,false,6942.0,0.0.3
1370487787943,5b49cd36c2e98aee798dbc63c3780cf0,100,8,true,200,false,6942.0,0.0.3
1370487787943,0c58d860a1d2ce392c4d270be77523f5,1000,2,true,5,false,6942.0,0.0.3
1370490186186,7ca6d6c37405a17cf1ec9a9bb5893106,25,82,true,100,false,6972.0,0.0.3
1370490186186,153ece756361bcbc8165ccb6d1dd299f,29,10,true,1000,false,6972.0,0.0.3
1370490186186,f3d8cd7c9894d7c0f1fc09f195eea8d5,49,0,true,1000,false,6972.0,0.0.3
1370490186186,67d0ddf1c8284a766c6fe1efd7eef2fc,55,3,true,1000,false,6972.0,0.0.3
1370490186186,7333523293b27d57f6d88ba418cb5d9e,75,17,true,500,false,6972.0,0.0.3
1370490186186,5b49cd36c2e98aee798dbc63c3780cf0,100,8,true,200,false,6972.0,0.0.3
1370490186186,0c58d860a1d2ce392c4d270be77523f5,1000,2,true,5,false,6972.0,0.0.3
1370490787424,7ca6d6c37405a17cf1ec9a9bb5893106,25,83,true,100,false,6997.0,0.0.3
1370490787424,153ece756361bcbc8165ccb6d1dd299f,29,10,true,1000,false,6997.0,0.0.3
1370490787424,f3d8cd7c9894d7c0f1fc09f195eea8d5,49,0,true,1000,false,6997.0,0.0.3
1370490787424,67d0ddf1c8284a766c6fe1efd7eef2fc,55,3,true,1000,false,6997.0,0.0.3
1370490787424,7333523293b27d57f6d88ba418cb5d9e,75,17,true,500,false,6997.0,0.0.3
1370490787424,5b49cd36c2e98aee798dbc63c3780cf0,100,8,true,200,false,6997.0,0.0.3
1370490787424,0c58d860a1d2ce392c4d270be77523f5,1000,2,true,5,false,6997.0,0.0.3
1370491388024,7ca6d6c37405a17cf1ec9a9bb5893106,25,84,true,100,false,7022.0,0.0.3
1370491388024,153ece756361bcbc8165ccb6d1dd299f,29,10,true,1000,false,7022.0,0.0.3
1370491388024,f3d8cd7c9894d7c0f1fc09f195eea8d5,49,0,true,1000,false,7022.0,0.0.3
1370491388024,67d0ddf1c8284a766c6fe1efd7eef2fc,55,3,true,1000,false,7022.0,0.0.3
1370491388024,7333523293b27d57f6d88ba418cb5d9e,75,17,true,500,false,7022.0,0.0.3
1370491388024,0c58d860a1d2ce392c4d270be77523f5,1000,2,true,5,false,7022.0,0.0.3
1370491388024,5b49cd36c2e98aee798dbc63c3780cf0,100,8,true,200,false,7022.0,0.0.3
1370491994607,7ca6d6c37405a17cf1ec9a9bb5893106,25,84,true,100,false,7122.0,0.0.3
1370491994607,153ece756361bcbc8165ccb6d1dd299f,29,10,true,1000,false,7122.0,0.0.3
1370491994607,f3d8cd7c9894d7c0f1fc09f195eea8d5,49,0,true,1000,false,7122.0,0.0.3
1370491994607,67d0ddf1c8284a766c6fe1efd7eef2fc,55,3,true,1000,false,7122.0,0.0.3
1370491994607,7333523293b27d57f6d88ba418cb5d9e,75,17,true,500,false,7122.0,0.0.3
1370491994607,5b49cd36c2e98aee798dbc63c3780cf0,100,9,true,200,false,7122.0,0.0.3
1370491994607,0c58d860a1d2ce392c4d270be77523f5,1000,2,true,5,false,7122.0,0.0.3
1370493189401,7ca6d6c37405a17cf1ec9a9bb5893106,25,85,true,100,false,7222.0,0.0.3
1370493189401,153ece756361bcbc8165ccb6d1dd299f,29,10,true,1000,false,7222.0,0.0.3
1370493189401,f3d8cd7c9894d7c0f1fc09f195eea8d5,49,0,true,1000,false,7222.0,0.0.3
1370493189401,67d0ddf1c8284a766c6fe1efd7eef2fc,55,3,true,1000,false,7222.0,0.0.3
1370493189401,7333523293b27d57f6d88ba418cb5d9e,75,18,true,500,false,7222.0,0.0.3
1370493189401,5b49cd36c2e98aee798dbc63c3780cf0,100,9,true,200,false,7222.0,0.0.3
1370493189401,0c58d860a1d2ce392c4d270be77523f5,1000,2,true,5,false,7222.0,0.0.3
1370494388189,153ece756361bcbc8165ccb6d1dd299f,29,10,true,1000,false,7297.0,0.0.3
1370494388189,f3d8cd7c9894d7c0f1fc09f195eea8d5,49,0,true,1000,false,7297.0,0.0.3
1370494388189,67d0ddf1c8284a766c6fe1efd7eef2fc,55,3,true,1000,false,7297.0,0.0.3
1370494388189,7333523293b27d57f6d88ba418cb5d9e,75,19,true,500,false,7297.0,0.0.3
1370494388189,5b49cd36c2e98aee798dbc63c3780cf0,100,9,true,200,false,7297.0,0.0.3
1370494388189,7ca6d6c37405a17cf1ec9a9bb5893106,25,85,true,100,false,7297.0,0.0.3
1370494388189,0c58d860a1d2ce392c4d270be77523f5,1000,2,true,5,false,7297.0,0.0.3
1370494988509,7ca6d6c37405a17cf1ec9a9bb5893106,25,86,true,100,false,7322.0,0.0.3
1370494988509,f3d8cd7c9894d7c0f1fc09f195eea8d5,49,0,true,1000,false,7322.0,0.0.3
1370494988509,67d0ddf1c8284a766c6fe1efd7eef2fc,55,3,true,1000,false,7322.0,0.0.3
1370494988509,7333523293b27d57f6d88ba418cb5d9e,75,19,true,500,false,7322.0,0.0.3
1370494988509,153ece756361bcbc8165ccb6d1dd299f,29,10,true,1000,false,7322.0,0.0.3
1370494988509,5b49cd36c2e98aee798dbc63c3780cf0,100,9,true,200,false,7322.0,0.0.3
1370494988509,0c58d860a1d2ce392c4d270be77523f5,1000,2,true,5,false,7322.0,0.0.3
1370495590768,153ece756361bcbc8165ccb6d1dd299f,29,10,true,1000,false,7372.0,0.0.3
1370495590768,67d0ddf1c8284a766c6fe1efd7eef2fc,55,3,true,1000,false,7372.0,0.0.3
1370495590768,f3d8cd7c9894d7c0f1fc09f195eea8d5,49,0,true,1000,false,7372.0,0.0.3
1370495590768,7333523293b27d57f6d88ba418cb5d9e,75,20,true,500,false,7372.0,0.0.3
1370495590768,5b49cd36c2e98aee798dbc63c3780cf0,100,9,true,200,false,7372.0,0.0.3
1370495590768,7ca6d6c37405a17cf1ec9a9bb5893106,25,85,true,100,false,7372.0,0.0.3
1370495590768,0c58d860a1d2ce392c4d270be77523f5,1000,2,true,5,false,7372.0,0.0.3
1370498590214,153ece756361bcbc8165ccb6d1dd299f,29,10,true,1000,false,7397.0,0.0.3
1370498590214,67d0ddf1c8284a766c6fe1efd7eef2fc,55,3,true,1000,false,7397.0,0.0.3
1370498590214,f3d8cd7c9894d7c0f1fc09f195eea8d5,49,0,true,1000,false,7397.0,0.0.3
1370498590214,7333523293b27d57f6d88ba418cb5d9e,75,20,true,500,false,7397.0,0.0.3
1370498590214,5b49cd36c2e98aee798dbc63c3780cf0,100,9,true,200,false,7397.0,0.0.3
1370498590214,0c58d860a1d2ce392c4d270be77523f5,1000,2,true,5,false,7397.0,0.0.3
1370498590214,7ca6d6c37405a17cf1ec9a9bb5893106,25,86,true,100,false,7397.0,0.0.3
1370499788296,7ca6d6c37405a17cf1ec9a9bb5893106,25,87,true,100,false,7422.0,0.0.3
1370499788296,67d0ddf1c8284a766c6fe1efd7eef2fc,55,3,true,1000,false,7422.0,0.0.3
1370499788296,f3d8cd7c9894d7c0f1fc09f195eea8d5,49,0,true,1000,false,7422.0,0.0.3
1370499788296,153ece756361bcbc8165ccb6d1dd299f,29,10,true,1000,false,7422.0,0.0.3
1370499788296,7333523293b27d57f6d88ba418cb5d9e,75,20,true,500,false,7422.0,0.0.3
1370499788296,0c58d860a1d2ce392c4d270be77523f5,1000,2,true,5,false,7422.0,0.0.3
1370499788296,5b49cd36c2e98aee798dbc63c3780cf0,100,9,true,200,false,7422.0,0.0.3
1370500387938,67d0ddf1c8284a766c6fe1efd7eef2fc,55,3,true,1000,false,7447.0,0.0.3
1370500387938,f3d8cd7c9894d7c0f1fc09f195eea8d5,49,0,true,1000,false,7447.0,0.0.3
1370500387938,7333523293b27d57f6d88ba418cb5d9e,75,20,true,500,false,7447.0,0.0.3
1370500387938,5b49cd36c2e98aee798dbc63c3780cf0,100,9,true,200,false,7447.0,0.0.3
1370500387938,7ca6d6c37405a17cf1ec9a9bb5893106,25,88,true,100,false,7447.0,0.0.3
1370500387938,153ece756361bcbc8165ccb6d1dd299f,29,10,true,1000,false,7447.0,0.0.3
1370500387938,0c58d860a1d2ce392c4d270be77523f5,1000,2,true,5,false,7447.0,0.0.3
1370501589097,153ece756361bcbc8165ccb6d1dd299f,29,10,true,1000,false,7472.0,0.0.3
1370501589097,7333523293b27d57f6d88ba418cb5d9e,75,20,true,500,false,7472.0,0.0.3
1370501589097,67d0ddf1c8284a766c6fe1efd7eef2fc,55,3,true,1000,false,7472.0,0.0.3
1370501589097,5b49cd36c2e98aee798dbc63c3780cf0,100,9,true,200,false,7472.0,0.0.3
1370501589097,7ca6d6c37405a17cf1ec9a9bb5893106,25,89,true,100,false,7472.0,0.0.3
1370501589097,f3d8cd7c9894d7c0f1fc09f195eea8d5,49,0,true,1000,false,7472.0,0.0.3
1370501589097,0c58d860a1d2ce392c4d270be77523f5,1000,2,true,5,false,7472.0,0.0.3
1370502188826,7ca6d6c37405a17cf1ec9a9bb5893106,25,90,true,100,false,7497.0,0.0.3
1370502188826,153ece756361bcbc8165ccb6d1dd299f,29,10,true,1000,false,7497.0,0.0.3
1370502188826,f3d8cd7c9894d7c0f1fc09f195eea8d5,49,0,true,1000,false,7497.0,0.0.3
1370502188826,67d0ddf1c8284a766c6fe1efd7eef2fc,55,3,true,1000,false,7497.0,0.0.3
1370502188826,7333523293b27d57f6d88ba418cb5d9e,75,20,true,500,false,7497.0,0.0.3
1370502188826,5b49cd36c2e98aee798dbc63c3780cf0,100,9,true,200,false,7497.0,0.0.3
1370502188826,0c58d860a1d2ce392c4d270be77523f5,1000,2,true,5,false,7497.0,0.0.3
1370504590948,153ece756361bcbc8165ccb6d1dd299f,29,10,true,1000,false,7522.0,0.0.3
1370504590948,f3d8cd7c9894d7c0f1fc09f195eea8d5,49,0,true,1000,false,7522.0,0.0.3
1370504590948,67d0ddf1c8284a766c6fe1efd7eef2fc,55,3,true,1000,false,7522.0,0.0.3
1370504590948,7ca6d6c37405a17cf1ec9a9bb5893106,25,91,true,100,false,7522.0,0.0.3
1370504590948,7333523293b27d57f6d88ba418cb5d9e,75,20,true,500,false,7522.0,0.0.3
1370504590948,5b49cd36c2e98aee798dbc63c3780cf0,100,9,true,200,false,7522.0,0.0.3
1370504590948,0c58d860a1d2ce392c4d270be77523f5,1000,2,true,5,false,7522.0,0.0.3
1370505789830,153ece756361bcbc8165ccb6d1dd299f,29,10,true,1000,false,7567.0,0.0.3
1370505789830,67d0ddf1c8284a766c6fe1efd7eef2fc,55,3,true,1000,false,7567.0,0.0.3
1370505789830,7333523293b27d57f6d88ba418cb5d9e,75,20,true,500,false,7567.0,0.0.3
1370505789830,f3d8cd7c9894d7c0f1fc09f195eea8d5,49,0,true,1000,false,7567.0,0.0.3
1370505789830,5b49cd36c2e98aee798dbc63c3780cf0,100,9,true,200,false,7567.0,0.0.3
1370505789830,0c58d860a1d2ce392c4d270be77523f5,1000,2,true,5,false,7567.0,0.0.3
1370505789830,7ca6d6c37405a17cf1ec9a9bb5893106,25,92,true,100,false,7567.0,0.0.3
1370511793139,7ca6d6c37405a17cf1ec9a9bb5893106,25,94,true,100,false,7637.01,0.0.3
1370511793139,153ece756361bcbc8165ccb6d1dd299f,29,10,true,1000,false,7637.01,0.0.3
1370511793139,f3d8cd7c9894d7c0f1fc09f195eea8d5,49,0,true,1000,false,7637.01,0.0.3
1370511793139,67d0ddf1c8284a766c6fe1efd7eef2fc,55,3,true,1000,false,7637.01,0.0.3
1370511793139,7333523293b27d57f6d88ba418cb5d9e,75,20,true,500,false,7637.01,0.0.3
1370511793139,5b49cd36c2e98aee798dbc63c3780cf0,100,9,true,200,false,7637.01,0.0.3
1370511793139,0c58d860a1d2ce392c4d270be77523f5,1000,2,true,5,false,7637.01,0.0.3
1370514794836,7ca6d6c37405a17cf1ec9a9bb5893106,25,94,true,100,false,7747.01,0.0.3
1370514794836,153ece756361bcbc8165ccb6d1dd299f,29,10,true,1000,false,7747.01,0.0.3
1370514794836,f3d8cd7c9894d7c0f1fc09f195eea8d5,49,0,true,1000,false,7747.01,0.0.3
1370514794836,67d0ddf1c8284a766c6fe1efd7eef2fc,55,3,true,1000,false,7747.01,0.0.3
1370514794836,7333523293b27d57f6d88ba418cb5d9e,75,21,true,500,false,7747.01,0.0.3
1370514794836,5b49cd36c2e98aee798dbc63c3780cf0,100,9,true,200,false,7747.01,0.0.3
1370514794836,0c58d860a1d2ce392c4d270be77523f5,1000,2,true,5,false,7747.01,0.0.3
1370515991509,153ece756361bcbc8165ccb6d1dd299f,29,10,true,1000,false,7792.01,0.0.3
1370515991509,67d0ddf1c8284a766c6fe1efd7eef2fc,55,3,true,1000,false,7792.01,0.0.3
1370515991509,f3d8cd7c9894d7c0f1fc09f195eea8d5,49,0,true,1000,false,7792.01,0.0.3
1370515991509,7333523293b27d57f6d88ba418cb5d9e,75,21,true,500,false,7792.01,0.0.3
1370515991509,7ca6d6c37405a17cf1ec9a9bb5893106,25,95,true,100,false,7792.01,0.0.3
1370515991509,5b49cd36c2e98aee798dbc63c3780cf0,100,9,true,200,false,7792.01,0.0.3
1370515991509,0c58d860a1d2ce392c4d270be77523f5,1000,2,true,5,false,7792.01,0.0.3
1370520201359,f3d8cd7c9894d7c0f1fc09f195eea8d5,49,0,true,1000,false,7837.01,0.0.3
1370520201359,153ece756361bcbc8165ccb6d1dd299f,29,10,true,1000,false,7837.01,0.0.3
1370520201359,67d0ddf1c8284a766c6fe1efd7eef2fc,55,3,true,1000,false,7837.01,0.0.3
1370520201359,7ca6d6c37405a17cf1ec9a9bb5893106,25,96,true,100,false,7837.01,0.0.3
1370520201359,7333523293b27d57f6d88ba418cb5d9e,75,21,true,500,false,7837.01,0.0.3
1370520201359,5b49cd36c2e98aee798dbc63c3780cf0,100,9,true,200,false,7837.01,0.0.3
1370520201359,0c58d860a1d2ce392c4d270be77523f5,1000,2,true,5,false,7837.01,0.0.3
1370520794383,7ca6d6c37405a17cf1ec9a9bb5893106,25,97,true,100,false,7882.01,0.0.3
1370520794383,153ece756361bcbc8165ccb6d1dd299f,29,10,true,1000,false,7882.01,0.0.3
1370520794383,67d0ddf1c8284a766c6fe1efd7eef2fc,55,3,true,1000,false,7882.01,0.0.3
1370520794383,f3d8cd7c9894d7c0f1fc09f195eea8d5,49,0,true,1000,false,7882.01,0.0.3
1370520794383,7333523293b27d57f6d88ba418cb5d9e,75,21,true,500,false,7882.01,0.0.3
1370520794383,5b49cd36c2e98aee798dbc63c3780cf0,100,9,true,200,false,7882.01,0.0.3
1370520794383,0c58d860a1d2ce392c4d270be77523f5,1000,2,true,5,false,7882.01,0.0.3
1370521394689,7ca6d6c37405a17cf1ec9a9bb5893106,25,98,true,100,false,7907.01,0.0.3
1370521394689,153ece756361bcbc8165ccb6d1dd299f,29,10,true,1000,false,7907.01,0.0.3
1370521394689,67d0ddf1c8284a766c6fe1efd7eef2fc,55,3,true,1000,false,7907.01,0.0.3
1370521394689,7333523293b27d57f6d88ba418cb5d9e,75,21,true,500,false,7907.01,0.0.3
1370521394689,f3d8cd7c9894d7c0f1fc09f195eea8d5,49,0,true,1000,false,7907.01,0.0.3
1370521394689,5b49cd36c2e98aee798dbc63c3780cf0,100,9,true,200,false,7907.01,0.0.3
1370521394689,0c58d860a1d2ce392c4d270be77523f5,1000,2,true,5,false,7907.01,0.0.3
1370523197186,153ece756361bcbc8165ccb6d1dd299f,29,10,true,1000,false,7932.01,0.0.3
1370523197186,67d0ddf1c8284a766c6fe1efd7eef2fc,55,3,true,1000,false,7932.01,0.0.3
1370523197186,f3d8cd7c9894d7c0f1fc09f195eea8d5,49,0,true,1000,false,7932.01,0.0.3
1370523197186,7333523293b27d57f6d88ba418cb5d9e,75,21,true,500,false,7932.01,0.0.3
1370523197186,5b49cd36c2e98aee798dbc63c3780cf0,100,9,true,200,false,7932.01,0.0.3
1370523197186,7ca6d6c37405a17cf1ec9a9bb5893106,25,99,true,100,false,7932.01,0.0.3
1370523197186,0c58d860a1d2ce392c4d270be77523f5,1000,2,true,5,false,7932.01,0.0.3
1370524399178,7ca6d6c37405a17cf1ec9a9bb5893106,25,100,true,100,true,7957.01,0.0.3
1370524399178,153ece756361bcbc8165ccb6d1dd299f,29,10,true,1000,false,7957.01,0.0.3
1370524399178,f3d8cd7c9894d7c0f1fc09f195eea8d5,49,0,true,1000,false,7957.01,0.0.3
1370524399178,67d0ddf1c8284a766c6fe1efd7eef2fc,55,3,true,1000,false,7957.01,0.0.3
1370524399178,7333523293b27d57f6d88ba418cb5d9e,75,21,true,500,false,7957.01,0.0.3
1370524399178,5b49cd36c2e98aee798dbc63c3780cf0,100,9,true,200,false,7957.01,0.0.3
1370524399178,0c58d860a1d2ce392c4d270be77523f5,1000,2,true,5,false,7957.01,0.0.3
1370525599744,7ca6d6c37405a17cf1ec9a9bb5893106,25,100,true,100,true,8057.01,0.0.3
1370525599744,153ece756361bcbc8165ccb6d1dd299f,29,10,true,1000,false,8057.01,0.0.3
1370525599744,f3d8cd7c9894d7c0f1fc09f195eea8d5,49,0,true,1000,false,8057.01,0.0.3
1370525599744,67d0ddf1c8284a766c6fe1efd7eef2fc,55,3,true,1000,false,8057.01,0.0.3
1370525599744,7333523293b27d57f6d88ba418cb5d9e,75,21,true,500,false,8057.01,0.0.3
1370525599744,5b49cd36c2e98aee798dbc63c3780cf0,100,10,true,200,false,8057.01,0.0.3
1370525599744,0c58d860a1d2ce392c4d270be77523f5,1000,2,true,5,false,8057.01,0.0.3
1370526200279,7ca6d6c37405a17cf1ec9a9bb5893106,25,100,true,100,true,8132.01,0.0.3
1370526200279,153ece756361bcbc8165ccb6d1dd299f,29,10,true,1000,false,8132.01,0.0.3
1370526200279,f3d8cd7c9894d7c0f1fc09f195eea8d5,49,0,true,1000,false,8132.01,0.0.3
1370526200279,7333523293b27d57f6d88ba418cb5d9e,75,22,true,500,false,8132.01,0.0.3
1370526200279,67d0ddf1c8284a766c6fe1efd7eef2fc,55,3,true,1000,false,8132.01,0.0.3
1370526200279,5b49cd36c2e98aee798dbc63c3780cf0,100,10,true,200,false,8132.01,0.0.3
1370526200279,0c58d860a1d2ce392c4d270be77523f5,1000,2,true,5,false,8132.01,0.0.3
1370527998515,7ca6d6c37405a17cf1ec9a9bb5893106,25,100,true,100,true,8181.01,0.0.3
1370527998515,153ece756361bcbc8165ccb6d1dd299f,29,11,true,1000,false,8181.01,0.0.3
1370527998515,f3d8cd7c9894d7c0f1fc09f195eea8d5,49,0,true,1000,false,8181.01,0.0.3
1370527998515,67d0ddf1c8284a766c6fe1efd7eef2fc,55,3,true,1000,false,8181.01,0.0.3
1370527998515,7333523293b27d57f6d88ba418cb5d9e,75,22,true,500,false,8181.01,0.0.3
1370527998515,5b49cd36c2e98aee798dbc63c3780cf0,100,10,true,200,false,8181.01,0.0.3
1370527998515,0c58d860a1d2ce392c4d270be77523f5,1000,2,true,5,false,8181.01,0.0.3
1370528600097,7ca6d6c37405a17cf1ec9a9bb5893106,25,100,true,100,true,8210.01,0.0.3
1370528600097,153ece756361bcbc8165ccb6d1dd299f,29,12,true,1000,false,8210.01,0.0.3
1370528600097,f3d8cd7c9894d7c0f1fc09f195eea8d5,49,0,true,1000,false,8210.01,0.0.3
1370528600097,67d0ddf1c8284a766c6fe1efd7eef2fc,55,3,true,1000,false,8210.01,0.0.3
1370528600097,7333523293b27d57f6d88ba418cb5d9e,75,22,true,500,false,8210.01,0.0.3
1370528600097,5b49cd36c2e98aee798dbc63c3780cf0,100,10,true,200,false,8210.01,0.0.3
1370528600097,0c58d860a1d2ce392c4d270be77523f5,1000,2,true,5,false,8210.01,0.0.3
1370531002975,7ca6d6c37405a17cf1ec9a9bb5893106,25,100,true,100,true,8310.01,0.0.3
1370531002975,153ece756361bcbc8165ccb6d1dd299f,29,12,true,1000,false,8310.01,0.0.3
1370531002975,f3d8cd7c9894d7c0f1fc09f195eea8d5,49,0,true,1000,false,8310.01,0.0.3
1370531002975,67d0ddf1c8284a766c6fe1efd7eef2fc,55,3,true,1000,false,8310.01,0.0.3
1370531002975,7333523293b27d57f6d88ba418cb5d9e,75,22,true,500,false,8310.01,0.0.3
1370531002975,5b49cd36c2e98aee798dbc63c3780cf0,100,11,true,200,false,8310.01,0.0.3
1370531002975,0c58d860a1d2ce392c4d270be77523f5,1000,2,true,5,false,8310.01,0.0.3
1370532196913,153ece756361bcbc8165ccb6d1dd299f,29,12,true,1000,false,8320.01,0.0.3
1370532196913,f3d8cd7c9894d7c0f1fc09f195eea8d5,49,0,true,1000,false,8320.01,0.0.3
1370532196913,67d0ddf1c8284a766c6fe1efd7eef2fc,55,3,true,1000,false,8320.01,0.0.3
1370532196913,7ca6d6c37405a17cf1ec9a9bb5893106,25,100,true,100,true,8320.01,0.0.3
1370532196913,7333523293b27d57f6d88ba418cb5d9e,75,22,true,500,false,8320.01,0.0.3
1370532196913,5b49cd36c2e98aee798dbc63c3780cf0,100,11,true,200,false,8320.01,0.0.3
1370532196913,0c58d860a1d2ce392c4d270be77523f5,1000,2,true,5,false,8320.01,0.0.3
1370533998747,153ece756361bcbc8165ccb6d1dd299f,29,12,true,1000,false,8375.01,0.0.3
1370533998747,67d0ddf1c8284a766c6fe1efd7eef2fc,55,4,true,1000,false,8375.01,0.0.3
1370533998747,f3d8cd7c9894d7c0f1fc09f195eea8d5,49,0,true,1000,false,8375.01,0.0.3
1370533998747,7333523293b27d57f6d88ba418cb5d9e,75,22,true,500,false,8375.01,0.0.3
1370533998747,5b49cd36c2e98aee798dbc63c3780cf0,100,11,true,200,false,8375.01,0.0.3
1370533998747,0c58d860a1d2ce392c4d270be77523f5,1000,2,true,5,false,8375.01,0.0.3
1370533998747,7ca6d6c37405a17cf1ec9a9bb5893106,25,100,true,100,true,8375.01,0.0.3
1370534602407,7ca6d6c37405a17cf1ec9a9bb5893106,25,100,true,100,true,9530.01,0.0.3
1370534602407,153ece756361bcbc8165ccb6d1dd299f,29,12,true,1000,false,9530.01,0.0.3
1370534602407,f3d8cd7c9894d7c0f1fc09f195eea8d5,49,0,true,1000,false,9530.01,0.0.3
1370534602407,67d0ddf1c8284a766c6fe1efd7eef2fc,55,5,true,1000,false,9530.01,0.0.3
1370534602407,7333523293b27d57f6d88ba418cb5d9e,75,22,true,500,false,9530.01,0.0.3
1370534602407,5b49cd36c2e98aee798dbc63c3780cf0,100,12,true,200,false,9530.01,0.0.3
1370534602407,0c58d860a1d2ce392c4d270be77523f5,1000,3,true,5,false,9530.01,0.0.3
1370536998809,7ca6d6c37405a17cf1ec9a9bb5893106,25,100,true,100,true,9630.01,0.0.3
1370536998809,153ece756361bcbc8165ccb6d1dd299f,29,12,true,1000,false,9630.01,0.0.3
1370536998809,f3d8cd7c9894d7c0f1fc09f195eea8d5,49,0,true,1000,false,9630.01,0.0.3
1370536998809,67d0ddf1c8284a766c6fe1efd7eef2fc,55,5,true,1000,false,9630.01,0.0.3
1370536998809,7333523293b27d57f6d88ba418cb5d9e,75,22,true,500,false,9630.01,0.0.3
1370536998809,5b49cd36c2e98aee798dbc63c3780cf0,100,13,true,200,false,9630.01,0.0.3
1370536998809,0c58d860a1d2ce392c4d270be77523f5,1000,3,true,5,false,9630.01,0.0.3
1370537606601,153ece756361bcbc8165ccb6d1dd299f,29,13,true,1000,false,9824.01,0.0.3
1370537606601,67d0ddf1c8284a766c6fe1efd7eef2fc,55,6,true,1000,false,9824.01,0.0.3
1370537606601,7ca6d6c37405a17cf1ec9a9bb5893106,25,100,true,100,true,9824.01,0.0.3
1370537606601,f3d8cd7c9894d7c0f1fc09f195eea8d5,49,0,true,1000,false,9824.01,0.0.3
1370537606601,7333523293b27d57f6d88ba418cb5d9e,75,23,true,500,false,9824.01,0.0.3
1370537606601,5b49cd36c2e98aee798dbc63c3780cf0,100,13,true,200,false,9824.01,0.0.3
1370537606601,0c58d860a1d2ce392c4d270be77523f5,1000,3,true,5,false,9824.01,0.0.3
1370540001753,7ca6d6c37405a17cf1ec9a9bb5893106,25,100,true,100,true,9882.01,0.0.3
1370540001753,153ece756361bcbc8165ccb6d1dd299f,29,15,true,1000,false,9882.01,0.0.3
1370540001753,f3d8cd7c9894d7c0f1fc09f195eea8d5,49,0,true,1000,false,9882.01,0.0.3
1370540001753,67d0ddf1c8284a766c6fe1efd7eef2fc,55,6,true,1000,false,9882.01,0.0.3
1370540001753,7333523293b27d57f6d88ba418cb5d9e,75,23,true,500,false,9882.01,0.0.3
1370540001753,5b49cd36c2e98aee798dbc63c3780cf0,100,13,true,200,false,9882.01,0.0.3
1370540001753,0c58d860a1d2ce392c4d270be77523f5,1000,3,true,5,false,9882.01,0.0.3
1370540601219,153ece756361bcbc8165ccb6d1dd299f,29,15,true,1000,false,9883.01,0.0.3
1370540601219,7ca6d6c37405a17cf1ec9a9bb5893106,25,100,true,100,true,9883.01,0.0.3
1370540601219,f3d8cd7c9894d7c0f1fc09f195eea8d5,49,0,true,1000,false,9883.01,0.0.3
1370540601219,7333523293b27d57f6d88ba418cb5d9e,75,23,true,500,false,9883.01,0.0.3
1370540601219,67d0ddf1c8284a766c6fe1efd7eef2fc,55,6,true,1000,false,9883.01,0.0.3
1370540601219,5b49cd36c2e98aee798dbc63c3780cf0,100,13,true,200,false,9883.01,0.0.3
1370540601219,0c58d860a1d2ce392c4d270be77523f5,1000,3,true,5,false,9883.01,0.0.3
1370541805302,153ece756361bcbc8165ccb6d1dd299f,29,17,true,1000,false,9947.01,0.0.3
1370541805302,67d0ddf1c8284a766c6fe1efd7eef2fc,55,6,true,1000,false,9947.01,0.0.3
1370541805302,7333523293b27d57f6d88ba418cb5d9e,75,23,true,500,false,9947.01,0.0.3
1370541805302,f3d8cd7c9894d7c0f1fc09f195eea8d5,49,0,true,1000,false,9947.01,0.0.3
1370541805302,5b49cd36c2e98aee798dbc63c3780cf0,100,13,true,200,false,9947.01,0.0.3
1370541805302,0c58d860a1d2ce392c4d270be77523f5,1000,3,true,5,false,9947.01,0.0.3
1370541805302,7ca6d6c37405a17cf1ec9a9bb5893106,25,100,true,100,true,9947.01,0.0.3
1370546005945,7ca6d6c37405a17cf1ec9a9bb5893106,25,100,true,100,true,9976.01,0.0.3
1370546005945,153ece756361bcbc8165ccb6d1dd299f,29,18,true,1000,false,9976.01,0.0.3
1370546005945,f3d8cd7c9894d7c0f1fc09f195eea8d5,49,0,true,1000,false,9976.01,0.0.3
1370546005945,67d0ddf1c8284a766c6fe1efd7eef2fc,55,6,true,1000,false,9976.01,0.0.3
1370546005945,7333523293b27d57f6d88ba418cb5d9e,75,23,true,500,false,9976.01,0.0.3
1370546005945,5b49cd36c2e98aee798dbc63c3780cf0,100,13,true,200,false,9976.01,0.0.3
1370546005945,0c58d860a1d2ce392c4d270be77523f5,1000,3,true,5,false,9976.01,0.0.3
1370549013184,7ca6d6c37405a17cf1ec9a9bb5893106,25,100,true,100,true,10076.01,0.0.3
1370549013184,153ece756361bcbc8165ccb6d1dd299f,29,18,true,1000,false,10076.01,0.0.3
1370549013184,f3d8cd7c9894d7c0f1fc09f195eea8d5,49,0,true,1000,false,10076.01,0.0.3
1370549013184,67d0ddf1c8284a766c6fe1efd7eef2fc,55,6,true,1000,false,10076.01,0.0.3
1370549013184,7333523293b27d57f6d88ba418cb5d9e,75,23,true,500,false,10076.01,0.0.3
1370549013184,5b49cd36c2e98aee798dbc63c3780cf0,100,14,true,200,false,10076.01,0.0.3
1370549013184,0c58d860a1d2ce392c4d270be77523f5,1000,3,true,5,false,10076.01,0.0.3
1370549608465,7ca6d6c37405a17cf1ec9a9bb5893106,25,100,true,100,true,10105.01,0.0.3
1370549608465,153ece756361bcbc8165ccb6d1dd299f,29,19,true,1000,false,10105.01,0.0.3
1370549608465,f3d8cd7c9894d7c0f1fc09f195eea8d5,49,0,true,1000,false,10105.01,0.0.3
1370549608465,67d0ddf1c8284a766c6fe1efd7eef2fc,55,6,true,1000,false,10105.01,0.0.3
1370549608465,7333523293b27d57f6d88ba418cb5d9e,75,23,true,500,false,10105.01,0.0.3
1370549608465,5b49cd36c2e98aee798dbc63c3780cf0,100,14,true,200,false,10105.01,0.0.3
1370549608465,0c58d860a1d2ce392c4d270be77523f5,1000,3,true,5,false,10105.01,0.0.3
1370550213303,67d0ddf1c8284a766c6fe1efd7eef2fc,55,6,true,1000,false,10154.01,0.0.3
1370550213303,153ece756361bcbc8165ccb6d1dd299f,29,19,true,1000,false,10154.01,0.0.3
1370550213303,f3d8cd7c9894d7c0f1fc09f195eea8d5,49,1,true,1000,false,10154.01,0.0.3
1370550213303,7333523293b27d57f6d88ba418cb5d9e,75,23,true,500,false,10154.01,0.0.3
1370550213303,5b49cd36c2e98aee798dbc63c3780cf0,100,14,true,200,false,10154.01,0.0.3
1370550213303,0c58d860a1d2ce392c4d270be77523f5,1000,3,true,5,false,10154.01,0.0.3
1370550213303,7ca6d6c37405a17cf1ec9a9bb5893106,25,100,true,100,true,10154.01,0.0.3
1370551409008,7ca6d6c37405a17cf1ec9a9bb5893106,25,100,true,100,true,10232.01,0.0.3
1370551409008,67d0ddf1c8284a766c6fe1efd7eef2fc,55,6,true,1000,false,10232.01,0.0.3
1370551409008,153ece756361bcbc8165ccb6d1dd299f,29,20,true,1000,false,10232.01,0.0.3
1370551409008,f3d8cd7c9894d7c0f1fc09f195eea8d5,49,2,true,1000,false,10232.01,0.0.3
1370551409008,7333523293b27d57f6d88ba418cb5d9e,75,23,true,500,false,10232.01,0.0.3
1370551409008,0c58d860a1d2ce392c4d270be77523f5,1000,3,true,5,false,10232.01,0.0.3
1370551409008,5b49cd36c2e98aee798dbc63c3780cf0,100,14,true,200,false,10232.01,0.0.3
1370552007047,7ca6d6c37405a17cf1ec9a9bb5893106,25,100,true,100,true,10290.01,0.0.3
1370552007047,153ece756361bcbc8165ccb6d1dd299f,29,22,true,1000,false,10290.01,0.0.3
1370552007047,f3d8cd7c9894d7c0f1fc09f195eea8d5,49,2,true,1000,false,10290.01,0.0.3
1370552007047,67d0ddf1c8284a766c6fe1efd7eef2fc,55,6,true,1000,false,10290.01,0.0.3
1370552007047,7333523293b27d57f6d88ba418cb5d9e,75,23,true,500,false,10290.01,0.0.3
1370552007047,5b49cd36c2e98aee798dbc63c3780cf0,100,14,true,200,false,10290.01,0.0.3
1370552007047,0c58d860a1d2ce392c4d270be77523f5,1000,3,true,5,false,10290.01,0.0.3
1370558013332,7ca6d6c37405a17cf1ec9a9bb5893106,25,100,true,100,true,10319.01,0.0.3
1370558013332,153ece756361bcbc8165ccb6d1dd299f,29,23,true,1000,false,10319.01,0.0.3
1370558013332,f3d8cd7c9894d7c0f1fc09f195eea8d5,49,2,true,1000,false,10319.01,0.0.3
1370558013332,67d0ddf1c8284a766c6fe1efd7eef2fc,55,6,true,1000,false,10319.01,0.0.3
1370558013332,7333523293b27d57f6d88ba418cb5d9e,75,23,true,500,false,10319.01,0.0.3
1370558013332,5b49cd36c2e98aee798dbc63c3780cf0,100,14,true,200,false,10319.01,0.0.3
1370558013332,0c58d860a1d2ce392c4d270be77523f5,1000,3,true,5,false,10319.01,0.0.3
1370559808690,153ece756361bcbc8165ccb6d1dd299f,29,24,true,1000,false,10348.01,0.0.3
1370559808690,f3d8cd7c9894d7c0f1fc09f195eea8d5,49,2,true,1000,false,10348.01,0.0.3
1370559808690,67d0ddf1c8284a766c6fe1efd7eef2fc,55,6,true,1000,false,10348.01,0.0.3
1370559808690,7333523293b27d57f6d88ba418cb5d9e,75,23,true,500,false,10348.01,0.0.3
1370559808690,5b49cd36c2e98aee798dbc63c3780cf0,100,14,true,200,false,10348.01,0.0.3
1370559808690,0c58d860a1d2ce392c4d270be77523f5,1000,3,true,5,false,10348.01,0.0.3
1370559808690,7ca6d6c37405a17cf1ec9a9bb5893106,25,100,true,100,true,10348.01,0.0.3
1370560424925,7ca6d6c37405a17cf1ec9a9bb5893106,25,100,true,100,true,10478.01,0.0.3
1370560424925,153ece756361bcbc8165ccb6d1dd299f,29,24,true,1000,false,10478.01,0.0.3
1370560424925,f3d8cd7c9894d7c0f1fc09f195eea8d5,49,2,true,1000,false,10478.01,0.0.3
1370560424925,67d0ddf1c8284a766c6fe1efd7eef2fc,55,7,true,1000,false,10478.01,0.0.3
1370560424925,7333523293b27d57f6d88ba418cb5d9e,75,24,true,500,false,10478.01,0.0.3
1370560424925,5b49cd36c2e98aee798dbc63c3780cf0,100,14,true,200,false,10478.01,0.0.3
1370560424925,0c58d860a1d2ce392c4d270be77523f5,1000,3,true,5,false,10478.01,0.0.3
1370561613050,7ca6d6c37405a17cf1ec9a9bb5893106,25,100,true,100,true,10582.01,0.0.3
1370561613050,153ece756361bcbc8165ccb6d1dd299f,29,25,true,1000,false,10582.01,0.0.3
1370561613050,f3d8cd7c9894d7c0f1fc09f195eea8d5,49,2,true,1000,false,10582.01,0.0.3
1370561613050,67d0ddf1c8284a766c6fe1efd7eef2fc,55,8,true,1000,false,10582.01,0.0.3
1370561613050,7333523293b27d57f6d88ba418cb5d9e,75,24,true,500,false,10582.01,0.0.3
1370561613050,5b49cd36c2e98aee798dbc63c3780cf0,100,14,true,200,false,10582.01,0.0.3
1370561613050,0c58d860a1d2ce392c4d270be77523f5,1000,3,true,5,false,10582.01,0.0.3
1370562215723,7ca6d6c37405a17cf1ec9a9bb5893106,25,100,true,100,true,10660.01,0.0.3
1370562215723,153ece756361bcbc8165ccb6d1dd299f,29,27,true,1000,false,10660.01,0.0.3
1370562215723,f3d8cd7c9894d7c0f1fc09f195eea8d5,49,2,true,1000,false,10660.01,0.0.3
1370562215723,67d0ddf1c8284a766c6fe1efd7eef2fc,55,8,true,1000,false,10660.01,0.0.3
1370562215723,7333523293b27d57f6d88ba418cb5d9e,75,24,true,500,false,10660.01,0.0.3
1370562215723,5b49cd36c2e98aee798dbc63c3780cf0,100,14,true,200,false,10660.01,0.0.3
1370562215723,0c58d860a1d2ce392c4d270be77523f5,1000,3,true,5,false,10660.01,0.0.3
1370564017099,153ece756361bcbc8165ccb6d1dd299f,29,27,true,1000,false,10715.01,0.0.3
1370564017099,f3d8cd7c9894d7c0f1fc09f195eea8d5,49,2,true,1000,false,10715.01,0.0.3
1370564017099,67d0ddf1c8284a766c6fe1efd7eef2fc,55,9,true,1000,false,10715.01,0.0.3
1370564017099,5b49cd36c2e98aee798dbc63c3780cf0,100,14,true,200,false,10715.01,0.0.3
1370564017099,7333523293b27d57f6d88ba418cb5d9e,75,24,true,500,false,10715.01,0.0.3
1370564017099,0c58d860a1d2ce392c4d270be77523f5,1000,3,true,5,false,10715.01,0.0.3
1370564017099,7ca6d6c37405a17cf1ec9a9bb5893106,25,100,true,100,true,10715.01,0.0.3
1370565820322,7ca6d6c37405a17cf1ec9a9bb5893106,25,100,true,100,true,10815.01,0.0.3
1370565820322,153ece756361bcbc8165ccb6d1dd299f,29,27,true,1000,false,10815.01,0.0.3
1370565820322,f3d8cd7c9894d7c0f1fc09f195eea8d5,49,2,true,1000,false,10815.01,0.0.3
1370565820322,67d0ddf1c8284a766c6fe1efd7eef2fc,55,9,true,1000,false,10815.01,0.0.3
1370565820322,7333523293b27d57f6d88ba418cb5d9e,75,24,true,500,false,10815.01,0.0.3
1370565820322,0c58d860a1d2ce392c4d270be77523f5,1000,3,true,5,false,10815.01,0.0.3
1370565820322,5b49cd36c2e98aee798dbc63c3780cf0,100,15,true,200,false,10815.01,0.0.3
1370571822389,153ece756361bcbc8165ccb6d1dd299f,29,28,true,1000,false,10844.01,0.0.3
1370571822389,7333523293b27d57f6d88ba418cb5d9e,75,24,true,500,false,10844.01,0.0.3
1370571822389,67d0ddf1c8284a766c6fe1efd7eef2fc,55,9,true,1000,false,10844.01,0.0.3
1370571822389,5b49cd36c2e98aee798dbc63c3780cf0,100,15,true,200,false,10844.01,0.0.3
1370571822389,f3d8cd7c9894d7c0f1fc09f195eea8d5,49,2,true,1000,false,10844.01,0.0.3
1370571822389,7ca6d6c37405a17cf1ec9a9bb5893106,25,100,true,100,true,10844.01,0.0.3
1370571822389,0c58d860a1d2ce392c4d270be77523f5,1000,3,true,5,false,10844.01,0.0.3
1370576025822,153ece756361bcbc8165ccb6d1dd299f,29,29,true,1000,false,10873.01,0.0.3
1370576025822,7ca6d6c37405a17cf1ec9a9bb5893106,25,100,true,100,true,10873.01,0.0.3
1370576025822,f3d8cd7c9894d7c0f1fc09f195eea8d5,49,2,true,1000,false,10873.01,0.0.3
1370576025822,67d0ddf1c8284a766c6fe1efd7eef2fc,55,9,true,1000,false,10873.01,0.0.3
1370576025822,5b49cd36c2e98aee798dbc63c3780cf0,100,15,true,200,false,10873.01,0.0.3
1370576025822,7333523293b27d57f6d88ba418cb5d9e,75,24,true,500,false,10873.01,0.0.3
1370576025822,0c58d860a1d2ce392c4d270be77523f5,1000,3,true,5,false,10873.01,0.0.3
1370576625443,153ece756361bcbc8165ccb6d1dd299f,29,29,true,1000,false,10928.01,0.0.3
1370576625443,7ca6d6c37405a17cf1ec9a9bb5893106,25,100,true,100,true,10928.01,0.0.3
1370576625443,f3d8cd7c9894d7c0f1fc09f195eea8d5,49,2,true,1000,false,10928.01,0.0.3
1370576625443,67d0ddf1c8284a766c6fe1efd7eef2fc,55,10,true,1000,false,10928.01,0.0.3
1370576625443,7333523293b27d57f6d88ba418cb5d9e,75,24,true,500,false,10928.01,0.0.3
1370576625443,5b49cd36c2e98aee798dbc63c3780cf0,100,15,true,200,false,10928.01,0.0.3
1370576625443,0c58d860a1d2ce392c4d270be77523f5,1000,3,true,5,false,10928.01,0.0.3
1370578423457,153ece756361bcbc8165ccb6d1dd299f,29,31,true,1000,false,10986.01,0.0.3
1370578423457,f3d8cd7c9894d7c0f1fc09f195eea8d5,49,2,true,1000,false,10986.01,0.0.3
1370578423457,7ca6d6c37405a17cf1ec9a9bb5893106,25,100,true,100,true,10986.01,0.0.3
1370578423457,67d0ddf1c8284a766c6fe1efd7eef2fc,55,10,true,1000,false,10986.01,0.0.3
1370578423457,7333523293b27d57f6d88ba418cb5d9e,75,24,true,500,false,10986.01,0.0.3
1370578423457,5b49cd36c2e98aee798dbc63c3780cf0,100,15,true,200,false,10986.01,0.0.3
1370578423457,0c58d860a1d2ce392c4d270be77523f5,1000,3,true,5,false,10986.01,0.0.3
1370579023552,7ca6d6c37405a17cf1ec9a9bb5893106,25,100,true,100,true,11015.01,0.0.3
1370579023552,67d0ddf1c8284a766c6fe1efd7eef2fc,55,10,true,1000,false,11015.01,0.0.3
1370579023552,153ece756361bcbc8165ccb6d1dd299f,29,32,true,1000,false,11015.01,0.0.3
1370579023552,f3d8cd7c9894d7c0f1fc09f195eea8d5,49,2,true,1000,false,11015.01,0.0.3
1370579023552,7333523293b27d57f6d88ba418cb5d9e,75,24,true,500,false,11015.01,0.0.3
1370579023552,5b49cd36c2e98aee798dbc63c3780cf0,100,15,true,200,false,11015.01,0.0.3
1370579023552,0c58d860a1d2ce392c4d270be77523f5,1000,3,true,5,false,11015.01,0.0.3
1370582026581,7ca6d6c37405a17cf1ec9a9bb5893106,25,100,true,100,true,11044.01,0.0.3
1370582026581,153ece756361bcbc8165ccb6d1dd299f,29,33,true,1000,false,11044.01,0.0.3
1370582026581,f3d8cd7c9894d7c0f1fc09f195eea8d5,49,2,true,1000,false,11044.01,0.0.3
1370582026581,67d0ddf1c8284a766c6fe1efd7eef2fc,55,10,true,1000,false,11044.01,0.0.3
1370582026581,7333523293b27d57f6d88ba418cb5d9e,75,24,true,500,false,11044.01,0.0.3
1370582026581,5b49cd36c2e98aee798dbc63c3780cf0,100,15,true,200,false,11044.01,0.0.3
1370582026581,0c58d860a1d2ce392c4d270be77523f5,1000,3,true,5,false,11044.01,0.0.3
1370584422376,7ca6d6c37405a17cf1ec9a9bb5893106,25,100,true,100,true,11102.01,0.0.3
1370584422376,153ece756361bcbc8165ccb6d1dd299f,29,35,true,1000,false,11102.01,0.0.3
1370584422376,f3d8cd7c9894d7c0f1fc09f195eea8d5,49,2,true,1000,false,11102.01,0.0.3
1370584422376,67d0ddf1c8284a766c6fe1efd7eef2fc,55,10,true,1000,false,11102.01,0.0.3
1370584422376,7333523293b27d57f6d88ba418cb5d9e,75,24,true,500,false,11102.01,0.0.3
1370584422376,5b49cd36c2e98aee798dbc63c3780cf0,100,15,true,200,false,11102.01,0.0.3
1370584422376,0c58d860a1d2ce392c4d270be77523f5,1000,3,true,5,false,11102.01,0.0.3
1370588623289,f3d8cd7c9894d7c0f1fc09f195eea8d5,49,2,true,1000,false,11151.01,0.0.3
1370588623289,67d0ddf1c8284a766c6fe1efd7eef2fc,55,10,true,1000,false,11151.01,0.0.3
1370588623289,7333523293b27d57f6d88ba418cb5d9e,75,24,true,500,false,11151.01,0.0.3
1370588623289,7ca6d6c37405a17cf1ec9a9bb5893106,25,100,true,100,true,11151.01,0.0.3
1370588623289,153ece756361bcbc8165ccb6d1dd299f,29,36,true,1000,false,11151.01,0.0.3
1370588623289,5b49cd36c2e98aee798dbc63c3780cf0,100,15,true,200,false,11151.01,0.0.3
1370588623289,0c58d860a1d2ce392c4d270be77523f5,1000,3,true,5,false,11151.01,0.0.3
1370591034563,7ca6d6c37405a17cf1ec9a9bb5893106,25,100,true,100,true,11180.01,0.0.3
1370591034563,f3d8cd7c9894d7c0f1fc09f195eea8d5,49,2,true,1000,false,11180.01,0.0.3
1370591034563,153ece756361bcbc8165ccb6d1dd299f,29,37,true,1000,false,11180.01,0.0.3
1370591034563,67d0ddf1c8284a766c6fe1efd7eef2fc,55,10,true,1000,false,11180.01,0.0.3
1370591034563,7333523293b27d57f6d88ba418cb5d9e,75,24,true,500,false,11180.01,0.0.3
1370591034563,0c58d860a1d2ce392c4d270be77523f5,1000,3,true,5,false,11180.01,0.0.3
1370591034563,5b49cd36c2e98aee798dbc63c3780cf0,100,15,true,200,false,11180.01,0.0.3
1370599428271,7ca6d6c37405a17cf1ec9a9bb5893106,25,100,true,100,true,11235.01,0.0.3
1370599428271,153ece756361bcbc8165ccb6d1dd299f,29,37,true,1000,false,11235.01,0.0.3
1370599428271,f3d8cd7c9894d7c0f1fc09f195eea8d5,49,2,true,1000,false,11235.01,0.0.3
1370599428271,67d0ddf1c8284a766c6fe1efd7eef2fc,55,11,true,1000,false,11235.01,0.0.3
1370599428271,7333523293b27d57f6d88ba418cb5d9e,75,24,true,500,false,11235.01,0.0.3
1370599428271,5b49cd36c2e98aee798dbc63c3780cf0,100,15,true,200,false,11235.01,0.0.3
1370599428271,0c58d860a1d2ce392c4d270be77523f5,1000,3,true,5,false,11235.01,0.0.3
1370600627573,7ca6d6c37405a17cf1ec9a9bb5893106,25,100,true,100,true,11285.01,0.0.3
1370600627573,153ece756361bcbc8165ccb6d1dd299f,29,37,true,1000,false,11285.01,0.0.3
1370600627573,f3d8cd7c9894d7c0f1fc09f195eea8d5,49,2,true,1000,false,11285.01,0.0.3
1370600627573,67d0ddf1c8284a766c6fe1efd7eef2fc,55,11,true,1000,false,11285.01,0.0.3
1370600627573,7333523293b27d57f6d88ba418cb5d9e,75,24,true,500,false,11285.01,0.0.3
1370600627573,5b49cd36c2e98aee798dbc63c3780cf0,100,15,true,200,false,11285.01,0.0.3
1370600627573,0c58d860a1d2ce392c4d270be77523f5,1000,3,true,5,false,11285.01,0.0.3
1370605433190,7ca6d6c37405a17cf1ec9a9bb5893106,25,100,true,100,true,11334.01,0.0.3
1370605433190,f3d8cd7c9894d7c0f1fc09f195eea8d5,49,2,true,1000,false,11334.01,0.0.3
1370605433190,67d0ddf1c8284a766c6fe1efd7eef2fc,55,11,true,1000,false,11334.01,0.0.3
1370605433190,7333523293b27d57f6d88ba418cb5d9e,75,24,true,500,false,11334.01,0.0.3
1370605433190,153ece756361bcbc8165ccb6d1dd299f,29,38,true,1000,false,11334.01,0.0.3
1370605433190,5b49cd36c2e98aee798dbc63c3780cf0,100,15,true,200,false,11334.01,0.0.3
1370605433190,0c58d860a1d2ce392c4d270be77523f5,1000,3,true,5,false,11334.01,0.0.3
1370607238985,7ca6d6c37405a17cf1ec9a9bb5893106,25,100,true,100,true,11363.01,0.0.3
1370607238985,153ece756361bcbc8165ccb6d1dd299f,29,39,true,1000,false,11363.01,0.0.3
1370607238985,f3d8cd7c9894d7c0f1fc09f195eea8d5,49,2,true,1000,false,11363.01,0.0.3
1370607238985,67d0ddf1c8284a766c6fe1efd7eef2fc,55,11,true,1000,false,11363.01,0.0.3
1370607238985,7333523293b27d57f6d88ba418cb5d9e,75,24,true,500,false,11363.01,0.0.3
1370607238985,5b49cd36c2e98aee798dbc63c3780cf0,100,15,true,200,false,11363.01,0.0.3
1370607238985,0c58d860a1d2ce392c4d270be77523f5,1000,3,true,5,false,11363.01,0.0.3
1370608433715,7ca6d6c37405a17cf1ec9a9bb5893106,25,100,true,100,true,11438.01,0.0.3
1370608433715,153ece756361bcbc8165ccb6d1dd299f,29,39,true,1000,false,11438.01,0.0.3
1370608433715,f3d8cd7c9894d7c0f1fc09f195eea8d5,49,2,true,1000,false,11438.01,0.0.3
1370608433715,67d0ddf1c8284a766c6fe1efd7eef2fc,55,11,true,1000,false,11438.01,0.0.3
1370608433715,7333523293b27d57f6d88ba418cb5d9e,75,25,true,500,false,11438.01,0.0.3
1370608433715,5b49cd36c2e98aee798dbc63c3780cf0,100,15,true,200,false,11438.01,0.0.3
1370608433715,0c58d860a1d2ce392c4d270be77523f5,1000,3,true,5,false,11438.01,0.0.3
1370609030728,67d0ddf1c8284a766c6fe1efd7eef2fc,55,11,true,1000,false,11413.01,0.0.3
1370609030728,153ece756361bcbc8165ccb6d1dd299f,29,39,true,1000,false,11413.01,0.0.3
1370609030728,f3d8cd7c9894d7c0f1fc09f195eea8d5,49,2,true,1000,false,11413.01,0.0.3
1370609030728,7333523293b27d57f6d88ba418cb5d9e,75,25,true,500,false,11413.01,0.0.3
1370609030728,5b49cd36c2e98aee798dbc63c3780cf0,100,15,true,200,false,11413.01,0.0.3
1370609030728,0c58d860a1d2ce392c4d270be77523f5,1000,3,true,5,false,11413.01,0.0.3
1370609030728,7ca6d6c37405a17cf1ec9a9bb5893106,25,99,true,100,false,11413.01,0.0.3
1370610239968,7ca6d6c37405a17cf1ec9a9bb5893106,25,99,true,100,false,11468.01,0.0.3
1370610239968,67d0ddf1c8284a766c6fe1efd7eef2fc,55,12,true,1000,false,11468.01,0.0.3
1370610239968,7333523293b27d57f6d88ba418cb5d9e,75,25,true,500,false,11468.01,0.0.3
1370610239968,153ece756361bcbc8165ccb6d1dd299f,29,39,true,1000,false,11468.01,0.0.3
1370610239968,f3d8cd7c9894d7c0f1fc09f195eea8d5,49,2,true,1000,false,11468.01,0.0.3
1370610239968,5b49cd36c2e98aee798dbc63c3780cf0,100,15,true,200,false,11468.01,0.0.3
1370610239968,0c58d860a1d2ce392c4d270be77523f5,1000,3,true,5,false,11468.01,0.0.3
1370611476772,67d0ddf1c8284a766c6fe1efd7eef2fc,55,12,true,1000,false,11493.01,0.0.3
1370611476772,153ece756361bcbc8165ccb6d1dd299f,29,39,true,1000,false,11493.01,0.0.3
1370611476772,f3d8cd7c9894d7c0f1fc09f195eea8d5,49,2,true,1000,false,11493.01,0.0.3
1370611476772,5b49cd36c2e98aee798dbc63c3780cf0,100,15,true,200,false,11493.01,0.0.3
1370611476772,7333523293b27d57f6d88ba418cb5d9e,75,25,true,500,false,11493.01,0.0.3
1370611476772,0c58d860a1d2ce392c4d270be77523f5,1000,3,true,5,false,11493.01,0.0.3
1370611476772,7ca6d6c37405a17cf1ec9a9bb5893106,25,100,true,100,true,11493.01,0.0.3
1370612630843,7ca6d6c37405a17cf1ec9a9bb5893106,25,100,true,100,true,11551.01,0.0.3
1370612630843,153ece756361bcbc8165ccb6d1dd299f,29,41,true,1000,false,11551.01,0.0.3
1370612630843,f3d8cd7c9894d7c0f1fc09f195eea8d5,49,2,true,1000,false,11551.01,0.0.3
1370612630843,67d0ddf1c8284a766c6fe1efd7eef2fc,55,12,true,1000,false,11551.01,0.0.3
1370612630843,7333523293b27d57f6d88ba418cb5d9e,75,25,true,500,false,11551.01,0.0.3
1370612630843,5b49cd36c2e98aee798dbc63c3780cf0,100,15,true,200,false,11551.01,0.0.3
1370612630843,0c58d860a1d2ce392c4d270be77523f5,1000,3,true,5,false,11551.01,0.0.3
1370613839120,153ece756361bcbc8165ccb6d1dd299f,29,42,true,1000,false,11580.01,0.0.3
1370613839120,f3d8cd7c9894d7c0f1fc09f195eea8d5,49,2,true,1000,false,11580.01,0.0.3
1370613839120,67d0ddf1c8284a766c6fe1efd7eef2fc,55,12,true,1000,false,11580.01,0.0.3
1370613839120,7ca6d6c37405a17cf1ec9a9bb5893106,25,100,true,100,true,11580.01,0.0.3
1370613839120,7333523293b27d57f6d88ba418cb5d9e,75,25,true,500,false,11580.01,0.0.3
1370613839120,5b49cd36c2e98aee798dbc63c3780cf0,100,15,true,200,false,11580.01,0.0.3
1370613839120,0c58d860a1d2ce392c4d270be77523f5,1000,3,true,5,false,11580.01,0.0.3
1370615033889,7ca6d6c37405a17cf1ec9a9bb5893106,25,100,true,100,true,11609.01,0.0.3
1370615033889,153ece756361bcbc8165ccb6d1dd299f,29,43,true,1000,false,11609.01,0.0.3
1370615033889,f3d8cd7c9894d7c0f1fc09f195eea8d5,49,2,true,1000,false,11609.01,0.0.3
1370615033889,67d0ddf1c8284a766c6fe1efd7eef2fc,55,12,true,1000,false,11609.01,0.0.3
1370615033889,7333523293b27d57f6d88ba418cb5d9e,75,25,true,500,false,11609.01,0.0.3
1370615033889,5b49cd36c2e98aee798dbc63c3780cf0,100,15,true,200,false,11609.01,0.0.3
1370615033889,0c58d860a1d2ce392c4d270be77523f5,1000,3,true,5,false,11609.01,0.0.3
1370615644371,7ca6d6c37405a17cf1ec9a9bb5893106,25,100,true,100,true,11638.01,0.0.3
1370615644371,67d0ddf1c8284a766c6fe1efd7eef2fc,55,12,true,1000,false,11638.01,0.0.3
1370615644371,f3d8cd7c9894d7c0f1fc09f195eea8d5,49,2,true,1000,false,11638.01,0.0.3
1370615644371,7333523293b27d57f6d88ba418cb5d9e,75,25,true,500,false,11638.01,0.0.3
1370615644371,5b49cd36c2e98aee798dbc63c3780cf0,100,15,true,200,false,11638.01,0.0.3
1370615644371,0c58d860a1d2ce392c4d270be77523f5,1000,3,true,5,false,11638.01,0.0.3
1370615644371,153ece756361bcbc8165ccb6d1dd299f,29,44,true,1000,false,11638.01,0.0.3
1370616243472,7ca6d6c37405a17cf1ec9a9bb5893106,25,100,true,100,true,11667.01,0.0.3
1370616243472,153ece756361bcbc8165ccb6d1dd299f,29,45,true,1000,false,11667.01,0.0.3
1370616243472,f3d8cd7c9894d7c0f1fc09f195eea8d5,49,2,true,1000,false,11667.01,0.0.3
1370616243472,67d0ddf1c8284a766c6fe1efd7eef2fc,55,12,true,1000,false,11667.01,0.0.3
1370616243472,7333523293b27d57f6d88ba418cb5d9e,75,25,true,500,false,11667.01,0.0.3
1370616243472,5b49cd36c2e98aee798dbc63c3780cf0,100,15,true,200,false,11667.01,0.0.3
1370616243472,0c58d860a1d2ce392c4d270be77523f5,1000,3,true,5,false,11667.01,0.0.3
1370617432531,153ece756361bcbc8165ccb6d1dd299f,29,46,true,1000,false,11746.01,0.0.3
1370617432531,f3d8cd7c9894d7c0f1fc09f195eea8d5,49,3,true,1000,false,11746.01,0.0.3
1370617432531,67d0ddf1c8284a766c6fe1efd7eef2fc,55,12,true,1000,false,11746.01,0.0.3
1370617432531,7ca6d6c37405a17cf1ec9a9bb5893106,25,100,true,100,true,11746.01,0.0.3
1370617432531,7333523293b27d57f6d88ba418cb5d9e,75,25,true,500,false,11746.01,0.0.3
1370617432531,5b49cd36c2e98aee798dbc63c3780cf0,100,15,true,200,false,11746.01,0.0.3
1370617432531,0c58d860a1d2ce392c4d270be77523f5,1000,3,true,5,false,11746.01,0.0.3
1370619235843,7ca6d6c37405a17cf1ec9a9bb5893106,25,100,true,100,true,11775.01,0.0.3
1370619235843,153ece756361bcbc8165ccb6d1dd299f,29,47,true,1000,false,11775.01,0.0.3
1370619235843,67d0ddf1c8284a766c6fe1efd7eef2fc,55,12,true,1000,false,11775.01,0.0.3
1370619235843,7333523293b27d57f6d88ba418cb5d9e,75,25,true,500,false,11775.01,0.0.3
1370619235843,f3d8cd7c9894d7c0f1fc09f195eea8d5,49,3,true,1000,false,11775.01,0.0.3
1370619235843,5b49cd36c2e98aee798dbc63c3780cf0,100,15,true,200,false,11775.01,0.0.3
1370619235843,0c58d860a1d2ce392c4d270be77523f5,1000,3,true,5,false,11775.01,0.0.3
1370624038884,153ece756361bcbc8165ccb6d1dd299f,29,47,true,1000,false,11850.01,0.0.3
1370624038884,67d0ddf1c8284a766c6fe1efd7eef2fc,55,12,true,1000,false,11850.01,0.0.3
1370624038884,f3d8cd7c9894d7c0f1fc09f195eea8d5,49,3,true,1000,false,11850.01,0.0.3
1370624038884,7333523293b27d57f6d88ba418cb5d9e,75,26,true,500,false,11850.01,0.0.3
1370624038884,5b49cd36c2e98aee798dbc63c3780cf0,100,15,true,200,false,11850.01,0.0.3
1370624038884,7ca6d6c37405a17cf1ec9a9bb5893106,25,100,true,100,true,11850.01,0.0.3
1370624038884,0c58d860a1d2ce392c4d270be77523f5,1000,3,true,5,false,11850.01,0.0.3
1370625838108,153ece756361bcbc8165ccb6d1dd299f,29,48,true,1000,false,11879.01,0.0.3
1370625838108,67d0ddf1c8284a766c6fe1efd7eef2fc,55,12,true,1000,false,11879.01,0.0.3
1370625838108,f3d8cd7c9894d7c0f1fc09f195eea8d5,49,3,true,1000,false,11879.01,0.0.3
1370625838108,5b49cd36c2e98aee798dbc63c3780cf0,100,15,true,200,false,11879.01,0.0.3
1370625838108,7333523293b27d57f6d88ba418cb5d9e,75,26,true,500,false,11879.01,0.0.3
1370625838108,0c58d860a1d2ce392c4d270be77523f5,1000,3,true,5,false,11879.01,0.0.3
1370625838108,7ca6d6c37405a17cf1ec9a9bb5893106,25,100,true,100,true,11879.01,0.0.3
1370630651935,153ece756361bcbc8165ccb6d1dd299f,29,49,true,1000,false,11908.01,0.0.3
1370630651935,f3d8cd7c9894d7c0f1fc09f195eea8d5,49,3,true,1000,false,11908.01,0.0.3
1370630651935,67d0ddf1c8284a766c6fe1efd7eef2fc,55,12,true,1000,false,11908.01,0.0.3
1370630651935,7333523293b27d57f6d88ba418cb5d9e,75,26,true,500,false,11908.01,0.0.3
1370630651935,5b49cd36c2e98aee798dbc63c3780cf0,100,15,true,200,false,11908.01,0.0.3
1370630651935,7ca6d6c37405a17cf1ec9a9bb5893106,25,100,true,100,true,11908.01,0.0.3
1370630651935,0c58d860a1d2ce392c4d270be77523f5,1000,3,true,5,false,11908.01,0.0.3
1370631244900,7ca6d6c37405a17cf1ec9a9bb5893106,25,100,true,100,true,11937.01,0.0.3
1370631244900,153ece756361bcbc8165ccb6d1dd299f,29,50,true,1000,false,11937.01,0.0.3
1370631244900,f3d8cd7c9894d7c0f1fc09f195eea8d5,49,3,true,1000,false,11937.01,0.0.3
1370631244900,67d0ddf1c8284a766c6fe1efd7eef2fc,55,12,true,1000,false,11937.01,0.0.3
1370631244900,7333523293b27d57f6d88ba418cb5d9e,75,26,true,500,false,11937.01,0.0.3
1370631244900,5b49cd36c2e98aee798dbc63c3780cf0,100,15,true,200,false,11937.01,0.0.3
1370631244900,0c58d860a1d2ce392c4d270be77523f5,1000,3,true,5,false,11937.01,0.0.3
1370631840534,7ca6d6c37405a17cf1ec9a9bb5893106,25,100,true,100,true,12015.01,0.0.3
1370631840534,153ece756361bcbc8165ccb6d1dd299f,29,51,true,1000,false,12015.01,0.0.3
1370631840534,f3d8cd7c9894d7c0f1fc09f195eea8d5,49,4,true,1000,false,12015.01,0.0.3
1370631840534,67d0ddf1c8284a766c6fe1efd7eef2fc,55,12,true,1000,false,12015.01,0.0.3
1370631840534,7333523293b27d57f6d88ba418cb5d9e,75,26,true,500,false,12015.01,0.0.3
1370631840534,5b49cd36c2e98aee798dbc63c3780cf0,100,15,true,200,false,12015.01,0.0.3
1370631840534,0c58d860a1d2ce392c4d270be77523f5,1000,3,true,5,false,12015.01,0.0.3
1370632455367,7ca6d6c37405a17cf1ec9a9bb5893106,25,100,true,100,true,12093.01,0.0.3
1370632455367,f3d8cd7c9894d7c0f1fc09f195eea8d5,49,4,true,1000,false,12093.01,0.0.3
1370632455367,153ece756361bcbc8165ccb6d1dd299f,29,53,true,1000,false,12093.01,0.0.3
1370632455367,67d0ddf1c8284a766c6fe1efd7eef2fc,55,12,true,1000,false,12093.01,0.0.3
1370632455367,7333523293b27d57f6d88ba418cb5d9e,75,26,true,500,false,12093.01,0.0.3
1370632455367,5b49cd36c2e98aee798dbc63c3780cf0,100,15,true,200,false,12093.01,0.0.3
1370632455367,0c58d860a1d2ce392c4d270be77523f5,1000,3,true,5,false,12093.01,0.0.3
1370633047157,7ca6d6c37405a17cf1ec9a9bb5893106,25,100,true,100,true,12148.01,0.0.3
1370633047157,67d0ddf1c8284a766c6fe1efd7eef2fc,55,13,true,1000,false,12148.01,0.0.3
1370633047157,f3d8cd7c9894d7c0f1fc09f195eea8d5,49,4,true,1000,false,12148.01,0.0.3
1370633047157,153ece756361bcbc8165ccb6d1dd299f,29,53,true,1000,false,12148.01,0.0.3
1370633047157,7333523293b27d57f6d88ba418cb5d9e,75,26,true,500,false,12148.01,0.0.3
1370633047157,5b49cd36c2e98aee798dbc63c3780cf0,100,15,true,200,false,12148.01,0.0.3
1370633047157,0c58d860a1d2ce392c4d270be77523f5,1000,3,true,5,false,12148.01,0.0.3
1370633644716,7ca6d6c37405a17cf1ec9a9bb5893106,25,100,true,100,true,12153.01,0.0.3
1370633644716,153ece756361bcbc8165ccb6d1dd299f,29,53,true,1000,false,12153.01,0.0.3
1370633644716,f3d8cd7c9894d7c0f1fc09f195eea8d5,49,4,true,1000,false,12153.01,0.0.3
1370633644716,67d0ddf1c8284a766c6fe1efd7eef2fc,55,13,true,1000,false,12153.01,0.0.3
1370633644716,7333523293b27d57f6d88ba418cb5d9e,75,26,true,500,false,12153.01,0.0.3
1370633644716,5b49cd36c2e98aee798dbc63c3780cf0,100,15,true,200,false,12153.01,0.0.3
1370633644716,0c58d860a1d2ce392c4d270be77523f5,1000,3,true,5,false,12153.01,0.0.3
1370634860065,7ca6d6c37405a17cf1ec9a9bb5893106,25,100,true,100,true,12182.01,0.0.3
1370634860065,153ece756361bcbc8165ccb6d1dd299f,29,54,true,1000,false,12182.01,0.0.3
1370634860065,f3d8cd7c9894d7c0f1fc09f195eea8d5,49,4,true,1000,false,12182.01,0.0.3
1370634860065,67d0ddf1c8284a766c6fe1efd7eef2fc,55,13,true,1000,false,12182.01,0.0.3
1370634860065,7333523293b27d57f6d88ba418cb5d9e,75,26,true,500,false,12182.01,0.0.3
1370634860065,5b49cd36c2e98aee798dbc63c3780cf0,100,15,true,200,false,12182.01,0.0.3
1370634860065,0c58d860a1d2ce392c4d270be77523f5,1000,3,true,5,false,12182.01,0.0.3
1370645655076,153ece756361bcbc8165ccb6d1dd299f,29,54,true,1000,false,12237.01,0.0.3
1370645655076,7ca6d6c37405a17cf1ec9a9bb5893106,25,100,true,100,true,12237.01,0.0.3
1370645655076,67d0ddf1c8284a766c6fe1efd7eef2fc,55,14,true,1000,false,12237.01,0.0.3
1370645655076,f3d8cd7c9894d7c0f1fc09f195eea8d5,49,4,true,1000,false,12237.01,0.0.3
1370645655076,5b49cd36c2e98aee798dbc63c3780cf0,100,15,true,200,false,12237.01,0.0.3
1370645655076,7333523293b27d57f6d88ba418cb5d9e,75,26,true,500,false,12237.01,0.0.3
1370645655076,0c58d860a1d2ce392c4d270be77523f5,1000,3,true,5,false,12237.01,0.0.3
1370647452069,153ece756361bcbc8165ccb6d1dd299f,29,54,true,1000,false,12292.01,0.0.3
1370647452069,7ca6d6c37405a17cf1ec9a9bb5893106,25,100,true,100,true,12292.01,0.0.3
1370647452069,67d0ddf1c8284a766c6fe1efd7eef2fc,55,15,true,1000,false,12292.01,0.0.3
1370647452069,5b49cd36c2e98aee798dbc63c3780cf0,100,15,true,200,false,12292.01,0.0.3
1370647452069,0c58d860a1d2ce392c4d270be77523f5,1000,3,true,5,false,12292.01,0.0.3
1370647452069,f3d8cd7c9894d7c0f1fc09f195eea8d5,49,4,true,1000,false,12292.01,0.0.3
1370647452069,7333523293b27d57f6d88ba418cb5d9e,75,26,true,500,false,12292.01,0.0.3
1370648075287,7ca6d6c37405a17cf1ec9a9bb5893106,25,100,true,100,true,12291.01,0.0.3
1370648075287,153ece756361bcbc8165ccb6d1dd299f,29,54,true,1000,false,12291.01,0.0.3
1370648075287,f3d8cd7c9894d7c0f1fc09f195eea8d5,49,4,true,1000,false,12291.01,0.0.3
1370648075287,67d0ddf1c8284a766c6fe1efd7eef2fc,55,15,true,1000,false,12291.01,0.0.3
1370648075287,7333523293b27d57f6d88ba418cb5d9e,75,26,true,500,false,12291.01,0.0.3
1370648075287,5b49cd36c2e98aee798dbc63c3780cf0,100,15,true,200,false,12291.01,0.0.3
1370648075287,0c58d860a1d2ce392c4d270be77523f5,1000,3,true,5,false,12291.01,0.0.3
1370649256903,7ca6d6c37405a17cf1ec9a9bb5893106,25,100,true,100,true,12320.01,0.0.3
1370649256903,67d0ddf1c8284a766c6fe1efd7eef2fc,55,15,true,1000,false,12320.01,0.0.3
1370649256903,f3d8cd7c9894d7c0f1fc09f195eea8d5,49,4,true,1000,false,12320.01,0.0.3
1370649256903,5b49cd36c2e98aee798dbc63c3780cf0,100,15,true,200,false,12320.01,0.0.3
1370649256903,0c58d860a1d2ce392c4d270be77523f5,1000,3,true,5,false,12320.01,0.0.3
1370649256903,7333523293b27d57f6d88ba418cb5d9e,75,26,true,500,false,12320.01,0.0.3
1370649256903,153ece756361bcbc8165ccb6d1dd299f,29,55,true,1000,false,12320.01,0.0.3
1370651674868,7ca6d6c37405a17cf1ec9a9bb5893106,25,100,true,100,true,12345.01,0.0.3
1370651674868,153ece756361bcbc8165ccb6d1dd299f,29,55,true,1000,false,12345.01,0.0.3
1370651674868,f3d8cd7c9894d7c0f1fc09f195eea8d5,49,4,true,1000,false,12345.01,0.0.3
1370651674868,67d0ddf1c8284a766c6fe1efd7eef2fc,55,15,true,1000,false,12345.01,0.0.3
1370651674868,7333523293b27d57f6d88ba418cb5d9e,75,26,true,500,false,12345.01,0.0.3
1370651674868,5b49cd36c2e98aee798dbc63c3780cf0,100,15,true,200,false,12345.01,0.0.3
1370651674868,0c58d860a1d2ce392c4d270be77523f5,1000,3,true,5,false,12345.01,0.0.3
1370652860224,153ece756361bcbc8165ccb6d1dd299f,29,55,true,1000,false,12420.01,0.0.3
1370652860224,f3d8cd7c9894d7c0f1fc09f195eea8d5,49,4,true,1000,false,12420.01,0.0.3
1370652860224,67d0ddf1c8284a766c6fe1efd7eef2fc,55,15,true,1000,false,12420.01,0.0.3
1370652860224,7ca6d6c37405a17cf1ec9a9bb5893106,25,100,true,100,true,12420.01,0.0.3
1370652860224,7333523293b27d57f6d88ba418cb5d9e,75,27,true,500,false,12420.01,0.0.3
1370652860224,5b49cd36c2e98aee798dbc63c3780cf0,100,15,true,200,false,12420.01,0.0.3
1370652860224,0c58d860a1d2ce392c4d270be77523f5,1000,3,true,5,false,12420.01,0.0.3
1370654661291,7ca6d6c37405a17cf1ec9a9bb5893106,25,100,true,100,true,12449.01,0.0.3
1370654661291,67d0ddf1c8284a766c6fe1efd7eef2fc,55,15,true,1000,false,12449.01,0.0.3
1370654661291,f3d8cd7c9894d7c0f1fc09f195eea8d5,49,4,true,1000,false,12449.01,0.0.3
1370654661291,153ece756361bcbc8165ccb6d1dd299f,29,56,true,1000,false,12449.01,0.0.3
1370654661291,5b49cd36c2e98aee798dbc63c3780cf0,100,15,true,200,false,12449.01,0.0.3
1370654661291,7333523293b27d57f6d88ba418cb5d9e,75,27,true,500,false,12449.01,0.0.3
1370654661291,0c58d860a1d2ce392c4d270be77523f5,1000,3,true,5,false,12449.01,0.0.3
1370655857165,7ca6d6c37405a17cf1ec9a9bb5893106,25,100,true,100,true,12524.01,0.0.3
1370655857165,153ece756361bcbc8165ccb6d1dd299f,29,56,true,1000,false,12524.01,0.0.3
1370655857165,67d0ddf1c8284a766c6fe1efd7eef2fc,55,15,true,1000,false,12524.01,0.0.3
1370655857165,f3d8cd7c9894d7c0f1fc09f195eea8d5,49,4,true,1000,false,12524.01,0.0.3
1370655857165,7333523293b27d57f6d88ba418cb5d9e,75,28,true,500,false,12524.01,0.0.3
1370655857165,5b49cd36c2e98aee798dbc63c3780cf0,100,15,true,200,false,12524.01,0.0.3
1370655857165,0c58d860a1d2ce392c4d270be77523f5,1000,3,true,5,false,12524.01,0.0.3
1370657067963,7ca6d6c37405a17cf1ec9a9bb5893106,25,100,true,100,true,12553.01,0.0.3
1370657067963,f3d8cd7c9894d7c0f1fc09f195eea8d5,49,4,true,1000,false,12553.01,0.0.3
1370657067963,67d0ddf1c8284a766c6fe1efd7eef2fc,55,15,true,1000,false,12553.01,0.0.3
1370657067963,153ece756361bcbc8165ccb6d1dd299f,29,57,true,1000,false,12553.01,0.0.3
1370657067963,7333523293b27d57f6d88ba418cb5d9e,75,28,true,500,false,12553.01,0.0.3
1370657067963,5b49cd36c2e98aee798dbc63c3780cf0,100,15,true,200,false,12553.01,0.0.3
1370657067963,0c58d860a1d2ce392c4d270be77523f5,1000,3,true,5,false,12553.01,0.0.3
1370670865806,7ca6d6c37405a17cf1ec9a9bb5893106,25,100,true,100,true,12582.01,0.0.3
1370670865806,153ece756361bcbc8165ccb6d1dd299f,29,58,true,1000,false,12582.01,0.0.3
1370670865806,f3d8cd7c9894d7c0f1fc09f195eea8d5,49,4,true,1000,false,12582.01,0.0.3
1370670865806,67d0ddf1c8284a766c6fe1efd7eef2fc,55,15,true,1000,false,12582.01,0.0.3
1370670865806,7333523293b27d57f6d88ba418cb5d9e,75,28,true,500,false,12582.01,0.0.3
1370670865806,5b49cd36c2e98aee798dbc63c3780cf0,100,15,true,200,false,12582.01,0.0.3
1370670865806,0c58d860a1d2ce392c4d270be77523f5,1000,3,true,5,false,12582.01,0.0.3
1370673269098,7ca6d6c37405a17cf1ec9a9bb5893106,25,100,true,100,true,12611.01,0.0.3
1370673269098,153ece756361bcbc8165ccb6d1dd299f,29,59,true,1000,false,12611.01,0.0.3
1370673269098,f3d8cd7c9894d7c0f1fc09f195eea8d5,49,4,true,1000,false,12611.01,0.0.3
1370673269098,67d0ddf1c8284a766c6fe1efd7eef2fc,55,15,true,1000,false,12611.01,0.0.3
1370673269098,7333523293b27d57f6d88ba418cb5d9e,75,28,true,500,false,12611.01,0.0.3
1370673269098,5b49cd36c2e98aee798dbc63c3780cf0,100,15,true,200,false,12611.01,0.0.3
1370673269098,0c58d860a1d2ce392c4d270be77523f5,1000,3,true,5,false,12611.01,0.0.3
1370679885744,7ca6d6c37405a17cf1ec9a9bb5893106,25,100,true,100,true,12660.01,0.0.3
1370679885744,153ece756361bcbc8165ccb6d1dd299f,29,60,true,1000,false,12660.01,0.0.3
1370679885744,f3d8cd7c9894d7c0f1fc09f195eea8d5,49,4,true,1000,false,12660.01,0.0.3
1370679885744,67d0ddf1c8284a766c6fe1efd7eef2fc,55,15,true,1000,false,12660.01,0.0.3
1370679885744,7333523293b27d57f6d88ba418cb5d9e,75,28,true,500,false,12660.01,0.0.3
1370679885744,5b49cd36c2e98aee798dbc63c3780cf0,100,15,true,200,false,12660.01,0.0.3
1370679885744,0c58d860a1d2ce392c4d270be77523f5,1000,3,true,5,false,12660.01,0.0.3
1370684075850,153ece756361bcbc8165ccb6d1dd299f,29,61,true,1000,false,12709.01,0.0.3
1370684075850,f3d8cd7c9894d7c0f1fc09f195eea8d5,49,4,true,1000,false,12709.01,0.0.3
1370684075850,67d0ddf1c8284a766c6fe1efd7eef2fc,55,15,true,1000,false,12709.01,0.0.3
1370684075850,7ca6d6c37405a17cf1ec9a9bb5893106,25,100,true,100,true,12709.01,0.0.3
1370684075850,7333523293b27d57f6d88ba418cb5d9e,75,28,true,500,false,12709.01,0.0.3
1370684075850,5b49cd36c2e98aee798dbc63c3780cf0,100,15,true,200,false,12709.01,0.0.3
1370684075850,0c58d860a1d2ce392c4d270be77523f5,1000,3,true,5,false,12709.01,0.0.3
1370690073937,7ca6d6c37405a17cf1ec9a9bb5893106,25,100,true,100,true,12764.01,0.0.3
1370690073937,153ece756361bcbc8165ccb6d1dd299f,29,61,true,1000,false,12764.01,0.0.3
1370690073937,f3d8cd7c9894d7c0f1fc09f195eea8d5,49,4,true,1000,false,12764.01,0.0.3
1370690073937,67d0ddf1c8284a766c6fe1efd7eef2fc,55,16,true,1000,false,12764.01,0.0.3
1370690073937,7333523293b27d57f6d88ba418cb5d9e,75,28,true,500,false,12764.01,0.0.3
1370690073937,5b49cd36c2e98aee798dbc63c3780cf0,100,15,true,200,false,12764.01,0.0.3
1370690073937,0c58d860a1d2ce392c4d270be77523f5,1000,3,true,5,false,12764.01,0.0.3
1370693081096,153ece756361bcbc8165ccb6d1dd299f,29,62,true,1000,false,12868.01,0.0.3
1370693081096,7ca6d6c37405a17cf1ec9a9bb5893106,25,100,true,100,true,12868.01,0.0.3
1370693081096,67d0ddf1c8284a766c6fe1efd7eef2fc,55,17,true,1000,false,12868.01,0.0.3
1370693081096,f3d8cd7c9894d7c0f1fc09f195eea8d5,49,4,true,1000,false,12868.01,0.0.3
1370693081096,7333523293b27d57f6d88ba418cb5d9e,75,28,true,500,false,12868.01,0.0.3
1370693081096,0c58d860a1d2ce392c4d270be77523f5,1000,3,true,5,false,12868.01,0.0.3
1370693081096,5b49cd36c2e98aee798dbc63c3780cf0,100,15,true,200,false,12868.01,0.0.3
1370696083243,f3d8cd7c9894d7c0f1fc09f195eea8d5,49,4,true,1000,false,12897.01,0.0.3
1370696083243,7ca6d6c37405a17cf1ec9a9bb5893106,25,100,true,100,true,12897.01,0.0.3
1370696083243,67d0ddf1c8284a766c6fe1efd7eef2fc,55,17,true,1000,false,12897.01,0.0.3
1370696083243,7333523293b27d57f6d88ba418cb5d9e,75,28,true,500,false,12897.01,0.0.3
1370696083243,5b49cd36c2e98aee798dbc63c3780cf0,100,15,true,200,false,12897.01,0.0.3
1370696083243,153ece756361bcbc8165ccb6d1dd299f,29,63,true,1000,false,12897.01,0.0.3
1370696083243,0c58d860a1d2ce392c4d270be77523f5,1000,3,true,5,false,12897.01,0.0.3
1370699682164,7ca6d6c37405a17cf1ec9a9bb5893106,25,100,true,100,true,12952.01,0.0.3
1370699682164,153ece756361bcbc8165ccb6d1dd299f,29,63,true,1000,false,12952.01,0.0.3
1370699682164,f3d8cd7c9894d7c0f1fc09f195eea8d5,49,4,true,1000,false,12952.01,0.0.3
1370699682164,67d0ddf1c8284a766c6fe1efd7eef2fc,55,18,true,1000,false,12952.01,0.0.3
1370699682164,7333523293b27d57f6d88ba418cb5d9e,75,28,true,500,false,12952.01,0.0.3
1370699682164,5b49cd36c2e98aee798dbc63c3780cf0,100,15,true,200,false,12952.01,0.0.3
1370699682164,0c58d860a1d2ce392c4d270be77523f5,1000,3,true,5,false,12952.01,0.0.3
1370701480584,7ca6d6c37405a17cf1ec9a9bb5893106,25,100,true,100,true,12981.01,0.0.3
1370701480584,f3d8cd7c9894d7c0f1fc09f195eea8d5,49,4,true,1000,false,12981.01,0.0.3
1370701480584,67d0ddf1c8284a766c6fe1efd7eef2fc,55,18,true,1000,false,12981.01,0.0.3
1370701480584,153ece756361bcbc8165ccb6d1dd299f,29,64,true,1000,false,12981.01,0.0.3
1370701480584,7333523293b27d57f6d88ba418cb5d9e,75,28,true,500,false,12981.01,0.0.3
1370701480584,5b49cd36c2e98aee798dbc63c3780cf0,100,15,true,200,false,12981.01,0.0.3
1370701480584,0c58d860a1d2ce392c4d270be77523f5,1000,3,true,5,false,12981.01,0.0.3
1370702084987,7ca6d6c37405a17cf1ec9a9bb5893106,25,100,true,100,true,13030.01,0.0.3
1370702084987,153ece756361bcbc8165ccb6d1dd299f,29,65,true,1000,false,13030.01,0.0.3
1370702084987,f3d8cd7c9894d7c0f1fc09f195eea8d5,49,4,true,1000,false,13030.01,0.0.3
1370702084987,67d0ddf1c8284a766c6fe1efd7eef2fc,55,18,true,1000,false,13030.01,0.0.3
1370702084987,7333523293b27d57f6d88ba418cb5d9e,75,28,true,500,false,13030.01,0.0.3
1370702084987,5b49cd36c2e98aee798dbc63c3780cf0,100,15,true,200,false,13030.01,0.0.3
1370702084987,0c58d860a1d2ce392c4d270be77523f5,1000,3,true,5,false,13030.01,0.0.3
1370705092523,7ca6d6c37405a17cf1ec9a9bb5893106,25,100,true,100,true,13105.01,0.0.3
1370705092523,7333523293b27d57f6d88ba418cb5d9e,75,29,true,500,false,13105.01,0.0.3
1370705092523,67d0ddf1c8284a766c6fe1efd7eef2fc,55,18,true,1000,false,13105.01,0.0.3
1370705092523,5b49cd36c2e98aee798dbc63c3780cf0,100,15,true,200,false,13105.01,0.0.3
1370705092523,f3d8cd7c9894d7c0f1fc09f195eea8d5,49,4,true,1000,false,13105.01,0.0.3
1370705092523,153ece756361bcbc8165ccb6d1dd299f,29,65,true,1000,false,13105.01,0.0.3
1370705092523,0c58d860a1d2ce392c4d270be77523f5,1000,3,true,5,false,13105.01,0.0.3
1370706292617,7ca6d6c37405a17cf1ec9a9bb5893106,25,100,true,100,true,13160.01,0.0.3
1370706292617,153ece756361bcbc8165ccb6d1dd299f,29,65,true,1000,false,13160.01,0.0.3
1370706292617,f3d8cd7c9894d7c0f1fc09f195eea8d5,49,4,true,1000,false,13160.01,0.0.3
1370706292617,67d0ddf1c8284a766c6fe1efd7eef2fc,55,19,true,1000,false,13160.01,0.0.3
1370706292617,7333523293b27d57f6d88ba418cb5d9e,75,29,true,500,false,13160.01,0.0.3
1370706292617,5b49cd36c2e98aee798dbc63c3780cf0,100,15,true,200,false,13160.01,0.0.3
1370706292617,0c58d860a1d2ce392c4d270be77523f5,1000,3,true,5,false,13160.01,0.0.3
1370707482980,7ca6d6c37405a17cf1ec9a9bb5893106,25,100,true,100,true,13189.01,0.0.3
1370707482980,153ece756361bcbc8165ccb6d1dd299f,29,66,true,1000,false,13189.01,0.0.3
1370707482980,f3d8cd7c9894d7c0f1fc09f195eea8d5,49,4,true,1000,false,13189.01,0.0.3
1370707482980,67d0ddf1c8284a766c6fe1efd7eef2fc,55,19,true,1000,false,13189.01,0.0.3
1370707482980,7333523293b27d57f6d88ba418cb5d9e,75,29,true,500,false,13189.01,0.0.3
1370707482980,5b49cd36c2e98aee798dbc63c3780cf0,100,15,true,200,false,13189.01,0.0.3
1370707482980,0c58d860a1d2ce392c4d270be77523f5,1000,3,true,5,false,13189.01,0.0.3
1370708096521,7ca6d6c37405a17cf1ec9a9bb5893106,25,100,true,100,true,13114.01,0.0.3
1370708096521,153ece756361bcbc8165ccb6d1dd299f,29,66,true,1000,false,13114.01,0.0.3
1370708096521,67d0ddf1c8284a766c6fe1efd7eef2fc,55,19,true,1000,false,13114.01,0.0.3
1370708096521,f3d8cd7c9894d7c0f1fc09f195eea8d5,49,4,true,1000,false,13114.01,0.0.3
1370708096521,7333523293b27d57f6d88ba418cb5d9e,75,28,true,500,false,13114.01,0.0.3
1370708096521,5b49cd36c2e98aee798dbc63c3780cf0,100,15,true,200,false,13114.01,0.0.3
1370708096521,0c58d860a1d2ce392c4d270be77523f5,1000,3,true,5,false,13114.01,0.0.3
1370710497581,7ca6d6c37405a17cf1ec9a9bb5893106,25,100,true,100,true,13143.01,0.0.3
1370710497581,153ece756361bcbc8165ccb6d1dd299f,29,67,true,1000,false,13143.01,0.0.3
1370710497581,f3d8cd7c9894d7c0f1fc09f195eea8d5,49,4,true,1000,false,13143.01,0.0.3
1370710497581,67d0ddf1c8284a766c6fe1efd7eef2fc,55,19,true,1000,false,13143.01,0.0.3
1370710497581,7333523293b27d57f6d88ba418cb5d9e,75,28,true,500,false,13143.01,0.0.3
1370710497581,5b49cd36c2e98aee798dbc63c3780cf0,100,15,true,200,false,13143.01,0.0.3
1370710497581,0c58d860a1d2ce392c4d270be77523f5,1000,3,true,5,false,13143.01,0.0.3
1370711695029,7ca6d6c37405a17cf1ec9a9bb5893106,25,100,true,100,true,13227.01,0.0.3
1370711695029,153ece756361bcbc8165ccb6d1dd299f,29,68,true,1000,false,13227.01,0.0.3
1370711695029,f3d8cd7c9894d7c0f1fc09f195eea8d5,49,4,true,1000,false,13227.01,0.0.3
1370711695029,67d0ddf1c8284a766c6fe1efd7eef2fc,55,20,true,1000,false,13227.01,0.0.3
1370711695029,7333523293b27d57f6d88ba418cb5d9e,75,28,true,500,false,13227.01,0.0.3
1370711695029,5b49cd36c2e98aee798dbc63c3780cf0,100,15,true,200,false,13227.01,0.0.3
1370711695029,0c58d860a1d2ce392c4d270be77523f5,1000,3,true,5,false,13227.01,0.0.3
1370714091464,7ca6d6c37405a17cf1ec9a9bb5893106,25,100,true,100,true,13282.01,0.0.3
1370714091464,153ece756361bcbc8165ccb6d1dd299f,29,68,true,1000,false,13282.01,0.0.3
1370714091464,f3d8cd7c9894d7c0f1fc09f195eea8d5,49,4,true,1000,false,13282.01,0.0.3
1370714091464,67d0ddf1c8284a766c6fe1efd7eef2fc,55,21,true,1000,false,13282.01,0.0.3
1370714091464,7333523293b27d57f6d88ba418cb5d9e,75,28,true,500,false,13282.01,0.0.3
1370714091464,5b49cd36c2e98aee798dbc63c3780cf0,100,15,true,200,false,13282.01,0.0.3
1370714091464,0c58d860a1d2ce392c4d270be77523f5,1000,3,true,5,false,13282.01,0.0.3
1370715895518,153ece756361bcbc8165ccb6d1dd299f,29,69,true,1000,false,13311.01,0.0.3
1370715895518,7ca6d6c37405a17cf1ec9a9bb5893106,25,100,true,100,true,13311.01,0.0.3
1370715895518,f3d8cd7c9894d7c0f1fc09f195eea8d5,49,4,true,1000,false,13311.01,0.0.3
1370715895518,67d0ddf1c8284a766c6fe1efd7eef2fc,55,21,true,1000,false,13311.01,0.0.3
1370715895518,5b49cd36c2e98aee798dbc63c3780cf0,100,15,true,200,false,13311.01,0.0.3
1370715895518,7333523293b27d57f6d88ba418cb5d9e,75,28,true,500,false,13311.01,0.0.3
1370715895518,0c58d860a1d2ce392c4d270be77523f5,1000,3,true,5,false,13311.01,0.0.3
