1371478830891,e6d1fcfd6345179d1c6b1d94bcde45cb,35,0,false,0,false,0.0,0.0.3
1371478830891,43ce816ec9d5b352efbf70e459eb2819,1,0,false,0,false,0.0,0.0.3
1371478830891,d9e72d471b5c9af9e3de353e4d5f72cc,25,0,false,0,false,0.0,0.0.3
1371478830891,71d43a5e9890e65b69915f04c5d051ec,10,0,false,0,false,0.0,0.0.3
1371478830891,5ded02c27937c8548e20474fe545af19,50,0,false,0,false,0.0,0.0.3
1371478830891,b7d892d31c14547f2e5dabacf8b352be,75,0,true,100,false,0.0,0.0.3
1371478830891,98d1d9a6467129eaa7c616521664e229,100,0,true,75,false,0.0,0.0.3
1371478830891,1a91a7e5f40ab5f964cc2e2174e6f114,500,0,true,25,false,0.0,0.0.3
1371478830891,6a746ec28e3145e6afe52a2c81e6905f,200,0,true,50,false,0.0,0.0.3
1371478830891,5d5de799e81add983f13603bef8658fe,1000,0,true,10,false,0.0,0.0.3
1371478830891,8cc13cb6a6da018b7f0e194849db297b,2500,0,true,3,false,0.0,0.0.3
1371478830891,1cff96308a62f6346b6cd5e3e40ea617,5000,0,true,1,false,0.0,0.0.3
1371479430735,43ce816ec9d5b352efbf70e459eb2819,1,0,false,0,false,25.0,0.0.3
1371479430735,d9e72d471b5c9af9e3de353e4d5f72cc,25,1,false,0,false,25.0,0.0.3
1371479430735,e6d1fcfd6345179d1c6b1d94bcde45cb,35,0,false,0,false,25.0,0.0.3
1371479430735,71d43a5e9890e65b69915f04c5d051ec,10,0,false,0,false,25.0,0.0.3
1371479430735,5ded02c27937c8548e20474fe545af19,50,0,false,0,false,25.0,0.0.3
1371479430735,b7d892d31c14547f2e5dabacf8b352be,75,0,true,100,false,25.0,0.0.3
1371479430735,98d1d9a6467129eaa7c616521664e229,100,0,true,75,false,25.0,0.0.3
1371479430735,6a746ec28e3145e6afe52a2c81e6905f,200,0,true,50,false,25.0,0.0.3
1371479430735,1a91a7e5f40ab5f964cc2e2174e6f114,500,0,true,25,false,25.0,0.0.3
1371479430735,5d5de799e81add983f13603bef8658fe,1000,0,true,10,false,25.0,0.0.3
1371479430735,8cc13cb6a6da018b7f0e194849db297b,2500,0,true,3,false,25.0,0.0.3
1371479430735,1cff96308a62f6346b6cd5e3e40ea617,5000,0,true,1,false,25.0,0.0.3
1371492637108,43ce816ec9d5b352efbf70e459eb2819,1,0,false,0,false,125.0,0.0.3
1371492637108,71d43a5e9890e65b69915f04c5d051ec,10,0,false,0,false,125.0,0.0.3
1371492637108,d9e72d471b5c9af9e3de353e4d5f72cc,25,1,false,0,false,125.0,0.0.3
1371492637108,e6d1fcfd6345179d1c6b1d94bcde45cb,35,0,false,0,false,125.0,0.0.3
1371492637108,5ded02c27937c8548e20474fe545af19,50,0,false,0,false,125.0,0.0.3
1371492637108,b7d892d31c14547f2e5dabacf8b352be,75,0,true,100,false,125.0,0.0.3
1371492637108,98d1d9a6467129eaa7c616521664e229,100,1,true,75,false,125.0,0.0.3
1371492637108,6a746ec28e3145e6afe52a2c81e6905f,200,0,true,50,false,125.0,0.0.3
1371492637108,1a91a7e5f40ab5f964cc2e2174e6f114,500,0,true,25,false,125.0,0.0.3
1371492637108,5d5de799e81add983f13603bef8658fe,1000,0,true,10,false,125.0,0.0.3
1371492637108,8cc13cb6a6da018b7f0e194849db297b,2500,0,true,3,false,125.0,0.0.3
1371492637108,1cff96308a62f6346b6cd5e3e40ea617,5000,0,true,1,false,125.0,0.0.3
1371510047386,d9e72d471b5c9af9e3de353e4d5f72cc,25,1,false,0,false,1125.0,0.0.3
1371510047386,71d43a5e9890e65b69915f04c5d051ec,10,0,false,0,false,1125.0,0.0.3
1371510047386,43ce816ec9d5b352efbf70e459eb2819,1,0,false,0,false,1125.0,0.0.3
1371510047386,e6d1fcfd6345179d1c6b1d94bcde45cb,35,0,false,0,false,1125.0,0.0.3
1371510047386,5ded02c27937c8548e20474fe545af19,50,0,false,0,false,1125.0,0.0.3
1371510047386,b7d892d31c14547f2e5dabacf8b352be,75,0,true,100,false,1125.0,0.0.3
1371510047386,98d1d9a6467129eaa7c616521664e229,100,1,true,75,false,1125.0,0.0.3
1371510047386,6a746ec28e3145e6afe52a2c81e6905f,200,0,true,50,false,1125.0,0.0.3
1371510047386,1a91a7e5f40ab5f964cc2e2174e6f114,500,0,true,25,false,1125.0,0.0.3
1371510047386,5d5de799e81add983f13603bef8658fe,1000,1,true,10,false,1125.0,0.0.3
1371510047386,8cc13cb6a6da018b7f0e194849db297b,2500,0,true,3,false,1125.0,0.0.3
1371510047386,1cff96308a62f6346b6cd5e3e40ea617,5000,0,true,1,false,1125.0,0.0.3
1371521453253,43ce816ec9d5b352efbf70e459eb2819,1,0,false,0,false,1135.0,0.0.3
1371521453253,71d43a5e9890e65b69915f04c5d051ec,10,1,false,0,false,1135.0,0.0.3
1371521453253,d9e72d471b5c9af9e3de353e4d5f72cc,25,1,false,0,false,1135.0,0.0.3
1371521453253,e6d1fcfd6345179d1c6b1d94bcde45cb,35,0,false,0,false,1135.0,0.0.3
1371521453253,5ded02c27937c8548e20474fe545af19,50,0,false,0,false,1135.0,0.0.3
1371521453253,b7d892d31c14547f2e5dabacf8b352be,75,0,true,100,false,1135.0,0.0.3
1371521453253,98d1d9a6467129eaa7c616521664e229,100,1,true,75,false,1135.0,0.0.3
1371521453253,6a746ec28e3145e6afe52a2c81e6905f,200,0,true,50,false,1135.0,0.0.3
1371521453253,1a91a7e5f40ab5f964cc2e2174e6f114,500,0,true,25,false,1135.0,0.0.3
1371521453253,5d5de799e81add983f13603bef8658fe,1000,1,true,10,false,1135.0,0.0.3
1371521453253,8cc13cb6a6da018b7f0e194849db297b,2500,0,true,3,false,1135.0,0.0.3
1371521453253,1cff96308a62f6346b6cd5e3e40ea617,5000,0,true,1,false,1135.0,0.0.3
1371540059906,e6d1fcfd6345179d1c6b1d94bcde45cb,35,0,false,0,false,1345.0,0.0.3
1371540059906,43ce816ec9d5b352efbf70e459eb2819,1,0,false,0,false,1345.0,0.0.3
1371540059906,d9e72d471b5c9af9e3de353e4d5f72cc,25,1,false,0,false,1345.0,0.0.3
1371540059906,98d1d9a6467129eaa7c616521664e229,100,1,true,75,false,1345.0,0.0.3
1371540059906,6a746ec28e3145e6afe52a2c81e6905f,200,1,true,50,false,1345.0,0.0.3
1371540059906,71d43a5e9890e65b69915f04c5d051ec,10,1,false,0,false,1345.0,0.0.3
1371540059906,1a91a7e5f40ab5f964cc2e2174e6f114,500,0,true,25,false,1345.0,0.0.3
1371540059906,5d5de799e81add983f13603bef8658fe,1000,1,true,10,false,1345.0,0.0.3
1371540059906,8cc13cb6a6da018b7f0e194849db297b,2500,0,true,3,false,1345.0,0.0.3
1371540059906,1cff96308a62f6346b6cd5e3e40ea617,5000,0,true,1,false,1345.0,0.0.3
1371540059906,5ded02c27937c8548e20474fe545af19,50,0,false,0,false,1345.0,0.0.3
1371540059906,b7d892d31c14547f2e5dabacf8b352be,75,0,true,100,false,1345.0,0.0.3
1371571867224,43ce816ec9d5b352efbf70e459eb2819,1,0,false,0,false,1470.0,0.0.3
1371571867224,d9e72d471b5c9af9e3de353e4d5f72cc,25,2,false,0,false,1470.0,0.0.3
1371571867224,5ded02c27937c8548e20474fe545af19,50,0,false,0,false,1470.0,0.0.3
1371571867224,e6d1fcfd6345179d1c6b1d94bcde45cb,35,0,false,0,false,1470.0,0.0.3
1371571867224,b7d892d31c14547f2e5dabacf8b352be,75,0,true,100,false,1470.0,0.0.3
1371571867224,71d43a5e9890e65b69915f04c5d051ec,10,1,false,0,false,1470.0,0.0.3
1371571867224,98d1d9a6467129eaa7c616521664e229,100,2,true,75,false,1470.0,0.0.3
1371571867224,6a746ec28e3145e6afe52a2c81e6905f,200,1,true,50,false,1470.0,0.0.3
1371571867224,1a91a7e5f40ab5f964cc2e2174e6f114,500,0,true,25,false,1470.0,0.0.3
1371571867224,5d5de799e81add983f13603bef8658fe,1000,1,true,10,false,1470.0,0.0.3
1371571867224,8cc13cb6a6da018b7f0e194849db297b,2500,0,true,3,false,1470.0,0.0.3
1371571867224,1cff96308a62f6346b6cd5e3e40ea617,5000,0,true,1,false,1470.0,0.0.3
1371604889803,71d43a5e9890e65b69915f04c5d051ec,10,1,false,0,false,1545.0,0.0.3
1371604889803,d9e72d471b5c9af9e3de353e4d5f72cc,25,2,false,0,false,1545.0,0.0.3
1371604889803,e6d1fcfd6345179d1c6b1d94bcde45cb,35,0,false,0,false,1545.0,0.0.3
1371604889803,5ded02c27937c8548e20474fe545af19,50,0,false,0,false,1545.0,0.0.3
1371604889803,43ce816ec9d5b352efbf70e459eb2819,1,0,false,0,false,1545.0,0.0.3
1371604889803,b7d892d31c14547f2e5dabacf8b352be,75,0,true,100,false,1545.0,0.0.3
1371604889803,98d1d9a6467129eaa7c616521664e229,100,1,true,75,false,1545.0,0.0.3
1371604889803,6a746ec28e3145e6afe52a2c81e6905f,200,1,true,50,false,1545.0,0.0.3
1371604889803,1a91a7e5f40ab5f964cc2e2174e6f114,500,0,true,25,false,1545.0,0.0.3
1371604889803,5d5de799e81add983f13603bef8658fe,1000,1,true,10,false,1545.0,0.0.3
1371604889803,8cc13cb6a6da018b7f0e194849db297b,2500,0,true,3,false,1545.0,0.0.3
1371604889803,1cff96308a62f6346b6cd5e3e40ea617,5000,0,true,1,false,1545.0,0.0.3
1371657703593,43ce816ec9d5b352efbf70e459eb2819,1,0,false,0,false,1595.0,0.0.3
1371657703593,71d43a5e9890e65b69915f04c5d051ec,10,1,false,0,false,1595.0,0.0.3
1371657703593,d9e72d471b5c9af9e3de353e4d5f72cc,25,2,false,0,false,1595.0,0.0.3
1371657703593,e6d1fcfd6345179d1c6b1d94bcde45cb,35,0,false,0,false,1595.0,0.0.3
1371657703593,5ded02c27937c8548e20474fe545af19,50,1,false,0,false,1595.0,0.0.3
1371657703593,b7d892d31c14547f2e5dabacf8b352be,75,0,true,100,false,1595.0,0.0.3
1371657703593,98d1d9a6467129eaa7c616521664e229,100,1,true,75,false,1595.0,0.0.3
1371657703593,6a746ec28e3145e6afe52a2c81e6905f,200,1,true,50,false,1595.0,0.0.3
1371657703593,1a91a7e5f40ab5f964cc2e2174e6f114,500,0,true,25,false,1595.0,0.0.3
1371657703593,5d5de799e81add983f13603bef8658fe,1000,1,true,10,false,1595.0,0.0.3
1371657703593,8cc13cb6a6da018b7f0e194849db297b,2500,0,true,3,false,1595.0,0.0.3
1371657703593,1cff96308a62f6346b6cd5e3e40ea617,5000,0,true,1,false,1595.0,0.0.3
1371662502310,e6d1fcfd6345179d1c6b1d94bcde45cb,35,0,false,0,false,1620.0,0.0.3
1371662502310,71d43a5e9890e65b69915f04c5d051ec,10,1,false,0,false,1620.0,0.0.3
1371662502310,b7d892d31c14547f2e5dabacf8b352be,75,0,true,100,false,1620.0,0.0.3
1371662502310,d9e72d471b5c9af9e3de353e4d5f72cc,25,3,false,0,false,1620.0,0.0.3
1371662502310,5ded02c27937c8548e20474fe545af19,50,1,false,0,false,1620.0,0.0.3
1371662502310,6a746ec28e3145e6afe52a2c81e6905f,200,1,true,50,false,1620.0,0.0.3
1371662502310,98d1d9a6467129eaa7c616521664e229,100,1,true,75,false,1620.0,0.0.3
1371662502310,1a91a7e5f40ab5f964cc2e2174e6f114,500,0,true,25,false,1620.0,0.0.3
1371662502310,5d5de799e81add983f13603bef8658fe,1000,1,true,10,false,1620.0,0.0.3
1371662502310,8cc13cb6a6da018b7f0e194849db297b,2500,0,true,3,false,1620.0,0.0.3
1371662502310,43ce816ec9d5b352efbf70e459eb2819,1,0,false,0,false,1620.0,0.0.3
1371662502310,1cff96308a62f6346b6cd5e3e40ea617,5000,0,true,1,false,1620.0,0.0.3
1371666705855,43ce816ec9d5b352efbf70e459eb2819,1,0,false,0,false,1720.0,0.0.3
1371666705855,71d43a5e9890e65b69915f04c5d051ec,10,1,false,0,false,1720.0,0.0.3
1371666705855,d9e72d471b5c9af9e3de353e4d5f72cc,25,3,false,0,false,1720.0,0.0.3
1371666705855,e6d1fcfd6345179d1c6b1d94bcde45cb,35,0,false,0,false,1720.0,0.0.3
1371666705855,5ded02c27937c8548e20474fe545af19,50,1,false,0,false,1720.0,0.0.3
1371666705855,b7d892d31c14547f2e5dabacf8b352be,75,0,true,100,false,1720.0,0.0.3
1371666705855,98d1d9a6467129eaa7c616521664e229,100,2,true,75,false,1720.0,0.0.3
1371666705855,6a746ec28e3145e6afe52a2c81e6905f,200,1,true,50,false,1720.0,0.0.3
1371666705855,1a91a7e5f40ab5f964cc2e2174e6f114,500,0,true,25,false,1720.0,0.0.3
1371666705855,5d5de799e81add983f13603bef8658fe,1000,1,true,10,false,1720.0,0.0.3
1371666705855,8cc13cb6a6da018b7f0e194849db297b,2500,0,true,3,false,1720.0,0.0.3
1371666705855,1cff96308a62f6346b6cd5e3e40ea617,5000,0,true,1,false,1720.0,0.0.3
1371672113932,71d43a5e9890e65b69915f04c5d051ec,10,1,false,0,false,1820.0,0.0.3
1371672113932,d9e72d471b5c9af9e3de353e4d5f72cc,25,3,false,0,false,1820.0,0.0.3
1371672113932,43ce816ec9d5b352efbf70e459eb2819,1,0,false,0,false,1820.0,0.0.3
1371672113932,e6d1fcfd6345179d1c6b1d94bcde45cb,35,0,false,0,false,1820.0,0.0.3
1371672113932,5ded02c27937c8548e20474fe545af19,50,1,false,0,false,1820.0,0.0.3
1371672113932,b7d892d31c14547f2e5dabacf8b352be,75,0,true,100,false,1820.0,0.0.3
1371672113932,98d1d9a6467129eaa7c616521664e229,100,2,true,75,false,1820.0,0.0.3
1371672113932,6a746ec28e3145e6afe52a2c81e6905f,200,1,true,50,false,1820.0,0.0.3
1371672113932,1a91a7e5f40ab5f964cc2e2174e6f114,500,0,true,25,false,1820.0,0.0.3
1371672113932,5d5de799e81add983f13603bef8658fe,1000,1,true,10,false,1820.0,0.0.3
1371672113932,8cc13cb6a6da018b7f0e194849db297b,2500,0,true,3,false,1820.0,0.0.3
1371672113932,1cff96308a62f6346b6cd5e3e40ea617,5000,0,true,1,false,1820.0,0.0.3
1371679906326,43ce816ec9d5b352efbf70e459eb2819,1,0,false,0,false,1870.0,0.0.3
1371679906326,71d43a5e9890e65b69915f04c5d051ec,10,1,false,0,false,1870.0,0.0.3
1371679906326,d9e72d471b5c9af9e3de353e4d5f72cc,25,3,false,0,false,1870.0,0.0.3
1371679906326,e6d1fcfd6345179d1c6b1d94bcde45cb,35,0,false,0,false,1870.0,0.0.3
1371679906326,5ded02c27937c8548e20474fe545af19,50,2,false,0,false,1870.0,0.0.3
1371679906326,b7d892d31c14547f2e5dabacf8b352be,75,0,true,100,false,1870.0,0.0.3
1371679906326,98d1d9a6467129eaa7c616521664e229,100,2,true,75,false,1870.0,0.0.3
1371679906326,6a746ec28e3145e6afe52a2c81e6905f,200,1,true,50,false,1870.0,0.0.3
1371679906326,1a91a7e5f40ab5f964cc2e2174e6f114,500,0,true,25,false,1870.0,0.0.3
1371679906326,5d5de799e81add983f13603bef8658fe,1000,1,true,10,false,1870.0,0.0.3
1371679906326,8cc13cb6a6da018b7f0e194849db297b,2500,0,true,3,false,1870.0,0.0.3
1371679906326,1cff96308a62f6346b6cd5e3e40ea617,5000,0,true,1,false,1870.0,0.0.3
1371685915333,43ce816ec9d5b352efbf70e459eb2819,1,0,false,0,false,1895.0,0.0.3
1371685915333,71d43a5e9890e65b69915f04c5d051ec,10,1,false,0,false,1895.0,0.0.3
1371685915333,d9e72d471b5c9af9e3de353e4d5f72cc,25,4,false,0,false,1895.0,0.0.3
1371685915333,e6d1fcfd6345179d1c6b1d94bcde45cb,35,0,false,0,false,1895.0,0.0.3
1371685915333,5ded02c27937c8548e20474fe545af19,50,2,false,0,false,1895.0,0.0.3
1371685915333,b7d892d31c14547f2e5dabacf8b352be,75,0,true,100,false,1895.0,0.0.3
1371685915333,98d1d9a6467129eaa7c616521664e229,100,2,true,75,false,1895.0,0.0.3
1371685915333,6a746ec28e3145e6afe52a2c81e6905f,200,1,true,50,false,1895.0,0.0.3
1371685915333,1a91a7e5f40ab5f964cc2e2174e6f114,500,0,true,25,false,1895.0,0.0.3
1371685915333,5d5de799e81add983f13603bef8658fe,1000,1,true,10,false,1895.0,0.0.3
1371685915333,8cc13cb6a6da018b7f0e194849db297b,2500,0,true,3,false,1895.0,0.0.3
1371685915333,1cff96308a62f6346b6cd5e3e40ea617,5000,0,true,1,false,1895.0,0.0.3
1371696720686,43ce816ec9d5b352efbf70e459eb2819,1,0,false,0,false,1945.0,0.0.3
1371696720686,71d43a5e9890e65b69915f04c5d051ec,10,1,false,0,false,1945.0,0.0.3
1371696720686,d9e72d471b5c9af9e3de353e4d5f72cc,25,4,false,0,false,1945.0,0.0.3
1371696720686,e6d1fcfd6345179d1c6b1d94bcde45cb,35,0,false,0,false,1945.0,0.0.3
1371696720686,5ded02c27937c8548e20474fe545af19,50,3,false,0,false,1945.0,0.0.3
1371696720686,b7d892d31c14547f2e5dabacf8b352be,75,0,true,100,false,1945.0,0.0.3
1371696720686,98d1d9a6467129eaa7c616521664e229,100,2,true,75,false,1945.0,0.0.3
1371696720686,6a746ec28e3145e6afe52a2c81e6905f,200,1,true,50,false,1945.0,0.0.3
1371696720686,1a91a7e5f40ab5f964cc2e2174e6f114,500,0,true,25,false,1945.0,0.0.3
1371696720686,5d5de799e81add983f13603bef8658fe,1000,1,true,10,false,1945.0,0.0.3
1371696720686,8cc13cb6a6da018b7f0e194849db297b,2500,0,true,3,false,1945.0,0.0.3
1371696720686,1cff96308a62f6346b6cd5e3e40ea617,5000,0,true,1,false,1945.0,0.0.3
1371702140918,43ce816ec9d5b352efbf70e459eb2819,1,0,false,0,false,1955.0,0.0.3
1371702140918,71d43a5e9890e65b69915f04c5d051ec,10,2,false,0,false,1955.0,0.0.3
1371702140918,d9e72d471b5c9af9e3de353e4d5f72cc,25,4,false,0,false,1955.0,0.0.3
1371702140918,e6d1fcfd6345179d1c6b1d94bcde45cb,35,0,false,0,false,1955.0,0.0.3
1371702140918,5ded02c27937c8548e20474fe545af19,50,3,false,0,false,1955.0,0.0.3
1371702140918,b7d892d31c14547f2e5dabacf8b352be,75,0,true,100,false,1955.0,0.0.3
1371702140918,98d1d9a6467129eaa7c616521664e229,100,2,true,75,false,1955.0,0.0.3
1371702140918,6a746ec28e3145e6afe52a2c81e6905f,200,1,true,50,false,1955.0,0.0.3
1371702140918,1a91a7e5f40ab5f964cc2e2174e6f114,500,0,true,25,false,1955.0,0.0.3
1371702140918,5d5de799e81add983f13603bef8658fe,1000,1,true,10,false,1955.0,0.0.3
1371702140918,8cc13cb6a6da018b7f0e194849db297b,2500,0,true,3,false,1955.0,0.0.3
1371702140918,1cff96308a62f6346b6cd5e3e40ea617,5000,0,true,1,false,1955.0,0.0.3
1371717118946,43ce816ec9d5b352efbf70e459eb2819,1,0,false,0,false,2065.0,0.0.3
1371717118946,71d43a5e9890e65b69915f04c5d051ec,10,2,false,0,false,2065.0,0.0.3
1371717118946,d9e72d471b5c9af9e3de353e4d5f72cc,25,4,false,0,false,2065.0,0.0.3
1371717118946,e6d1fcfd6345179d1c6b1d94bcde45cb,35,0,false,0,false,2065.0,0.0.3
1371717118946,5ded02c27937c8548e20474fe545af19,50,3,false,0,false,2065.0,0.0.3
1371717118946,b7d892d31c14547f2e5dabacf8b352be,75,0,true,100,false,2065.0,0.0.3
1371717118946,6a746ec28e3145e6afe52a2c81e6905f,200,1,true,50,false,2065.0,0.0.3
1371717118946,98d1d9a6467129eaa7c616521664e229,100,3,true,75,false,2065.0,0.0.3
1371717118946,1a91a7e5f40ab5f964cc2e2174e6f114,500,0,true,25,false,2065.0,0.0.3
1371717118946,5d5de799e81add983f13603bef8658fe,1000,1,true,10,false,2065.0,0.0.3
1371717118946,8cc13cb6a6da018b7f0e194849db297b,2500,0,true,3,false,2065.0,0.0.3
1371717118946,1cff96308a62f6346b6cd5e3e40ea617,5000,0,true,1,false,2065.0,0.0.3
1371732722944,43ce816ec9d5b352efbf70e459eb2819,1,0,false,0,false,2115.0,0.0.3
1371732722944,71d43a5e9890e65b69915f04c5d051ec,10,2,false,0,false,2115.0,0.0.3
1371732722944,d9e72d471b5c9af9e3de353e4d5f72cc,25,4,false,0,false,2115.0,0.0.3
1371732722944,e6d1fcfd6345179d1c6b1d94bcde45cb,35,0,false,0,false,2115.0,0.0.3
1371732722944,5ded02c27937c8548e20474fe545af19,50,4,false,0,false,2115.0,0.0.3
1371732722944,b7d892d31c14547f2e5dabacf8b352be,75,0,true,100,false,2115.0,0.0.3
1371732722944,98d1d9a6467129eaa7c616521664e229,100,3,true,75,false,2115.0,0.0.3
1371732722944,6a746ec28e3145e6afe52a2c81e6905f,200,1,true,50,false,2115.0,0.0.3
1371732722944,1a91a7e5f40ab5f964cc2e2174e6f114,500,0,true,25,false,2115.0,0.0.3
1371732722944,5d5de799e81add983f13603bef8658fe,1000,1,true,10,false,2115.0,0.0.3
1371732722944,8cc13cb6a6da018b7f0e194849db297b,2500,0,true,3,false,2115.0,0.0.3
1371732722944,1cff96308a62f6346b6cd5e3e40ea617,5000,0,true,1,false,2115.0,0.0.3
1371733927167,43ce816ec9d5b352efbf70e459eb2819,1,0,false,0,false,2125.0,0.0.3
1371733927167,5ded02c27937c8548e20474fe545af19,50,4,false,0,false,2125.0,0.0.3
1371733927167,e6d1fcfd6345179d1c6b1d94bcde45cb,35,0,false,0,false,2125.0,0.0.3
1371733927167,b7d892d31c14547f2e5dabacf8b352be,75,0,true,100,false,2125.0,0.0.3
1371733927167,d9e72d471b5c9af9e3de353e4d5f72cc,25,4,false,0,false,2125.0,0.0.3
1371733927167,71d43a5e9890e65b69915f04c5d051ec,10,3,false,0,false,2125.0,0.0.3
1371733927167,98d1d9a6467129eaa7c616521664e229,100,3,true,75,false,2125.0,0.0.3
1371733927167,6a746ec28e3145e6afe52a2c81e6905f,200,1,true,50,false,2125.0,0.0.3
1371733927167,1a91a7e5f40ab5f964cc2e2174e6f114,500,0,true,25,false,2125.0,0.0.3
1371733927167,1cff96308a62f6346b6cd5e3e40ea617,5000,0,true,1,false,2125.0,0.0.3
1371733927167,5d5de799e81add983f13603bef8658fe,1000,1,true,10,false,2125.0,0.0.3
1371733927167,8cc13cb6a6da018b7f0e194849db297b,2500,0,true,3,false,2125.0,0.0.3
1371739327349,43ce816ec9d5b352efbf70e459eb2819,1,0,false,0,false,2225.0,0.0.3
1371739327349,71d43a5e9890e65b69915f04c5d051ec,10,3,false,0,false,2225.0,0.0.3
1371739327349,d9e72d471b5c9af9e3de353e4d5f72cc,25,4,false,0,false,2225.0,0.0.3
1371739327349,e6d1fcfd6345179d1c6b1d94bcde45cb,35,0,false,0,false,2225.0,0.0.3
1371739327349,5ded02c27937c8548e20474fe545af19,50,4,false,0,false,2225.0,0.0.3
1371739327349,b7d892d31c14547f2e5dabacf8b352be,75,0,true,100,false,2225.0,0.0.3
1371739327349,98d1d9a6467129eaa7c616521664e229,100,4,true,75,false,2225.0,0.0.3
1371739327349,6a746ec28e3145e6afe52a2c81e6905f,200,1,true,50,false,2225.0,0.0.3
1371739327349,1a91a7e5f40ab5f964cc2e2174e6f114,500,0,true,25,false,2225.0,0.0.3
1371739327349,5d5de799e81add983f13603bef8658fe,1000,1,true,10,false,2225.0,0.0.3
1371739327349,8cc13cb6a6da018b7f0e194849db297b,2500,0,true,3,false,2225.0,0.0.3
1371739327349,1cff96308a62f6346b6cd5e3e40ea617,5000,0,true,1,false,2225.0,0.0.3
1371739930808,e6d1fcfd6345179d1c6b1d94bcde45cb,35,0,false,0,false,2245.0,0.0.3
1371739930808,71d43a5e9890e65b69915f04c5d051ec,10,3,false,0,false,2245.0,0.0.3
1371739930808,d9e72d471b5c9af9e3de353e4d5f72cc,25,4,false,0,false,2245.0,0.0.3
1371739930808,5ded02c27937c8548e20474fe545af19,50,4,false,0,false,2245.0,0.0.3
1371739930808,b7d892d31c14547f2e5dabacf8b352be,75,0,true,100,false,2245.0,0.0.3
1371739930808,98d1d9a6467129eaa7c616521664e229,100,4,true,75,false,2245.0,0.0.3
1371739930808,6a746ec28e3145e6afe52a2c81e6905f,200,1,true,50,false,2245.0,0.0.3
1371739930808,1a91a7e5f40ab5f964cc2e2174e6f114,500,0,true,25,false,2245.0,0.0.3
1371739930808,5d5de799e81add983f13603bef8658fe,1000,1,true,10,false,2245.0,0.0.3
1371739930808,8cc13cb6a6da018b7f0e194849db297b,2500,0,true,3,false,2245.0,0.0.3
1371739930808,43ce816ec9d5b352efbf70e459eb2819,1,0,false,0,false,2245.0,0.0.3
1371739930808,1cff96308a62f6346b6cd5e3e40ea617,5000,0,true,1,false,2245.0,0.0.3
1371742934088,43ce816ec9d5b352efbf70e459eb2819,1,0,false,0,false,2320.0,0.0.3
1371742934088,71d43a5e9890e65b69915f04c5d051ec,10,3,false,0,false,2320.0,0.0.3
1371742934088,d9e72d471b5c9af9e3de353e4d5f72cc,25,5,false,0,false,2320.0,0.0.3
1371742934088,e6d1fcfd6345179d1c6b1d94bcde45cb,35,0,false,0,false,2320.0,0.0.3
1371742934088,5ded02c27937c8548e20474fe545af19,50,4,false,0,false,2320.0,0.0.3
1371742934088,b7d892d31c14547f2e5dabacf8b352be,75,0,true,100,false,2320.0,0.0.3
1371742934088,98d1d9a6467129eaa7c616521664e229,100,4,true,75,false,2320.0,0.0.3
1371742934088,6a746ec28e3145e6afe52a2c81e6905f,200,1,true,50,false,2320.0,0.0.3
1371742934088,1a91a7e5f40ab5f964cc2e2174e6f114,500,0,true,25,false,2320.0,0.0.3
1371742934088,5d5de799e81add983f13603bef8658fe,1000,1,true,10,false,2320.0,0.0.3
1371742934088,8cc13cb6a6da018b7f0e194849db297b,2500,0,true,3,false,2320.0,0.0.3
1371742934088,1cff96308a62f6346b6cd5e3e40ea617,5000,0,true,1,false,2320.0,0.0.3
1371744128516,43ce816ec9d5b352efbf70e459eb2819,1,0,false,0,false,2370.0,0.0.3
1371744128516,71d43a5e9890e65b69915f04c5d051ec,10,3,false,0,false,2370.0,0.0.3
1371744128516,d9e72d471b5c9af9e3de353e4d5f72cc,25,5,false,0,false,2370.0,0.0.3
1371744128516,e6d1fcfd6345179d1c6b1d94bcde45cb,35,0,false,0,false,2370.0,0.0.3
1371744128516,5ded02c27937c8548e20474fe545af19,50,5,false,0,false,2370.0,0.0.3
1371744128516,b7d892d31c14547f2e5dabacf8b352be,75,0,true,100,false,2370.0,0.0.3
1371744128516,98d1d9a6467129eaa7c616521664e229,100,4,true,75,false,2370.0,0.0.3
1371744128516,6a746ec28e3145e6afe52a2c81e6905f,200,1,true,50,false,2370.0,0.0.3
1371744128516,1a91a7e5f40ab5f964cc2e2174e6f114,500,0,true,25,false,2370.0,0.0.3
1371744128516,5d5de799e81add983f13603bef8658fe,1000,1,true,10,false,2370.0,0.0.3
1371744128516,8cc13cb6a6da018b7f0e194849db297b,2500,0,true,3,false,2370.0,0.0.3
1371744128516,1cff96308a62f6346b6cd5e3e40ea617,5000,0,true,1,false,2370.0,0.0.3
1371745396355,43ce816ec9d5b352efbf70e459eb2819,1,0,false,0,false,2420.0,0.0.3
1371745396355,71d43a5e9890e65b69915f04c5d051ec,10,3,false,0,false,2420.0,0.0.3
1371745396355,d9e72d471b5c9af9e3de353e4d5f72cc,25,5,false,0,false,2420.0,0.0.3
1371745396355,e6d1fcfd6345179d1c6b1d94bcde45cb,35,0,false,0,false,2420.0,0.0.3
1371745396355,5ded02c27937c8548e20474fe545af19,50,5,false,0,false,2420.0,0.0.3
1371745396355,b7d892d31c14547f2e5dabacf8b352be,75,0,true,100,false,2420.0,0.0.3
1371745396355,98d1d9a6467129eaa7c616521664e229,100,4,true,75,false,2420.0,0.0.3
1371745396355,6a746ec28e3145e6afe52a2c81e6905f,200,1,true,50,false,2420.0,0.0.3
1371745396355,1a91a7e5f40ab5f964cc2e2174e6f114,500,0,true,25,false,2420.0,0.0.3
1371745396355,5d5de799e81add983f13603bef8658fe,1000,1,true,10,false,2420.0,0.0.3
1371745396355,8cc13cb6a6da018b7f0e194849db297b,2500,0,true,3,false,2420.0,0.0.3
1371745396355,1cff96308a62f6346b6cd5e3e40ea617,5000,0,true,1,false,2420.0,0.0.3
1371748934398,43ce816ec9d5b352efbf70e459eb2819,1,0,false,0,false,2435.0,0.0.3
1371748934398,71d43a5e9890e65b69915f04c5d051ec,10,3,false,0,false,2435.0,0.0.3
1371748934398,d9e72d471b5c9af9e3de353e4d5f72cc,25,5,false,0,false,2435.0,0.0.3
1371748934398,e6d1fcfd6345179d1c6b1d94bcde45cb,35,0,false,0,false,2435.0,0.0.3
1371748934398,5ded02c27937c8548e20474fe545af19,50,5,false,0,false,2435.0,0.0.3
1371748934398,b7d892d31c14547f2e5dabacf8b352be,75,0,true,100,false,2435.0,0.0.3
1371748934398,98d1d9a6467129eaa7c616521664e229,100,4,true,75,false,2435.0,0.0.3
1371748934398,6a746ec28e3145e6afe52a2c81e6905f,200,1,true,50,false,2435.0,0.0.3
1371748934398,1a91a7e5f40ab5f964cc2e2174e6f114,500,0,true,25,false,2435.0,0.0.3
1371748934398,5d5de799e81add983f13603bef8658fe,1000,1,true,10,false,2435.0,0.0.3
1371748934398,8cc13cb6a6da018b7f0e194849db297b,2500,0,true,3,false,2435.0,0.0.3
1371748934398,1cff96308a62f6346b6cd5e3e40ea617,5000,0,true,1,false,2435.0,0.0.3
1371767532675,43ce816ec9d5b352efbf70e459eb2819,1,0,false,0,false,2485.0,0.0.3
1371767532675,71d43a5e9890e65b69915f04c5d051ec,10,3,false,0,false,2485.0,0.0.3
1371767532675,d9e72d471b5c9af9e3de353e4d5f72cc,25,5,false,0,false,2485.0,0.0.3
1371767532675,e6d1fcfd6345179d1c6b1d94bcde45cb,35,0,false,0,false,2485.0,0.0.3
1371767532675,5ded02c27937c8548e20474fe545af19,50,6,false,0,false,2485.0,0.0.3
1371767532675,b7d892d31c14547f2e5dabacf8b352be,75,0,true,100,false,2485.0,0.0.3
1371767532675,98d1d9a6467129eaa7c616521664e229,100,4,true,75,false,2485.0,0.0.3
1371767532675,6a746ec28e3145e6afe52a2c81e6905f,200,1,true,50,false,2485.0,0.0.3
1371767532675,1a91a7e5f40ab5f964cc2e2174e6f114,500,0,true,25,false,2485.0,0.0.3
1371767532675,5d5de799e81add983f13603bef8658fe,1000,1,true,10,false,2485.0,0.0.3
1371767532675,8cc13cb6a6da018b7f0e194849db297b,2500,0,true,3,false,2485.0,0.0.3
1371767532675,1cff96308a62f6346b6cd5e3e40ea617,5000,0,true,1,false,2485.0,0.0.3
1371769333390,d9e72d471b5c9af9e3de353e4d5f72cc,25,5,false,0,false,2585.0,0.0.3
1371769333390,43ce816ec9d5b352efbf70e459eb2819,1,0,false,0,false,2585.0,0.0.3
1371769333390,71d43a5e9890e65b69915f04c5d051ec,10,3,false,0,false,2585.0,0.0.3
1371769333390,e6d1fcfd6345179d1c6b1d94bcde45cb,35,0,false,0,false,2585.0,0.0.3
1371769333390,5ded02c27937c8548e20474fe545af19,50,6,false,0,false,2585.0,0.0.3
1371769333390,b7d892d31c14547f2e5dabacf8b352be,75,0,true,100,false,2585.0,0.0.3
1371769333390,98d1d9a6467129eaa7c616521664e229,100,5,true,75,false,2585.0,0.0.3
1371769333390,6a746ec28e3145e6afe52a2c81e6905f,200,1,true,50,false,2585.0,0.0.3
1371769333390,1a91a7e5f40ab5f964cc2e2174e6f114,500,0,true,25,false,2585.0,0.0.3
1371769333390,5d5de799e81add983f13603bef8658fe,1000,1,true,10,false,2585.0,0.0.3
1371769333390,8cc13cb6a6da018b7f0e194849db297b,2500,0,true,3,false,2585.0,0.0.3
1371769333390,1cff96308a62f6346b6cd5e3e40ea617,5000,0,true,1,false,2585.0,0.0.3
1371786752595,43ce816ec9d5b352efbf70e459eb2819,1,0,false,0,false,2620.0,0.0.3
1371786752595,71d43a5e9890e65b69915f04c5d051ec,10,3,false,0,false,2620.0,0.0.3
1371786752595,d9e72d471b5c9af9e3de353e4d5f72cc,25,5,false,0,false,2620.0,0.0.3
1371786752595,e6d1fcfd6345179d1c6b1d94bcde45cb,35,1,false,0,false,2620.0,0.0.3
1371786752595,5ded02c27937c8548e20474fe545af19,50,6,false,0,false,2620.0,0.0.3
1371786752595,b7d892d31c14547f2e5dabacf8b352be,75,0,true,100,false,2620.0,0.0.3
1371786752595,98d1d9a6467129eaa7c616521664e229,100,5,true,75,false,2620.0,0.0.3
1371786752595,6a746ec28e3145e6afe52a2c81e6905f,200,1,true,50,false,2620.0,0.0.3
1371786752595,1a91a7e5f40ab5f964cc2e2174e6f114,500,0,true,25,false,2620.0,0.0.3
1371786752595,5d5de799e81add983f13603bef8658fe,1000,1,true,10,false,2620.0,0.0.3
1371786752595,8cc13cb6a6da018b7f0e194849db297b,2500,0,true,3,false,2620.0,0.0.3
1371786752595,1cff96308a62f6346b6cd5e3e40ea617,5000,0,true,1,false,2620.0,0.0.3
1371792162031,43ce816ec9d5b352efbf70e459eb2819,1,0,false,0,false,2695.0,0.0.3
1371792162031,71d43a5e9890e65b69915f04c5d051ec,10,3,false,0,false,2695.0,0.0.3
1371792162031,d9e72d471b5c9af9e3de353e4d5f72cc,25,5,false,0,false,2695.0,0.0.3
1371792162031,e6d1fcfd6345179d1c6b1d94bcde45cb,35,1,false,0,false,2695.0,0.0.3
1371792162031,5ded02c27937c8548e20474fe545af19,50,6,false,0,false,2695.0,0.0.3
1371792162031,b7d892d31c14547f2e5dabacf8b352be,75,1,true,100,false,2695.0,0.0.3
1371792162031,98d1d9a6467129eaa7c616521664e229,100,5,true,75,false,2695.0,0.0.3
1371792162031,6a746ec28e3145e6afe52a2c81e6905f,200,1,true,50,false,2695.0,0.0.3
1371792162031,1a91a7e5f40ab5f964cc2e2174e6f114,500,0,true,25,false,2695.0,0.0.3
1371792162031,5d5de799e81add983f13603bef8658fe,1000,1,true,10,false,2695.0,0.0.3
1371792162031,8cc13cb6a6da018b7f0e194849db297b,2500,0,true,3,false,2695.0,0.0.3
1371792162031,1cff96308a62f6346b6cd5e3e40ea617,5000,0,true,1,false,2695.0,0.0.3
1371796942040,43ce816ec9d5b352efbf70e459eb2819,1,0,false,0,false,2770.0,0.0.3
1371796942040,71d43a5e9890e65b69915f04c5d051ec,10,3,false,0,false,2770.0,0.0.3
1371796942040,d9e72d471b5c9af9e3de353e4d5f72cc,25,5,false,0,false,2770.0,0.0.3
1371796942040,e6d1fcfd6345179d1c6b1d94bcde45cb,35,1,false,0,false,2770.0,0.0.3
1371796942040,5ded02c27937c8548e20474fe545af19,50,6,false,0,false,2770.0,0.0.3
1371796942040,b7d892d31c14547f2e5dabacf8b352be,75,2,true,100,false,2770.0,0.0.3
1371796942040,98d1d9a6467129eaa7c616521664e229,100,5,true,75,false,2770.0,0.0.3
1371796942040,6a746ec28e3145e6afe52a2c81e6905f,200,1,true,50,false,2770.0,0.0.3
1371796942040,1a91a7e5f40ab5f964cc2e2174e6f114,500,0,true,25,false,2770.0,0.0.3
1371796942040,5d5de799e81add983f13603bef8658fe,1000,1,true,10,false,2770.0,0.0.3
1371796942040,8cc13cb6a6da018b7f0e194849db297b,2500,0,true,3,false,2770.0,0.0.3
1371796942040,1cff96308a62f6346b6cd5e3e40ea617,5000,0,true,1,false,2770.0,0.0.3
1371820948243,43ce816ec9d5b352efbf70e459eb2819,1,0,false,0,false,2800.0,0.0.3
1371820948243,71d43a5e9890e65b69915f04c5d051ec,10,3,false,0,false,2800.0,0.0.3
1371820948243,d9e72d471b5c9af9e3de353e4d5f72cc,25,5,false,0,false,2800.0,0.0.3
1371820948243,e6d1fcfd6345179d1c6b1d94bcde45cb,35,1,false,0,false,2800.0,0.0.3
1371820948243,5ded02c27937c8548e20474fe545af19,50,6,false,0,false,2800.0,0.0.3
1371820948243,b7d892d31c14547f2e5dabacf8b352be,75,2,true,100,false,2800.0,0.0.3
1371820948243,98d1d9a6467129eaa7c616521664e229,100,5,true,75,false,2800.0,0.0.3
1371820948243,6a746ec28e3145e6afe52a2c81e6905f,200,1,true,50,false,2800.0,0.0.3
1371820948243,1a91a7e5f40ab5f964cc2e2174e6f114,500,0,true,25,false,2800.0,0.0.3
1371820948243,5d5de799e81add983f13603bef8658fe,1000,1,true,10,false,2800.0,0.0.3
1371820948243,8cc13cb6a6da018b7f0e194849db297b,2500,0,true,3,false,2800.0,0.0.3
1371820948243,1cff96308a62f6346b6cd5e3e40ea617,5000,0,true,1,false,2800.0,0.0.3
1371870185203,71d43a5e9890e65b69915f04c5d051ec,10,3,false,0,false,3050.0,0.0.3
1371870185203,e6d1fcfd6345179d1c6b1d94bcde45cb,35,1,false,0,false,3050.0,0.0.3
1371870185203,d9e72d471b5c9af9e3de353e4d5f72cc,25,5,false,0,false,3050.0,0.0.3
1371870185203,b7d892d31c14547f2e5dabacf8b352be,75,2,true,100,false,3050.0,0.0.3
1371870185203,5ded02c27937c8548e20474fe545af19,50,6,false,0,false,3050.0,0.0.3
1371870185203,98d1d9a6467129eaa7c616521664e229,100,5,true,75,false,3050.0,0.0.3
1371870185203,6a746ec28e3145e6afe52a2c81e6905f,200,2,true,50,false,3050.0,0.0.3
1371870185203,1a91a7e5f40ab5f964cc2e2174e6f114,500,0,true,25,false,3050.0,0.0.3
1371870185203,5d5de799e81add983f13603bef8658fe,1000,1,true,10,false,3050.0,0.0.3
1371870185203,8cc13cb6a6da018b7f0e194849db297b,2500,0,true,3,false,3050.0,0.0.3
1371870185203,43ce816ec9d5b352efbf70e459eb2819,1,0,false,0,false,3050.0,0.0.3
1371870185203,1cff96308a62f6346b6cd5e3e40ea617,5000,0,true,1,false,3050.0,0.0.3
1371903778526,43ce816ec9d5b352efbf70e459eb2819,1,0,false,0,false,3100.0,0.0.3
1371903778526,d9e72d471b5c9af9e3de353e4d5f72cc,25,5,false,0,false,3100.0,0.0.3
1371903778526,e6d1fcfd6345179d1c6b1d94bcde45cb,35,1,false,0,false,3100.0,0.0.3
1371903778526,b7d892d31c14547f2e5dabacf8b352be,75,2,true,100,false,3100.0,0.0.3
1371903778526,98d1d9a6467129eaa7c616521664e229,100,5,true,75,false,3100.0,0.0.3
1371903778526,6a746ec28e3145e6afe52a2c81e6905f,200,2,true,50,false,3100.0,0.0.3
1371903778526,1a91a7e5f40ab5f964cc2e2174e6f114,500,0,true,25,false,3100.0,0.0.3
1371903778526,5d5de799e81add983f13603bef8658fe,1000,1,true,10,false,3100.0,0.0.3
1371903778526,8cc13cb6a6da018b7f0e194849db297b,2500,0,true,3,false,3100.0,0.0.3
1371903778526,1cff96308a62f6346b6cd5e3e40ea617,5000,0,true,1,false,3100.0,0.0.3
1371903778526,71d43a5e9890e65b69915f04c5d051ec,10,3,false,0,false,3100.0,0.0.3
1371903778526,5ded02c27937c8548e20474fe545af19,50,6,false,0,false,3100.0,0.0.3
1371908586624,43ce816ec9d5b352efbf70e459eb2819,1,0,false,0,false,3300.0,0.0.3
1371908586624,71d43a5e9890e65b69915f04c5d051ec,10,3,false,0,false,3300.0,0.0.3
1371908586624,d9e72d471b5c9af9e3de353e4d5f72cc,25,5,false,0,false,3300.0,0.0.3
1371908586624,e6d1fcfd6345179d1c6b1d94bcde45cb,35,1,false,0,false,3300.0,0.0.3
1371908586624,5ded02c27937c8548e20474fe545af19,50,6,false,0,false,3300.0,0.0.3
1371908586624,b7d892d31c14547f2e5dabacf8b352be,75,2,true,100,false,3300.0,0.0.3
1371908586624,98d1d9a6467129eaa7c616521664e229,100,5,true,75,false,3300.0,0.0.3
1371908586624,6a746ec28e3145e6afe52a2c81e6905f,200,3,true,50,false,3300.0,0.0.3
1371908586624,1a91a7e5f40ab5f964cc2e2174e6f114,500,0,true,25,false,3300.0,0.0.3
1371908586624,5d5de799e81add983f13603bef8658fe,1000,1,true,10,false,3300.0,0.0.3
1371908586624,8cc13cb6a6da018b7f0e194849db297b,2500,0,true,3,false,3300.0,0.0.3
1371908586624,1cff96308a62f6346b6cd5e3e40ea617,5000,0,true,1,false,3300.0,0.0.3
1371926586365,43ce816ec9d5b352efbf70e459eb2819,1,0,false,0,false,3325.0,0.0.3
1371926586365,71d43a5e9890e65b69915f04c5d051ec,10,3,false,0,false,3325.0,0.0.3
1371926586365,d9e72d471b5c9af9e3de353e4d5f72cc,25,6,false,0,false,3325.0,0.0.3
1371926586365,e6d1fcfd6345179d1c6b1d94bcde45cb,35,1,false,0,false,3325.0,0.0.3
1371926586365,5ded02c27937c8548e20474fe545af19,50,6,false,0,false,3325.0,0.0.3
1371926586365,b7d892d31c14547f2e5dabacf8b352be,75,2,true,100,false,3325.0,0.0.3
1371926586365,98d1d9a6467129eaa7c616521664e229,100,5,true,75,false,3325.0,0.0.3
1371926586365,6a746ec28e3145e6afe52a2c81e6905f,200,3,true,50,false,3325.0,0.0.3
1371926586365,1a91a7e5f40ab5f964cc2e2174e6f114,500,0,true,25,false,3325.0,0.0.3
1371926586365,8cc13cb6a6da018b7f0e194849db297b,2500,0,true,3,false,3325.0,0.0.3
1371926586365,5d5de799e81add983f13603bef8658fe,1000,1,true,10,false,3325.0,0.0.3
1371926586365,1cff96308a62f6346b6cd5e3e40ea617,5000,0,true,1,false,3325.0,0.0.3
1371936817591,71d43a5e9890e65b69915f04c5d051ec,10,3,false,0,false,3460.0,0.0.3
1371936817591,e6d1fcfd6345179d1c6b1d94bcde45cb,35,2,false,0,false,3460.0,0.0.3
1371936817591,d9e72d471b5c9af9e3de353e4d5f72cc,25,6,false,0,false,3460.0,0.0.3
1371936817591,5ded02c27937c8548e20474fe545af19,50,6,false,0,false,3460.0,0.0.3
1371936817591,b7d892d31c14547f2e5dabacf8b352be,75,2,true,100,false,3460.0,0.0.3
1371936817591,6a746ec28e3145e6afe52a2c81e6905f,200,3,true,50,false,3460.0,0.0.3
1371936817591,98d1d9a6467129eaa7c616521664e229,100,6,true,75,false,3460.0,0.0.3
1371936817591,1a91a7e5f40ab5f964cc2e2174e6f114,500,0,true,25,false,3460.0,0.0.3
1371936817591,5d5de799e81add983f13603bef8658fe,1000,1,true,10,false,3460.0,0.0.3
1371936817591,43ce816ec9d5b352efbf70e459eb2819,1,0,false,0,false,3460.0,0.0.3
1371936817591,8cc13cb6a6da018b7f0e194849db297b,2500,0,true,3,false,3460.0,0.0.3
1371936817591,1cff96308a62f6346b6cd5e3e40ea617,5000,0,true,1,false,3460.0,0.0.3
1371959000877,43ce816ec9d5b352efbf70e459eb2819,1,0,false,0,false,3495.0,0.0.3
1371959000877,d9e72d471b5c9af9e3de353e4d5f72cc,25,6,false,0,false,3495.0,0.0.3
1371959000877,e6d1fcfd6345179d1c6b1d94bcde45cb,35,3,false,0,false,3495.0,0.0.3
1371959000877,71d43a5e9890e65b69915f04c5d051ec,10,3,false,0,false,3495.0,0.0.3
1371959000877,5ded02c27937c8548e20474fe545af19,50,6,false,0,false,3495.0,0.0.3
1371959000877,b7d892d31c14547f2e5dabacf8b352be,75,2,true,100,false,3495.0,0.0.3
1371959000877,98d1d9a6467129eaa7c616521664e229,100,6,true,75,false,3495.0,0.0.3
1371959000877,6a746ec28e3145e6afe52a2c81e6905f,200,3,true,50,false,3495.0,0.0.3
1371959000877,1a91a7e5f40ab5f964cc2e2174e6f114,500,0,true,25,false,3495.0,0.0.3
1371959000877,5d5de799e81add983f13603bef8658fe,1000,1,true,10,false,3495.0,0.0.3
1371959000877,8cc13cb6a6da018b7f0e194849db297b,2500,0,true,3,false,3495.0,0.0.3
1371959000877,1cff96308a62f6346b6cd5e3e40ea617,5000,0,true,1,false,3495.0,0.0.3
1371965628374,e6d1fcfd6345179d1c6b1d94bcde45cb,35,3,false,0,false,3595.0,0.0.3
1371965628374,71d43a5e9890e65b69915f04c5d051ec,10,3,false,0,false,3595.0,0.0.3
1371965628374,d9e72d471b5c9af9e3de353e4d5f72cc,25,6,false,0,false,3595.0,0.0.3
1371965628374,5ded02c27937c8548e20474fe545af19,50,6,false,0,false,3595.0,0.0.3
1371965628374,b7d892d31c14547f2e5dabacf8b352be,75,2,true,100,false,3595.0,0.0.3
1371965628374,6a746ec28e3145e6afe52a2c81e6905f,200,3,true,50,false,3595.0,0.0.3
1371965628374,98d1d9a6467129eaa7c616521664e229,100,7,true,75,false,3595.0,0.0.3
1371965628374,1a91a7e5f40ab5f964cc2e2174e6f114,500,0,true,25,false,3595.0,0.0.3
1371965628374,5d5de799e81add983f13603bef8658fe,1000,1,true,10,false,3595.0,0.0.3
1371965628374,8cc13cb6a6da018b7f0e194849db297b,2500,0,true,3,false,3595.0,0.0.3
1371965628374,1cff96308a62f6346b6cd5e3e40ea617,5000,0,true,1,false,3595.0,0.0.3
1371965628374,43ce816ec9d5b352efbf70e459eb2819,1,0,false,0,false,3595.0,0.0.3
1372016014399,43ce816ec9d5b352efbf70e459eb2819,1,0,false,0,false,3795.0,0.0.3
1372016014399,d9e72d471b5c9af9e3de353e4d5f72cc,25,6,false,0,false,3795.0,0.0.3
1372016014399,e6d1fcfd6345179d1c6b1d94bcde45cb,35,3,false,0,false,3795.0,0.0.3
1372016014399,71d43a5e9890e65b69915f04c5d051ec,10,3,false,0,false,3795.0,0.0.3
1372016014399,5ded02c27937c8548e20474fe545af19,50,6,false,0,false,3795.0,0.0.3
1372016014399,b7d892d31c14547f2e5dabacf8b352be,75,2,true,100,false,3795.0,0.0.3
1372016014399,98d1d9a6467129eaa7c616521664e229,100,7,true,75,false,3795.0,0.0.3
1372016014399,1a91a7e5f40ab5f964cc2e2174e6f114,500,0,true,25,false,3795.0,0.0.3
1372016014399,6a746ec28e3145e6afe52a2c81e6905f,200,4,true,50,false,3795.0,0.0.3
1372016014399,5d5de799e81add983f13603bef8658fe,1000,1,true,10,false,3795.0,0.0.3
1372016014399,8cc13cb6a6da018b7f0e194849db297b,2500,0,true,3,false,3795.0,0.0.3
1372016014399,1cff96308a62f6346b6cd5e3e40ea617,5000,0,true,1,false,3795.0,0.0.3
1372028606375,43ce816ec9d5b352efbf70e459eb2819,1,0,false,0,false,3805.0,0.0.3
1372028606375,71d43a5e9890e65b69915f04c5d051ec,10,4,false,0,false,3805.0,0.0.3
1372028606375,d9e72d471b5c9af9e3de353e4d5f72cc,25,6,false,0,false,3805.0,0.0.3
1372028606375,e6d1fcfd6345179d1c6b1d94bcde45cb,35,3,false,0,false,3805.0,0.0.3
1372028606375,5ded02c27937c8548e20474fe545af19,50,6,false,0,false,3805.0,0.0.3
1372028606375,b7d892d31c14547f2e5dabacf8b352be,75,2,true,100,false,3805.0,0.0.3
1372028606375,98d1d9a6467129eaa7c616521664e229,100,7,true,75,false,3805.0,0.0.3
1372028606375,6a746ec28e3145e6afe52a2c81e6905f,200,4,true,50,false,3805.0,0.0.3
1372028606375,1a91a7e5f40ab5f964cc2e2174e6f114,500,0,true,25,false,3805.0,0.0.3
1372028606375,5d5de799e81add983f13603bef8658fe,1000,1,true,10,false,3805.0,0.0.3
1372028606375,8cc13cb6a6da018b7f0e194849db297b,2500,0,true,3,false,3805.0,0.0.3
1372028606375,1cff96308a62f6346b6cd5e3e40ea617,5000,0,true,1,false,3805.0,0.0.3
1372036444919,43ce816ec9d5b352efbf70e459eb2819,1,0,false,0,false,3830.0,0.0.3
1372036444919,d9e72d471b5c9af9e3de353e4d5f72cc,25,7,false,0,false,3830.0,0.0.3
1372036444919,71d43a5e9890e65b69915f04c5d051ec,10,4,false,0,false,3830.0,0.0.3
1372036444919,e6d1fcfd6345179d1c6b1d94bcde45cb,35,3,false,0,false,3830.0,0.0.3
1372036444919,5ded02c27937c8548e20474fe545af19,50,6,false,0,false,3830.0,0.0.3
1372036444919,b7d892d31c14547f2e5dabacf8b352be,75,2,true,100,false,3830.0,0.0.3
1372036444919,98d1d9a6467129eaa7c616521664e229,100,7,true,75,false,3830.0,0.0.3
1372036444919,6a746ec28e3145e6afe52a2c81e6905f,200,4,true,50,false,3830.0,0.0.3
1372036444919,1a91a7e5f40ab5f964cc2e2174e6f114,500,0,true,25,false,3830.0,0.0.3
1372036444919,5d5de799e81add983f13603bef8658fe,1000,1,true,10,false,3830.0,0.0.3
1372036444919,8cc13cb6a6da018b7f0e194849db297b,2500,0,true,3,false,3830.0,0.0.3
1372036444919,1cff96308a62f6346b6cd5e3e40ea617,5000,0,true,1,false,3830.0,0.0.3
1372038213061,43ce816ec9d5b352efbf70e459eb2819,1,0,false,0,false,3855.0,0.0.3
1372038213061,71d43a5e9890e65b69915f04c5d051ec,10,4,false,0,false,3855.0,0.0.3
1372038213061,e6d1fcfd6345179d1c6b1d94bcde45cb,35,3,false,0,false,3855.0,0.0.3
1372038213061,d9e72d471b5c9af9e3de353e4d5f72cc,25,7,false,0,false,3855.0,0.0.3
1372038213061,5ded02c27937c8548e20474fe545af19,50,6,false,0,false,3855.0,0.0.3
1372038213061,b7d892d31c14547f2e5dabacf8b352be,75,2,true,100,false,3855.0,0.0.3
1372038213061,98d1d9a6467129eaa7c616521664e229,100,7,true,75,false,3855.0,0.0.3
1372038213061,6a746ec28e3145e6afe52a2c81e6905f,200,4,true,50,false,3855.0,0.0.3
1372038213061,1a91a7e5f40ab5f964cc2e2174e6f114,500,0,true,25,false,3855.0,0.0.3
1372038213061,8cc13cb6a6da018b7f0e194849db297b,2500,0,true,3,false,3855.0,0.0.3
1372038213061,5d5de799e81add983f13603bef8658fe,1000,1,true,10,false,3855.0,0.0.3
1372038213061,1cff96308a62f6346b6cd5e3e40ea617,5000,0,true,1,false,3855.0,0.0.3
1372046001139,43ce816ec9d5b352efbf70e459eb2819,1,0,false,0,false,3905.0,0.0.3
1372046001139,d9e72d471b5c9af9e3de353e4d5f72cc,25,7,false,0,false,3905.0,0.0.3
1372046001139,71d43a5e9890e65b69915f04c5d051ec,10,4,false,0,false,3905.0,0.0.3
1372046001139,e6d1fcfd6345179d1c6b1d94bcde45cb,35,3,false,0,false,3905.0,0.0.3
1372046001139,5ded02c27937c8548e20474fe545af19,50,7,false,0,false,3905.0,0.0.3
1372046001139,b7d892d31c14547f2e5dabacf8b352be,75,2,true,100,false,3905.0,0.0.3
1372046001139,98d1d9a6467129eaa7c616521664e229,100,7,true,75,false,3905.0,0.0.3
1372046001139,6a746ec28e3145e6afe52a2c81e6905f,200,4,true,50,false,3905.0,0.0.3
1372046001139,1a91a7e5f40ab5f964cc2e2174e6f114,500,0,true,25,false,3905.0,0.0.3
1372046001139,5d5de799e81add983f13603bef8658fe,1000,1,true,10,false,3905.0,0.0.3
1372046001139,8cc13cb6a6da018b7f0e194849db297b,2500,0,true,3,false,3905.0,0.0.3
1372046001139,1cff96308a62f6346b6cd5e3e40ea617,5000,0,true,1,false,3905.0,0.0.3
1372081426118,71d43a5e9890e65b69915f04c5d051ec,10,4,false,0,false,4005.0,0.0.3
1372081426118,e6d1fcfd6345179d1c6b1d94bcde45cb,35,3,false,0,false,4005.0,0.0.3
1372081426118,d9e72d471b5c9af9e3de353e4d5f72cc,25,7,false,0,false,4005.0,0.0.3
1372081426118,43ce816ec9d5b352efbf70e459eb2819,1,0,false,0,false,4005.0,0.0.3
1372081426118,5ded02c27937c8548e20474fe545af19,50,7,false,0,false,4005.0,0.0.3
1372081426118,b7d892d31c14547f2e5dabacf8b352be,75,2,true,100,false,4005.0,0.0.3
1372081426118,98d1d9a6467129eaa7c616521664e229,100,8,true,75,false,4005.0,0.0.3
1372081426118,6a746ec28e3145e6afe52a2c81e6905f,200,4,true,50,false,4005.0,0.0.3
1372081426118,1a91a7e5f40ab5f964cc2e2174e6f114,500,0,true,25,false,4005.0,0.0.3
1372081426118,5d5de799e81add983f13603bef8658fe,1000,1,true,10,false,4005.0,0.0.3
1372081426118,8cc13cb6a6da018b7f0e194849db297b,2500,0,true,3,false,4005.0,0.0.3
1372081426118,1cff96308a62f6346b6cd5e3e40ea617,5000,0,true,1,false,4005.0,0.0.3
1372087411760,71d43a5e9890e65b69915f04c5d051ec,10,4,false,0,false,4055.0,0.0.3
1372087411760,d9e72d471b5c9af9e3de353e4d5f72cc,25,7,false,0,false,4055.0,0.0.3
1372087411760,43ce816ec9d5b352efbf70e459eb2819,1,0,false,0,false,4055.0,0.0.3
1372087411760,e6d1fcfd6345179d1c6b1d94bcde45cb,35,3,false,0,false,4055.0,0.0.3
1372087411760,5ded02c27937c8548e20474fe545af19,50,8,false,0,false,4055.0,0.0.3
1372087411760,b7d892d31c14547f2e5dabacf8b352be,75,2,true,100,false,4055.0,0.0.3
1372087411760,98d1d9a6467129eaa7c616521664e229,100,8,true,75,false,4055.0,0.0.3
1372087411760,6a746ec28e3145e6afe52a2c81e6905f,200,4,true,50,false,4055.0,0.0.3
1372087411760,1a91a7e5f40ab5f964cc2e2174e6f114,500,0,true,25,false,4055.0,0.0.3
1372087411760,5d5de799e81add983f13603bef8658fe,1000,1,true,10,false,4055.0,0.0.3
1372087411760,8cc13cb6a6da018b7f0e194849db297b,2500,0,true,3,false,4055.0,0.0.3
1372087411760,1cff96308a62f6346b6cd5e3e40ea617,5000,0,true,1,false,4055.0,0.0.3
1372109105398,43ce816ec9d5b352efbf70e459eb2819,1,0,false,0,false,4090.0,0.0.3
1372109105398,e6d1fcfd6345179d1c6b1d94bcde45cb,35,4,false,0,false,4090.0,0.0.3
1372109105398,d9e72d471b5c9af9e3de353e4d5f72cc,25,7,false,0,false,4090.0,0.0.3
1372109105398,b7d892d31c14547f2e5dabacf8b352be,75,2,true,100,false,4090.0,0.0.3
1372109105398,5ded02c27937c8548e20474fe545af19,50,8,false,0,false,4090.0,0.0.3
1372109105398,98d1d9a6467129eaa7c616521664e229,100,8,true,75,false,4090.0,0.0.3
1372109105398,6a746ec28e3145e6afe52a2c81e6905f,200,4,true,50,false,4090.0,0.0.3
1372109105398,1a91a7e5f40ab5f964cc2e2174e6f114,500,0,true,25,false,4090.0,0.0.3
1372109105398,71d43a5e9890e65b69915f04c5d051ec,10,4,false,0,false,4090.0,0.0.3
1372109105398,5d5de799e81add983f13603bef8658fe,1000,1,true,10,false,4090.0,0.0.3
1372109105398,8cc13cb6a6da018b7f0e194849db297b,2500,0,true,3,false,4090.0,0.0.3
1372109105398,1cff96308a62f6346b6cd5e3e40ea617,5000,0,true,1,false,4090.0,0.0.3
1372112626054,d9e72d471b5c9af9e3de353e4d5f72cc,25,7,false,0,false,4190.0,0.0.3
1372112626054,43ce816ec9d5b352efbf70e459eb2819,1,0,false,0,false,4190.0,0.0.3
1372112626054,71d43a5e9890e65b69915f04c5d051ec,10,4,false,0,false,4190.0,0.0.3
1372112626054,e6d1fcfd6345179d1c6b1d94bcde45cb,35,4,false,0,false,4190.0,0.0.3
1372112626054,5ded02c27937c8548e20474fe545af19,50,8,false,0,false,4190.0,0.0.3
1372112626054,b7d892d31c14547f2e5dabacf8b352be,75,2,true,100,false,4190.0,0.0.3
1372112626054,98d1d9a6467129eaa7c616521664e229,100,9,true,75,false,4190.0,0.0.3
1372112626054,6a746ec28e3145e6afe52a2c81e6905f,200,4,true,50,false,4190.0,0.0.3
1372112626054,1a91a7e5f40ab5f964cc2e2174e6f114,500,0,true,25,false,4190.0,0.0.3
1372112626054,8cc13cb6a6da018b7f0e194849db297b,2500,0,true,3,false,4190.0,0.0.3
1372112626054,5d5de799e81add983f13603bef8658fe,1000,1,true,10,false,4190.0,0.0.3
1372112626054,1cff96308a62f6346b6cd5e3e40ea617,5000,0,true,1,false,4190.0,0.0.3
1372122853693,43ce816ec9d5b352efbf70e459eb2819,1,0,false,0,false,4215.0,0.0.3
1372122853693,71d43a5e9890e65b69915f04c5d051ec,10,4,false,0,false,4215.0,0.0.3
1372122853693,d9e72d471b5c9af9e3de353e4d5f72cc,25,8,false,0,false,4215.0,0.0.3
1372122853693,e6d1fcfd6345179d1c6b1d94bcde45cb,35,4,false,0,false,4215.0,0.0.3
1372122853693,5ded02c27937c8548e20474fe545af19,50,8,false,0,false,4215.0,0.0.3
1372122853693,b7d892d31c14547f2e5dabacf8b352be,75,2,true,100,false,4215.0,0.0.3
1372122853693,98d1d9a6467129eaa7c616521664e229,100,9,true,75,false,4215.0,0.0.3
1372122853693,6a746ec28e3145e6afe52a2c81e6905f,200,4,true,50,false,4215.0,0.0.3
1372122853693,1a91a7e5f40ab5f964cc2e2174e6f114,500,0,true,25,false,4215.0,0.0.3
1372122853693,5d5de799e81add983f13603bef8658fe,1000,1,true,10,false,4215.0,0.0.3
1372122853693,8cc13cb6a6da018b7f0e194849db297b,2500,0,true,3,false,4215.0,0.0.3
1372122853693,1cff96308a62f6346b6cd5e3e40ea617,5000,0,true,1,false,4215.0,0.0.3
