1370265727603,cb3cb19ff7b1af1a99263fc54392c6a5,10,0,false,0,false,60.0,0.0.3
1370265727603,84a489fd151fe16a515ed701538027e5,20,0,false,0,false,60.0,0.0.3
1370265727603,c1fa2fe4a2166c18cb47fa1aec7a448e,5,0,false,0,false,60.0,0.0.3
1370265727603,b423ae1a45e733a8269d1e4a1140a070,35,1,false,0,false,60.0,0.0.3
1370265727603,74302bb679f06704ca67bb93f5a29bd3,50,0,false,0,false,60.0,0.0.3
1370265727603,43f922460a0c152fbdeff45a380f2a19,100,0,false,0,false,60.0,0.0.3
1370265727603,3dbecc36913ac5e69812b6c1cfda1d49,175,0,false,0,false,60.0,0.0.3
1370265727603,c5640682845ac15ba6a89ed4bc4239c0,200,0,false,0,false,60.0,0.0.3
1370265727603,cdee40f08884b6dd9f5c597aaa09b78a,250,0,false,0,false,60.0,0.0.3
1370265727603,e9d85caceda96757363815a31b097cdd,500,0,true,50,false,60.0,0.0.3
1370265727603,c419cc61586bd34b65d90398376e4f4a,750,0,false,0,false,60.0,0.0.3
1370265727603,6074559693db1498ef3e42299981a38a,1500,0,false,0,false,60.0,0.0.3
1370265727603,9b1f4bbe394c3386807e6ebee1114b4b,2500,0,false,0,false,60.0,0.0.3
1370265727603,630841e95f700bbf32414537f55985af,5000,0,false,0,false,60.0,0.0.3
1370265727603,993875435564e5196f8ccdf8d8d77436,10000,0,true,1,false,60.0,0.0.3
1370268728194,c1fa2fe4a2166c18cb47fa1aec7a448e,5,0,false,0,false,160.0,0.0.3
1370268728194,cb3cb19ff7b1af1a99263fc54392c6a5,10,0,false,0,false,160.0,0.0.3
1370268728194,84a489fd151fe16a515ed701538027e5,20,0,false,0,false,160.0,0.0.3
1370268728194,b423ae1a45e733a8269d1e4a1140a070,35,1,false,0,false,160.0,0.0.3
1370268728194,74302bb679f06704ca67bb93f5a29bd3,50,0,false,0,false,160.0,0.0.3
1370268728194,43f922460a0c152fbdeff45a380f2a19,100,1,false,0,false,160.0,0.0.3
1370268728194,3dbecc36913ac5e69812b6c1cfda1d49,175,0,false,0,false,160.0,0.0.3
1370268728194,c5640682845ac15ba6a89ed4bc4239c0,200,0,false,0,false,160.0,0.0.3
1370268728194,cdee40f08884b6dd9f5c597aaa09b78a,250,0,false,0,false,160.0,0.0.3
1370268728194,e9d85caceda96757363815a31b097cdd,500,0,true,50,false,160.0,0.0.3
1370268728194,c419cc61586bd34b65d90398376e4f4a,750,0,false,0,false,160.0,0.0.3
1370268728194,6074559693db1498ef3e42299981a38a,1500,0,false,0,false,160.0,0.0.3
1370268728194,9b1f4bbe394c3386807e6ebee1114b4b,2500,0,false,0,false,160.0,0.0.3
1370268728194,630841e95f700bbf32414537f55985af,5000,0,false,0,false,160.0,0.0.3
1370268728194,993875435564e5196f8ccdf8d8d77436,10000,0,true,1,false,160.0,0.0.3
1370283738289,fb25251477236e2e74100ff5f94ccc01,1,1,false,0,false,911.0,0.0.3
1370283738289,9d006aaa1906a1ce24b704d55b7a647a,5,0,false,0,false,911.0,0.0.3
1370283738289,cb3cb19ff7b1af1a99263fc54392c6a5,10,0,false,0,false,911.0,0.0.3
1370283738289,84a489fd151fe16a515ed701538027e5,20,0,false,0,false,911.0,0.0.3
1370283738289,b423ae1a45e733a8269d1e4a1140a070,35,1,false,0,false,911.0,0.0.3
1370283738289,74302bb679f06704ca67bb93f5a29bd3,50,0,false,0,false,911.0,0.0.3
1370283738289,43f922460a0c152fbdeff45a380f2a19,100,1,false,0,false,911.0,0.0.3
1370283738289,3dbecc36913ac5e69812b6c1cfda1d49,175,0,false,0,false,911.0,0.0.3
1370283738289,c5640682845ac15ba6a89ed4bc4239c0,200,0,false,0,false,911.0,0.0.3
1370283738289,cdee40f08884b6dd9f5c597aaa09b78a,250,0,false,0,false,911.0,0.0.3
1370283738289,e9d85caceda96757363815a31b097cdd,500,0,true,50,false,911.0,0.0.3
1370283738289,c419cc61586bd34b65d90398376e4f4a,750,1,false,0,false,911.0,0.0.3
1370283738289,6074559693db1498ef3e42299981a38a,1500,0,false,0,false,911.0,0.0.3
1370283738289,9b1f4bbe394c3386807e6ebee1114b4b,2500,0,false,0,false,911.0,0.0.3
1370283738289,630841e95f700bbf32414537f55985af,5000,0,false,0,false,911.0,0.0.3
1370283738289,993875435564e5196f8ccdf8d8d77436,10000,0,true,1,false,911.0,0.0.3
1370284336912,9d006aaa1906a1ce24b704d55b7a647a,5,0,false,0,false,1161.0,0.0.3
1370284336912,84a489fd151fe16a515ed701538027e5,20,0,false,0,false,1161.0,0.0.3
1370284336912,43f922460a0c152fbdeff45a380f2a19,100,1,false,0,false,1161.0,0.0.3
1370284336912,3dbecc36913ac5e69812b6c1cfda1d49,175,0,false,0,false,1161.0,0.0.3
1370284336912,c5640682845ac15ba6a89ed4bc4239c0,200,1,false,0,false,1161.0,0.0.3
1370284336912,cdee40f08884b6dd9f5c597aaa09b78a,250,0,false,0,false,1161.0,0.0.3
1370284336912,fb25251477236e2e74100ff5f94ccc01,1,0,false,0,false,1161.0,0.0.3
1370284336912,e9d85caceda96757363815a31b097cdd,500,0,true,50,false,1161.0,0.0.3
1370284336912,c419cc61586bd34b65d90398376e4f4a,750,0,false,0,false,1161.0,0.0.3
1370284336912,6074559693db1498ef3e42299981a38a,1500,0,false,0,false,1161.0,0.0.3
1370284336912,9b1f4bbe394c3386807e6ebee1114b4b,2500,0,false,0,false,1161.0,0.0.3
1370284336912,cb3cb19ff7b1af1a99263fc54392c6a5,10,0,false,0,false,1161.0,0.0.3
1370284336912,b423ae1a45e733a8269d1e4a1140a070,35,1,false,0,false,1161.0,0.0.3
1370284336912,74302bb679f06704ca67bb93f5a29bd3,50,1,false,0,false,1161.0,0.0.3
1370284336912,630841e95f700bbf32414537f55985af,5000,0,false,0,false,1161.0,0.0.3
1370284336912,993875435564e5196f8ccdf8d8d77436,10000,0,true,1,false,1161.0,0.0.3
1370286737620,fb25251477236e2e74100ff5f94ccc01,1,0,false,0,false,2661.0,0.0.3
1370286737620,9d006aaa1906a1ce24b704d55b7a647a,5,0,false,0,false,2661.0,0.0.3
1370286737620,cb3cb19ff7b1af1a99263fc54392c6a5,10,0,false,0,false,2661.0,0.0.3
1370286737620,84a489fd151fe16a515ed701538027e5,20,0,false,0,false,2661.0,0.0.3
1370286737620,b423ae1a45e733a8269d1e4a1140a070,35,1,false,0,false,2661.0,0.0.3
1370286737620,74302bb679f06704ca67bb93f5a29bd3,50,0,false,0,false,2661.0,0.0.3
1370286737620,43f922460a0c152fbdeff45a380f2a19,100,1,false,0,false,2661.0,0.0.3
1370286737620,3dbecc36913ac5e69812b6c1cfda1d49,175,0,false,0,false,2661.0,0.0.3
1370286737620,c5640682845ac15ba6a89ed4bc4239c0,200,1,false,0,false,2661.0,0.0.3
1370286737620,cdee40f08884b6dd9f5c597aaa09b78a,250,0,false,0,false,2661.0,0.0.3
1370286737620,e9d85caceda96757363815a31b097cdd,500,0,true,50,false,2661.0,0.0.3
1370286737620,c419cc61586bd34b65d90398376e4f4a,750,1,false,0,false,2661.0,0.0.3
1370286737620,6074559693db1498ef3e42299981a38a,1500,1,false,0,false,2661.0,0.0.3
1370286737620,9b1f4bbe394c3386807e6ebee1114b4b,2500,0,false,0,false,2661.0,0.0.3
1370286737620,630841e95f700bbf32414537f55985af,5000,0,false,0,false,2661.0,0.0.3
1370286737620,993875435564e5196f8ccdf8d8d77436,10000,0,true,1,false,2661.0,0.0.3
1370287942524,fb25251477236e2e74100ff5f94ccc01,1,0,false,0,false,2761.0,0.0.3
1370287942524,9d006aaa1906a1ce24b704d55b7a647a,5,0,false,0,false,2761.0,0.0.3
1370287942524,cb3cb19ff7b1af1a99263fc54392c6a5,10,0,false,0,false,2761.0,0.0.3
1370287942524,84a489fd151fe16a515ed701538027e5,20,0,false,0,false,2761.0,0.0.3
1370287942524,b423ae1a45e733a8269d1e4a1140a070,35,1,false,0,false,2761.0,0.0.3
1370287942524,74302bb679f06704ca67bb93f5a29bd3,50,0,false,0,false,2761.0,0.0.3
1370287942524,43f922460a0c152fbdeff45a380f2a19,100,2,false,0,false,2761.0,0.0.3
1370287942524,3dbecc36913ac5e69812b6c1cfda1d49,175,0,false,0,false,2761.0,0.0.3
1370287942524,c5640682845ac15ba6a89ed4bc4239c0,200,1,false,0,false,2761.0,0.0.3
1370287942524,cdee40f08884b6dd9f5c597aaa09b78a,250,0,false,0,false,2761.0,0.0.3
1370287942524,e9d85caceda96757363815a31b097cdd,500,0,true,50,false,2761.0,0.0.3
1370287942524,c419cc61586bd34b65d90398376e4f4a,750,1,false,0,false,2761.0,0.0.3
1370287942524,6074559693db1498ef3e42299981a38a,1500,1,false,0,false,2761.0,0.0.3
1370287942524,9b1f4bbe394c3386807e6ebee1114b4b,2500,0,false,0,false,2761.0,0.0.3
1370287942524,630841e95f700bbf32414537f55985af,5000,0,false,0,false,2761.0,0.0.3
1370287942524,993875435564e5196f8ccdf8d8d77436,10000,0,true,1,false,2761.0,0.0.3
1370289140961,fb25251477236e2e74100ff5f94ccc01,1,0,false,0,false,2961.0,0.0.3
1370289140961,9d006aaa1906a1ce24b704d55b7a647a,5,0,false,0,false,2961.0,0.0.3
1370289140961,cb3cb19ff7b1af1a99263fc54392c6a5,10,0,false,0,false,2961.0,0.0.3
1370289140961,84a489fd151fe16a515ed701538027e5,20,0,false,0,false,2961.0,0.0.3
1370289140961,b423ae1a45e733a8269d1e4a1140a070,35,1,false,0,false,2961.0,0.0.3
1370289140961,74302bb679f06704ca67bb93f5a29bd3,50,0,false,0,false,2961.0,0.0.3
1370289140961,43f922460a0c152fbdeff45a380f2a19,100,2,false,0,false,2961.0,0.0.3
1370289140961,3dbecc36913ac5e69812b6c1cfda1d49,175,0,false,0,false,2961.0,0.0.3
1370289140961,c5640682845ac15ba6a89ed4bc4239c0,200,2,false,0,false,2961.0,0.0.3
1370289140961,cdee40f08884b6dd9f5c597aaa09b78a,250,0,false,0,false,2961.0,0.0.3
1370289140961,e9d85caceda96757363815a31b097cdd,500,0,true,50,false,2961.0,0.0.3
1370289140961,c419cc61586bd34b65d90398376e4f4a,750,1,false,0,false,2961.0,0.0.3
1370289140961,6074559693db1498ef3e42299981a38a,1500,1,false,0,false,2961.0,0.0.3
1370289140961,9b1f4bbe394c3386807e6ebee1114b4b,2500,0,false,0,false,2961.0,0.0.3
1370289140961,630841e95f700bbf32414537f55985af,5000,0,false,0,false,2961.0,0.0.3
1370289140961,993875435564e5196f8ccdf8d8d77436,10000,0,true,1,false,2961.0,0.0.3
1370289741753,fb25251477236e2e74100ff5f94ccc01,1,0,false,0,false,3461.0,0.0.3
1370289741753,cb3cb19ff7b1af1a99263fc54392c6a5,10,0,false,0,false,3461.0,0.0.3
1370289741753,9d006aaa1906a1ce24b704d55b7a647a,5,0,false,0,false,3461.0,0.0.3
1370289741753,84a489fd151fe16a515ed701538027e5,20,0,false,0,false,3461.0,0.0.3
1370289741753,b423ae1a45e733a8269d1e4a1140a070,35,1,false,0,false,3461.0,0.0.3
1370289741753,74302bb679f06704ca67bb93f5a29bd3,50,0,false,0,false,3461.0,0.0.3
1370289741753,43f922460a0c152fbdeff45a380f2a19,100,2,false,0,false,3461.0,0.0.3
1370289741753,3dbecc36913ac5e69812b6c1cfda1d49,175,0,false,0,false,3461.0,0.0.3
1370289741753,c5640682845ac15ba6a89ed4bc4239c0,200,2,false,0,false,3461.0,0.0.3
1370289741753,cdee40f08884b6dd9f5c597aaa09b78a,250,0,false,0,false,3461.0,0.0.3
1370289741753,e9d85caceda96757363815a31b097cdd,500,1,true,50,false,3461.0,0.0.3
1370289741753,c419cc61586bd34b65d90398376e4f4a,750,1,false,0,false,3461.0,0.0.3
1370289741753,6074559693db1498ef3e42299981a38a,1500,1,false,0,false,3461.0,0.0.3
1370289741753,9b1f4bbe394c3386807e6ebee1114b4b,2500,0,false,0,false,3461.0,0.0.3
1370289741753,630841e95f700bbf32414537f55985af,5000,0,false,0,false,3461.0,0.0.3
1370289741753,993875435564e5196f8ccdf8d8d77436,10000,0,true,1,false,3461.0,0.0.3
1370290342563,fb25251477236e2e74100ff5f94ccc01,1,0,false,0,false,3481.0,0.0.3
1370290342563,9d006aaa1906a1ce24b704d55b7a647a,5,0,false,0,false,3481.0,0.0.3
1370290342563,cb3cb19ff7b1af1a99263fc54392c6a5,10,0,false,0,false,3481.0,0.0.3
1370290342563,84a489fd151fe16a515ed701538027e5,20,1,false,0,false,3481.0,0.0.3
1370290342563,b423ae1a45e733a8269d1e4a1140a070,35,1,false,0,false,3481.0,0.0.3
1370290342563,74302bb679f06704ca67bb93f5a29bd3,50,0,false,0,false,3481.0,0.0.3
1370290342563,43f922460a0c152fbdeff45a380f2a19,100,2,false,0,false,3481.0,0.0.3
1370290342563,3dbecc36913ac5e69812b6c1cfda1d49,175,0,false,0,false,3481.0,0.0.3
1370290342563,c5640682845ac15ba6a89ed4bc4239c0,200,2,false,0,false,3481.0,0.0.3
1370290342563,cdee40f08884b6dd9f5c597aaa09b78a,250,0,false,0,false,3481.0,0.0.3
1370290342563,e9d85caceda96757363815a31b097cdd,500,1,true,50,false,3481.0,0.0.3
1370290342563,c419cc61586bd34b65d90398376e4f4a,750,1,false,0,false,3481.0,0.0.3
1370290342563,6074559693db1498ef3e42299981a38a,1500,1,false,0,false,3481.0,0.0.3
1370290342563,9b1f4bbe394c3386807e6ebee1114b4b,2500,0,false,0,false,3481.0,0.0.3
1370290342563,630841e95f700bbf32414537f55985af,5000,0,false,0,false,3481.0,0.0.3
1370290342563,993875435564e5196f8ccdf8d8d77436,10000,0,true,1,false,3481.0,0.0.3
1370292748350,9d006aaa1906a1ce24b704d55b7a647a,5,0,false,0,false,3781.0,0.0.3
1370292748350,fb25251477236e2e74100ff5f94ccc01,1,0,false,0,false,3781.0,0.0.3
1370292748350,cb3cb19ff7b1af1a99263fc54392c6a5,10,0,false,0,false,3781.0,0.0.3
1370292748350,84a489fd151fe16a515ed701538027e5,20,1,false,0,false,3781.0,0.0.3
1370292748350,b423ae1a45e733a8269d1e4a1140a070,35,1,false,0,false,3781.0,0.0.3
1370292748350,74302bb679f06704ca67bb93f5a29bd3,50,1,false,0,false,3781.0,0.0.3
1370292748350,43f922460a0c152fbdeff45a380f2a19,100,2,false,0,false,3781.0,0.0.3
1370292748350,3dbecc36913ac5e69812b6c1cfda1d49,175,0,false,0,false,3781.0,0.0.3
1370292748350,c5640682845ac15ba6a89ed4bc4239c0,200,2,false,0,false,3781.0,0.0.3
1370292748350,cdee40f08884b6dd9f5c597aaa09b78a,250,1,false,0,false,3781.0,0.0.3
1370292748350,e9d85caceda96757363815a31b097cdd,500,1,true,50,false,3781.0,0.0.3
1370292748350,c419cc61586bd34b65d90398376e4f4a,750,1,false,0,false,3781.0,0.0.3
1370292748350,6074559693db1498ef3e42299981a38a,1500,1,false,0,false,3781.0,0.0.3
1370292748350,9b1f4bbe394c3386807e6ebee1114b4b,2500,0,false,0,false,3781.0,0.0.3
1370292748350,630841e95f700bbf32414537f55985af,5000,0,false,0,false,3781.0,0.0.3
1370292748350,993875435564e5196f8ccdf8d8d77436,10000,0,true,1,false,3781.0,0.0.3
1370293343787,9d006aaa1906a1ce24b704d55b7a647a,5,1,false,0,false,3786.0,0.0.3
1370293343787,cb3cb19ff7b1af1a99263fc54392c6a5,10,0,false,0,false,3786.0,0.0.3
1370293343787,84a489fd151fe16a515ed701538027e5,20,1,false,0,false,3786.0,0.0.3
1370293343787,fb25251477236e2e74100ff5f94ccc01,1,0,false,0,false,3786.0,0.0.3
1370293343787,b423ae1a45e733a8269d1e4a1140a070,35,1,false,0,false,3786.0,0.0.3
1370293343787,74302bb679f06704ca67bb93f5a29bd3,50,1,false,0,false,3786.0,0.0.3
1370293343787,43f922460a0c152fbdeff45a380f2a19,100,2,false,0,false,3786.0,0.0.3
1370293343787,3dbecc36913ac5e69812b6c1cfda1d49,175,0,false,0,false,3786.0,0.0.3
1370293343787,c5640682845ac15ba6a89ed4bc4239c0,200,2,false,0,false,3786.0,0.0.3
1370293343787,cdee40f08884b6dd9f5c597aaa09b78a,250,1,false,0,false,3786.0,0.0.3
1370293343787,e9d85caceda96757363815a31b097cdd,500,1,true,50,false,3786.0,0.0.3
1370293343787,c419cc61586bd34b65d90398376e4f4a,750,1,false,0,false,3786.0,0.0.3
1370293343787,6074559693db1498ef3e42299981a38a,1500,1,false,0,false,3786.0,0.0.3
1370293343787,9b1f4bbe394c3386807e6ebee1114b4b,2500,0,false,0,false,3786.0,0.0.3
1370293343787,630841e95f700bbf32414537f55985af,5000,0,false,0,false,3786.0,0.0.3
1370293343787,993875435564e5196f8ccdf8d8d77436,10000,0,true,1,false,3786.0,0.0.3
1370299349738,fb25251477236e2e74100ff5f94ccc01,1,0,false,0,false,5286.0,0.0.3
1370299349738,9d006aaa1906a1ce24b704d55b7a647a,5,1,false,0,false,5286.0,0.0.3
1370299349738,cb3cb19ff7b1af1a99263fc54392c6a5,10,0,false,0,false,5286.0,0.0.3
1370299349738,84a489fd151fe16a515ed701538027e5,20,1,false,0,false,5286.0,0.0.3
1370299349738,b423ae1a45e733a8269d1e4a1140a070,35,1,false,0,false,5286.0,0.0.3
1370299349738,74302bb679f06704ca67bb93f5a29bd3,50,1,false,0,false,5286.0,0.0.3
1370299349738,43f922460a0c152fbdeff45a380f2a19,100,2,false,0,false,5286.0,0.0.3
1370299349738,3dbecc36913ac5e69812b6c1cfda1d49,175,0,false,0,false,5286.0,0.0.3
1370299349738,c5640682845ac15ba6a89ed4bc4239c0,200,2,false,0,false,5286.0,0.0.3
1370299349738,cdee40f08884b6dd9f5c597aaa09b78a,250,1,false,0,false,5286.0,0.0.3
1370299349738,e9d85caceda96757363815a31b097cdd,500,1,true,50,false,5286.0,0.0.3
1370299349738,c419cc61586bd34b65d90398376e4f4a,750,1,false,0,false,5286.0,0.0.3
1370299349738,6074559693db1498ef3e42299981a38a,1500,2,false,0,false,5286.0,0.0.3
1370299349738,9b1f4bbe394c3386807e6ebee1114b4b,2500,0,false,0,false,5286.0,0.0.3
1370299349738,630841e95f700bbf32414537f55985af,5000,0,false,0,false,5286.0,0.0.3
1370299349738,993875435564e5196f8ccdf8d8d77436,10000,0,true,1,false,5286.0,0.0.3
1370304151687,9d006aaa1906a1ce24b704d55b7a647a,5,1,false,0,false,5386.0,0.0.3
1370304151687,cb3cb19ff7b1af1a99263fc54392c6a5,10,0,false,0,false,5386.0,0.0.3
1370304151687,84a489fd151fe16a515ed701538027e5,20,1,false,0,false,5386.0,0.0.3
1370304151687,fb25251477236e2e74100ff5f94ccc01,1,0,false,0,false,5386.0,0.0.3
1370304151687,b423ae1a45e733a8269d1e4a1140a070,35,1,false,0,false,5386.0,0.0.3
1370304151687,74302bb679f06704ca67bb93f5a29bd3,50,1,false,0,false,5386.0,0.0.3
1370304151687,43f922460a0c152fbdeff45a380f2a19,100,3,false,0,false,5386.0,0.0.3
1370304151687,3dbecc36913ac5e69812b6c1cfda1d49,175,0,false,0,false,5386.0,0.0.3
1370304151687,c5640682845ac15ba6a89ed4bc4239c0,200,2,false,0,false,5386.0,0.0.3
1370304151687,cdee40f08884b6dd9f5c597aaa09b78a,250,1,false,0,false,5386.0,0.0.3
1370304151687,e9d85caceda96757363815a31b097cdd,500,1,true,50,false,5386.0,0.0.3
1370304151687,c419cc61586bd34b65d90398376e4f4a,750,1,false,0,false,5386.0,0.0.3
1370304151687,6074559693db1498ef3e42299981a38a,1500,2,false,0,false,5386.0,0.0.3
1370304151687,9b1f4bbe394c3386807e6ebee1114b4b,2500,0,false,0,false,5386.0,0.0.3
1370304151687,630841e95f700bbf32414537f55985af,5000,0,false,0,false,5386.0,0.0.3
1370304151687,993875435564e5196f8ccdf8d8d77436,10000,0,true,1,false,5386.0,0.0.3
1370305952741,fb25251477236e2e74100ff5f94ccc01,1,0,false,0,false,5391.0,0.0.3
1370305952741,9d006aaa1906a1ce24b704d55b7a647a,5,2,false,0,false,5391.0,0.0.3
1370305952741,cb3cb19ff7b1af1a99263fc54392c6a5,10,0,false,0,false,5391.0,0.0.3
1370305952741,84a489fd151fe16a515ed701538027e5,20,1,false,0,false,5391.0,0.0.3
1370305952741,b423ae1a45e733a8269d1e4a1140a070,35,1,false,0,false,5391.0,0.0.3
1370305952741,74302bb679f06704ca67bb93f5a29bd3,50,1,false,0,false,5391.0,0.0.3
1370305952741,43f922460a0c152fbdeff45a380f2a19,100,3,false,0,false,5391.0,0.0.3
1370305952741,3dbecc36913ac5e69812b6c1cfda1d49,175,0,false,0,false,5391.0,0.0.3
1370305952741,c5640682845ac15ba6a89ed4bc4239c0,200,2,false,0,false,5391.0,0.0.3
1370305952741,cdee40f08884b6dd9f5c597aaa09b78a,250,1,false,0,false,5391.0,0.0.3
1370305952741,e9d85caceda96757363815a31b097cdd,500,1,true,50,false,5391.0,0.0.3
1370305952741,c419cc61586bd34b65d90398376e4f4a,750,1,false,0,false,5391.0,0.0.3
1370305952741,6074559693db1498ef3e42299981a38a,1500,2,false,0,false,5391.0,0.0.3
1370305952741,9b1f4bbe394c3386807e6ebee1114b4b,2500,0,false,0,false,5391.0,0.0.3
1370305952741,630841e95f700bbf32414537f55985af,5000,0,false,0,false,5391.0,0.0.3
1370305952741,993875435564e5196f8ccdf8d8d77436,10000,0,true,1,false,5391.0,0.0.3
1370308356572,fb25251477236e2e74100ff5f94ccc01,1,0,false,0,false,5401.0,0.0.3
1370308356572,9d006aaa1906a1ce24b704d55b7a647a,5,2,false,0,false,5401.0,0.0.3
1370308356572,cb3cb19ff7b1af1a99263fc54392c6a5,10,1,false,0,false,5401.0,0.0.3
1370308356572,84a489fd151fe16a515ed701538027e5,20,1,false,0,false,5401.0,0.0.3
1370308356572,b423ae1a45e733a8269d1e4a1140a070,35,1,false,0,false,5401.0,0.0.3
1370308356572,74302bb679f06704ca67bb93f5a29bd3,50,1,false,0,false,5401.0,0.0.3
1370308356572,43f922460a0c152fbdeff45a380f2a19,100,3,false,0,false,5401.0,0.0.3
1370308356572,3dbecc36913ac5e69812b6c1cfda1d49,175,0,false,0,false,5401.0,0.0.3
1370308356572,c5640682845ac15ba6a89ed4bc4239c0,200,2,false,0,false,5401.0,0.0.3
1370308356572,cdee40f08884b6dd9f5c597aaa09b78a,250,1,false,0,false,5401.0,0.0.3
1370308356572,e9d85caceda96757363815a31b097cdd,500,1,true,50,false,5401.0,0.0.3
1370308356572,c419cc61586bd34b65d90398376e4f4a,750,1,false,0,false,5401.0,0.0.3
1370308356572,6074559693db1498ef3e42299981a38a,1500,2,false,0,false,5401.0,0.0.3
1370308356572,9b1f4bbe394c3386807e6ebee1114b4b,2500,0,false,0,false,5401.0,0.0.3
1370308356572,630841e95f700bbf32414537f55985af,5000,0,false,0,false,5401.0,0.0.3
1370308356572,993875435564e5196f8ccdf8d8d77436,10000,0,true,1,false,5401.0,0.0.3
1370309557855,9d006aaa1906a1ce24b704d55b7a647a,5,2,false,0,false,5501.0,0.0.3
1370309557855,cb3cb19ff7b1af1a99263fc54392c6a5,10,1,false,0,false,5501.0,0.0.3
1370309557855,84a489fd151fe16a515ed701538027e5,20,1,false,0,false,5501.0,0.0.3
1370309557855,fb25251477236e2e74100ff5f94ccc01,1,0,false,0,false,5501.0,0.0.3
1370309557855,b423ae1a45e733a8269d1e4a1140a070,35,1,false,0,false,5501.0,0.0.3
1370309557855,74302bb679f06704ca67bb93f5a29bd3,50,1,false,0,false,5501.0,0.0.3
1370309557855,43f922460a0c152fbdeff45a380f2a19,100,4,false,0,false,5501.0,0.0.3
1370309557855,3dbecc36913ac5e69812b6c1cfda1d49,175,0,false,0,false,5501.0,0.0.3
1370309557855,c5640682845ac15ba6a89ed4bc4239c0,200,2,false,0,false,5501.0,0.0.3
1370309557855,cdee40f08884b6dd9f5c597aaa09b78a,250,1,false,0,false,5501.0,0.0.3
1370309557855,e9d85caceda96757363815a31b097cdd,500,1,true,50,false,5501.0,0.0.3
1370309557855,c419cc61586bd34b65d90398376e4f4a,750,1,false,0,false,5501.0,0.0.3
1370309557855,6074559693db1498ef3e42299981a38a,1500,2,false,0,false,5501.0,0.0.3
1370309557855,9b1f4bbe394c3386807e6ebee1114b4b,2500,0,false,0,false,5501.0,0.0.3
1370309557855,630841e95f700bbf32414537f55985af,5000,0,false,0,false,5501.0,0.0.3
1370309557855,993875435564e5196f8ccdf8d8d77436,10000,0,true,1,false,5501.0,0.0.3
1370313156712,fb25251477236e2e74100ff5f94ccc01,1,0,false,0,false,5511.0,0.0.3
1370313156712,9d006aaa1906a1ce24b704d55b7a647a,5,2,false,0,false,5511.0,0.0.3
1370313156712,cb3cb19ff7b1af1a99263fc54392c6a5,10,1,false,0,false,5511.0,0.0.3
1370313156712,84a489fd151fe16a515ed701538027e5,20,1,false,0,false,5511.0,0.0.3
1370313156712,b423ae1a45e733a8269d1e4a1140a070,35,1,false,0,false,5511.0,0.0.3
1370313156712,74302bb679f06704ca67bb93f5a29bd3,50,1,false,0,false,5511.0,0.0.3
1370313156712,43f922460a0c152fbdeff45a380f2a19,100,4,false,0,false,5511.0,0.0.3
1370313156712,3dbecc36913ac5e69812b6c1cfda1d49,175,0,false,0,false,5511.0,0.0.3
1370313156712,c5640682845ac15ba6a89ed4bc4239c0,200,2,false,0,false,5511.0,0.0.3
1370313156712,cdee40f08884b6dd9f5c597aaa09b78a,250,1,false,0,false,5511.0,0.0.3
1370313156712,e9d85caceda96757363815a31b097cdd,500,1,true,50,false,5511.0,0.0.3
1370313156712,c419cc61586bd34b65d90398376e4f4a,750,1,false,0,false,5511.0,0.0.3
1370313156712,6074559693db1498ef3e42299981a38a,1500,2,false,0,false,5511.0,0.0.3
1370313156712,9b1f4bbe394c3386807e6ebee1114b4b,2500,0,false,0,false,5511.0,0.0.3
1370313156712,630841e95f700bbf32414537f55985af,5000,0,false,0,false,5511.0,0.0.3
1370313156712,993875435564e5196f8ccdf8d8d77436,10000,0,true,1,false,5511.0,0.0.3
1370319160832,fb25251477236e2e74100ff5f94ccc01,1,0,false,0,false,5711.0,0.0.3
1370319160832,9d006aaa1906a1ce24b704d55b7a647a,5,2,false,0,false,5711.0,0.0.3
1370319160832,cb3cb19ff7b1af1a99263fc54392c6a5,10,1,false,0,false,5711.0,0.0.3
1370319160832,84a489fd151fe16a515ed701538027e5,20,1,false,0,false,5711.0,0.0.3
1370319160832,b423ae1a45e733a8269d1e4a1140a070,35,1,false,0,false,5711.0,0.0.3
1370319160832,74302bb679f06704ca67bb93f5a29bd3,50,1,false,0,false,5711.0,0.0.3
1370319160832,43f922460a0c152fbdeff45a380f2a19,100,4,false,0,false,5711.0,0.0.3
1370319160832,3dbecc36913ac5e69812b6c1cfda1d49,175,0,false,0,false,5711.0,0.0.3
1370319160832,c5640682845ac15ba6a89ed4bc4239c0,200,2,false,0,false,5711.0,0.0.3
1370319160832,cdee40f08884b6dd9f5c597aaa09b78a,250,1,false,0,false,5711.0,0.0.3
1370319160832,e9d85caceda96757363815a31b097cdd,500,1,true,50,false,5711.0,0.0.3
1370319160832,c419cc61586bd34b65d90398376e4f4a,750,1,false,0,false,5711.0,0.0.3
1370319160832,6074559693db1498ef3e42299981a38a,1500,2,false,0,false,5711.0,0.0.3
1370319160832,9b1f4bbe394c3386807e6ebee1114b4b,2500,0,false,0,false,5711.0,0.0.3
1370319160832,630841e95f700bbf32414537f55985af,5000,0,false,0,false,5711.0,0.0.3
1370319160832,993875435564e5196f8ccdf8d8d77436,10000,0,true,1,false,5711.0,0.0.3
1370322775577,fb25251477236e2e74100ff5f94ccc01,1,0,false,0,false,5731.0,0.0.3
1370322775577,9d006aaa1906a1ce24b704d55b7a647a,5,2,false,0,false,5731.0,0.0.3
1370322775577,cb3cb19ff7b1af1a99263fc54392c6a5,10,1,false,0,false,5731.0,0.0.3
1370322775577,84a489fd151fe16a515ed701538027e5,20,2,false,0,false,5731.0,0.0.3
1370322775577,b423ae1a45e733a8269d1e4a1140a070,35,1,false,0,false,5731.0,0.0.3
1370322775577,74302bb679f06704ca67bb93f5a29bd3,50,1,false,0,false,5731.0,0.0.3
1370322775577,3dbecc36913ac5e69812b6c1cfda1d49,175,0,false,0,false,5731.0,0.0.3
1370322775577,c5640682845ac15ba6a89ed4bc4239c0,200,2,false,0,false,5731.0,0.0.3
1370322775577,43f922460a0c152fbdeff45a380f2a19,100,4,false,0,false,5731.0,0.0.3
1370322775577,cdee40f08884b6dd9f5c597aaa09b78a,250,1,false,0,false,5731.0,0.0.3
1370322775577,e9d85caceda96757363815a31b097cdd,500,1,true,50,false,5731.0,0.0.3
1370322775577,c419cc61586bd34b65d90398376e4f4a,750,1,false,0,false,5731.0,0.0.3
1370322775577,6074559693db1498ef3e42299981a38a,1500,2,false,0,false,5731.0,0.0.3
1370322775577,9b1f4bbe394c3386807e6ebee1114b4b,2500,0,false,0,false,5731.0,0.0.3
1370322775577,630841e95f700bbf32414537f55985af,5000,0,false,0,false,5731.0,0.0.3
1370322775577,993875435564e5196f8ccdf8d8d77436,10000,0,true,1,false,5731.0,0.0.3
1370323366775,fb25251477236e2e74100ff5f94ccc01,1,0,false,0,false,5981.0,0.0.3
1370323366775,cb3cb19ff7b1af1a99263fc54392c6a5,10,1,false,0,false,5981.0,0.0.3
1370323366775,9d006aaa1906a1ce24b704d55b7a647a,5,2,false,0,false,5981.0,0.0.3
1370323366775,84a489fd151fe16a515ed701538027e5,20,2,false,0,false,5981.0,0.0.3
1370323366775,b423ae1a45e733a8269d1e4a1140a070,35,1,false,0,false,5981.0,0.0.3
1370323366775,74302bb679f06704ca67bb93f5a29bd3,50,1,false,0,false,5981.0,0.0.3
1370323366775,43f922460a0c152fbdeff45a380f2a19,100,4,false,0,false,5981.0,0.0.3
1370323366775,3dbecc36913ac5e69812b6c1cfda1d49,175,0,false,0,false,5981.0,0.0.3
1370323366775,c5640682845ac15ba6a89ed4bc4239c0,200,2,false,0,false,5981.0,0.0.3
1370323366775,cdee40f08884b6dd9f5c597aaa09b78a,250,2,false,0,false,5981.0,0.0.3
1370323366775,e9d85caceda96757363815a31b097cdd,500,1,true,50,false,5981.0,0.0.3
1370323366775,c419cc61586bd34b65d90398376e4f4a,750,1,false,0,false,5981.0,0.0.3
1370323366775,6074559693db1498ef3e42299981a38a,1500,2,false,0,false,5981.0,0.0.3
1370323366775,9b1f4bbe394c3386807e6ebee1114b4b,2500,0,false,0,false,5981.0,0.0.3
1370323366775,630841e95f700bbf32414537f55985af,5000,0,false,0,false,5981.0,0.0.3
1370323366775,993875435564e5196f8ccdf8d8d77436,10000,0,true,1,false,5981.0,0.0.3
1370340763919,fb25251477236e2e74100ff5f94ccc01,1,0,false,0,false,6016.0,0.0.3
1370340763919,9d006aaa1906a1ce24b704d55b7a647a,5,2,false,0,false,6016.0,0.0.3
1370340763919,cb3cb19ff7b1af1a99263fc54392c6a5,10,1,false,0,false,6016.0,0.0.3
1370340763919,84a489fd151fe16a515ed701538027e5,20,2,false,0,false,6016.0,0.0.3
1370340763919,b423ae1a45e733a8269d1e4a1140a070,35,2,false,0,false,6016.0,0.0.3
1370340763919,74302bb679f06704ca67bb93f5a29bd3,50,1,false,0,false,6016.0,0.0.3
1370340763919,43f922460a0c152fbdeff45a380f2a19,100,4,false,0,false,6016.0,0.0.3
1370340763919,3dbecc36913ac5e69812b6c1cfda1d49,175,0,false,0,false,6016.0,0.0.3
1370340763919,c5640682845ac15ba6a89ed4bc4239c0,200,2,false,0,false,6016.0,0.0.3
1370340763919,cdee40f08884b6dd9f5c597aaa09b78a,250,2,false,0,false,6016.0,0.0.3
1370340763919,e9d85caceda96757363815a31b097cdd,500,1,true,50,false,6016.0,0.0.3
1370340763919,c419cc61586bd34b65d90398376e4f4a,750,1,false,0,false,6016.0,0.0.3
1370340763919,6074559693db1498ef3e42299981a38a,1500,2,false,0,false,6016.0,0.0.3
1370340763919,9b1f4bbe394c3386807e6ebee1114b4b,2500,0,false,0,false,6016.0,0.0.3
1370340763919,630841e95f700bbf32414537f55985af,5000,0,false,0,false,6016.0,0.0.3
1370340763919,993875435564e5196f8ccdf8d8d77436,10000,0,true,1,false,6016.0,0.0.3
1370347964947,9d006aaa1906a1ce24b704d55b7a647a,5,2,false,0,false,6026.0,0.0.3
1370347964947,cb3cb19ff7b1af1a99263fc54392c6a5,10,2,false,0,false,6026.0,0.0.3
1370347964947,84a489fd151fe16a515ed701538027e5,20,2,false,0,false,6026.0,0.0.3
1370347964947,74302bb679f06704ca67bb93f5a29bd3,50,1,false,0,false,6026.0,0.0.3
1370347964947,b423ae1a45e733a8269d1e4a1140a070,35,2,false,0,false,6026.0,0.0.3
1370347964947,3dbecc36913ac5e69812b6c1cfda1d49,175,0,false,0,false,6026.0,0.0.3
1370347964947,43f922460a0c152fbdeff45a380f2a19,100,4,false,0,false,6026.0,0.0.3
1370347964947,c5640682845ac15ba6a89ed4bc4239c0,200,2,false,0,false,6026.0,0.0.3
1370347964947,fb25251477236e2e74100ff5f94ccc01,1,0,false,0,false,6026.0,0.0.3
1370347964947,cdee40f08884b6dd9f5c597aaa09b78a,250,2,false,0,false,6026.0,0.0.3
1370347964947,e9d85caceda96757363815a31b097cdd,500,1,true,50,false,6026.0,0.0.3
1370347964947,c419cc61586bd34b65d90398376e4f4a,750,1,false,0,false,6026.0,0.0.3
1370347964947,6074559693db1498ef3e42299981a38a,1500,2,false,0,false,6026.0,0.0.3
1370347964947,9b1f4bbe394c3386807e6ebee1114b4b,2500,0,false,0,false,6026.0,0.0.3
1370347964947,630841e95f700bbf32414537f55985af,5000,0,false,0,false,6026.0,0.0.3
1370347964947,993875435564e5196f8ccdf8d8d77436,10000,0,true,1,false,6026.0,0.0.3
1370353976669,fb25251477236e2e74100ff5f94ccc01,1,0,false,0,false,6061.0,0.0.3
1370353976669,cb3cb19ff7b1af1a99263fc54392c6a5,10,2,false,0,false,6061.0,0.0.3
1370353976669,84a489fd151fe16a515ed701538027e5,20,2,false,0,false,6061.0,0.0.3
1370353976669,9d006aaa1906a1ce24b704d55b7a647a,5,2,false,0,false,6061.0,0.0.3
1370353976669,b423ae1a45e733a8269d1e4a1140a070,35,3,false,0,false,6061.0,0.0.3
1370353976669,43f922460a0c152fbdeff45a380f2a19,100,4,false,0,false,6061.0,0.0.3
1370353976669,74302bb679f06704ca67bb93f5a29bd3,50,1,false,0,false,6061.0,0.0.3
1370353976669,3dbecc36913ac5e69812b6c1cfda1d49,175,0,false,0,false,6061.0,0.0.3
1370353976669,c5640682845ac15ba6a89ed4bc4239c0,200,2,false,0,false,6061.0,0.0.3
1370353976669,cdee40f08884b6dd9f5c597aaa09b78a,250,2,false,0,false,6061.0,0.0.3
1370353976669,e9d85caceda96757363815a31b097cdd,500,1,true,50,false,6061.0,0.0.3
1370353976669,6074559693db1498ef3e42299981a38a,1500,2,false,0,false,6061.0,0.0.3
1370353976669,c419cc61586bd34b65d90398376e4f4a,750,1,false,0,false,6061.0,0.0.3
1370353976669,630841e95f700bbf32414537f55985af,5000,0,false,0,false,6061.0,0.0.3
1370353976669,9b1f4bbe394c3386807e6ebee1114b4b,2500,0,false,0,false,6061.0,0.0.3
1370353976669,993875435564e5196f8ccdf8d8d77436,10000,0,true,1,false,6061.0,0.0.3
1370356977091,9d006aaa1906a1ce24b704d55b7a647a,5,2,false,0,false,6161.0,0.0.3
1370356977091,84a489fd151fe16a515ed701538027e5,20,2,false,0,false,6161.0,0.0.3
1370356977091,cb3cb19ff7b1af1a99263fc54392c6a5,10,2,false,0,false,6161.0,0.0.3
1370356977091,74302bb679f06704ca67bb93f5a29bd3,50,1,false,0,false,6161.0,0.0.3
1370356977091,b423ae1a45e733a8269d1e4a1140a070,35,3,false,0,false,6161.0,0.0.3
1370356977091,43f922460a0c152fbdeff45a380f2a19,100,5,false,0,false,6161.0,0.0.3
1370356977091,fb25251477236e2e74100ff5f94ccc01,1,0,false,0,false,6161.0,0.0.3
1370356977091,3dbecc36913ac5e69812b6c1cfda1d49,175,0,false,0,false,6161.0,0.0.3
1370356977091,c5640682845ac15ba6a89ed4bc4239c0,200,2,false,0,false,6161.0,0.0.3
1370356977091,cdee40f08884b6dd9f5c597aaa09b78a,250,2,false,0,false,6161.0,0.0.3
1370356977091,e9d85caceda96757363815a31b097cdd,500,1,true,50,false,6161.0,0.0.3
1370356977091,c419cc61586bd34b65d90398376e4f4a,750,1,false,0,false,6161.0,0.0.3
1370356977091,6074559693db1498ef3e42299981a38a,1500,2,false,0,false,6161.0,0.0.3
1370356977091,9b1f4bbe394c3386807e6ebee1114b4b,2500,0,false,0,false,6161.0,0.0.3
1370356977091,630841e95f700bbf32414537f55985af,5000,0,false,0,false,6161.0,0.0.3
1370356977091,993875435564e5196f8ccdf8d8d77436,10000,0,true,1,false,6161.0,0.0.3
1370358771104,fb25251477236e2e74100ff5f94ccc01,1,0,false,0,false,6336.0,0.0.3
1370358771104,9d006aaa1906a1ce24b704d55b7a647a,5,2,false,0,false,6336.0,0.0.3
1370358771104,cb3cb19ff7b1af1a99263fc54392c6a5,10,2,false,0,false,6336.0,0.0.3
1370358771104,b423ae1a45e733a8269d1e4a1140a070,35,3,false,0,false,6336.0,0.0.3
1370358771104,84a489fd151fe16a515ed701538027e5,20,2,false,0,false,6336.0,0.0.3
1370358771104,74302bb679f06704ca67bb93f5a29bd3,50,1,false,0,false,6336.0,0.0.3
1370358771104,43f922460a0c152fbdeff45a380f2a19,100,5,false,0,false,6336.0,0.0.3
1370358771104,3dbecc36913ac5e69812b6c1cfda1d49,175,1,false,0,false,6336.0,0.0.3
1370358771104,c5640682845ac15ba6a89ed4bc4239c0,200,2,false,0,false,6336.0,0.0.3
1370358771104,cdee40f08884b6dd9f5c597aaa09b78a,250,2,false,0,false,6336.0,0.0.3
1370358771104,e9d85caceda96757363815a31b097cdd,500,1,true,50,false,6336.0,0.0.3
1370358771104,c419cc61586bd34b65d90398376e4f4a,750,1,false,0,false,6336.0,0.0.3
1370358771104,6074559693db1498ef3e42299981a38a,1500,2,false,0,false,6336.0,0.0.3
1370358771104,9b1f4bbe394c3386807e6ebee1114b4b,2500,0,false,0,false,6336.0,0.0.3
1370358771104,630841e95f700bbf32414537f55985af,5000,0,false,0,false,6336.0,0.0.3
1370358771104,993875435564e5196f8ccdf8d8d77436,10000,0,true,1,false,6336.0,0.0.3
1370372594311,fb25251477236e2e74100ff5f94ccc01,1,0,false,0,false,6436.0,0.0.3
1370372594311,9d006aaa1906a1ce24b704d55b7a647a,5,2,false,0,false,6436.0,0.0.3
1370372594311,cb3cb19ff7b1af1a99263fc54392c6a5,10,2,false,0,false,6436.0,0.0.3
1370372594311,84a489fd151fe16a515ed701538027e5,20,2,false,0,false,6436.0,0.0.3
1370372594311,b423ae1a45e733a8269d1e4a1140a070,35,3,false,0,false,6436.0,0.0.3
1370372594311,74302bb679f06704ca67bb93f5a29bd3,50,1,false,0,false,6436.0,0.0.3
1370372594311,43f922460a0c152fbdeff45a380f2a19,100,6,false,0,false,6436.0,0.0.3
1370372594311,3dbecc36913ac5e69812b6c1cfda1d49,175,1,false,0,false,6436.0,0.0.3
1370372594311,c5640682845ac15ba6a89ed4bc4239c0,200,2,false,0,false,6436.0,0.0.3
1370372594311,cdee40f08884b6dd9f5c597aaa09b78a,250,2,false,0,false,6436.0,0.0.3
1370372594311,e9d85caceda96757363815a31b097cdd,500,1,true,50,false,6436.0,0.0.3
1370372594311,c419cc61586bd34b65d90398376e4f4a,750,1,false,0,false,6436.0,0.0.3
1370372594311,6074559693db1498ef3e42299981a38a,1500,2,false,0,false,6436.0,0.0.3
1370372594311,9b1f4bbe394c3386807e6ebee1114b4b,2500,0,false,0,false,6436.0,0.0.3
1370372594311,630841e95f700bbf32414537f55985af,5000,0,false,0,false,6436.0,0.0.3
1370372594311,993875435564e5196f8ccdf8d8d77436,10000,0,true,1,false,6436.0,0.0.3
1370373185176,fb25251477236e2e74100ff5f94ccc01,1,0,false,0,false,6536.0,0.0.3
1370373185176,9d006aaa1906a1ce24b704d55b7a647a,5,2,false,0,false,6536.0,0.0.3
1370373185176,cb3cb19ff7b1af1a99263fc54392c6a5,10,2,false,0,false,6536.0,0.0.3
1370373185176,84a489fd151fe16a515ed701538027e5,20,2,false,0,false,6536.0,0.0.3
1370373185176,b423ae1a45e733a8269d1e4a1140a070,35,3,false,0,false,6536.0,0.0.3
1370373185176,74302bb679f06704ca67bb93f5a29bd3,50,1,false,0,false,6536.0,0.0.3
1370373185176,43f922460a0c152fbdeff45a380f2a19,100,7,false,0,false,6536.0,0.0.3
1370373185176,3dbecc36913ac5e69812b6c1cfda1d49,175,1,false,0,false,6536.0,0.0.3
1370373185176,e9d85caceda96757363815a31b097cdd,500,1,true,50,false,6536.0,0.0.3
1370373185176,c5640682845ac15ba6a89ed4bc4239c0,200,2,false,0,false,6536.0,0.0.3
1370373185176,c419cc61586bd34b65d90398376e4f4a,750,1,false,0,false,6536.0,0.0.3
1370373185176,cdee40f08884b6dd9f5c597aaa09b78a,250,2,false,0,false,6536.0,0.0.3
1370373185176,6074559693db1498ef3e42299981a38a,1500,2,false,0,false,6536.0,0.0.3
1370373185176,9b1f4bbe394c3386807e6ebee1114b4b,2500,0,false,0,false,6536.0,0.0.3
1370373185176,630841e95f700bbf32414537f55985af,5000,0,false,0,false,6536.0,0.0.3
1370373185176,993875435564e5196f8ccdf8d8d77436,10000,0,true,1,false,6536.0,0.0.3
1370374400593,fb25251477236e2e74100ff5f94ccc01,1,0,false,0,false,6636.0,0.0.3
1370374400593,9d006aaa1906a1ce24b704d55b7a647a,5,2,false,0,false,6636.0,0.0.3
1370374400593,cb3cb19ff7b1af1a99263fc54392c6a5,10,2,false,0,false,6636.0,0.0.3
1370374400593,84a489fd151fe16a515ed701538027e5,20,2,false,0,false,6636.0,0.0.3
1370374400593,b423ae1a45e733a8269d1e4a1140a070,35,3,false,0,false,6636.0,0.0.3
1370374400593,74302bb679f06704ca67bb93f5a29bd3,50,1,false,0,false,6636.0,0.0.3
1370374400593,c5640682845ac15ba6a89ed4bc4239c0,200,2,false,0,false,6636.0,0.0.3
1370374400593,43f922460a0c152fbdeff45a380f2a19,100,8,false,0,false,6636.0,0.0.3
1370374400593,3dbecc36913ac5e69812b6c1cfda1d49,175,1,false,0,false,6636.0,0.0.3
1370374400593,cdee40f08884b6dd9f5c597aaa09b78a,250,2,false,0,false,6636.0,0.0.3
1370374400593,e9d85caceda96757363815a31b097cdd,500,1,true,50,false,6636.0,0.0.3
1370374400593,c419cc61586bd34b65d90398376e4f4a,750,1,false,0,false,6636.0,0.0.3
1370374400593,6074559693db1498ef3e42299981a38a,1500,2,false,0,false,6636.0,0.0.3
1370374400593,993875435564e5196f8ccdf8d8d77436,10000,0,true,1,false,6636.0,0.0.3
1370374400593,9b1f4bbe394c3386807e6ebee1114b4b,2500,0,false,0,false,6636.0,0.0.3
1370374400593,630841e95f700bbf32414537f55985af,5000,0,false,0,false,6636.0,0.0.3
1370377394310,fb25251477236e2e74100ff5f94ccc01,1,0,false,0,false,6671.0,0.0.3
1370377394310,cb3cb19ff7b1af1a99263fc54392c6a5,10,2,false,0,false,6671.0,0.0.3
1370377394310,9d006aaa1906a1ce24b704d55b7a647a,5,2,false,0,false,6671.0,0.0.3
1370377394310,84a489fd151fe16a515ed701538027e5,20,2,false,0,false,6671.0,0.0.3
1370377394310,b423ae1a45e733a8269d1e4a1140a070,35,4,false,0,false,6671.0,0.0.3
1370377394310,74302bb679f06704ca67bb93f5a29bd3,50,1,false,0,false,6671.0,0.0.3
1370377394310,43f922460a0c152fbdeff45a380f2a19,100,8,false,0,false,6671.0,0.0.3
1370377394310,3dbecc36913ac5e69812b6c1cfda1d49,175,1,false,0,false,6671.0,0.0.3
1370377394310,c5640682845ac15ba6a89ed4bc4239c0,200,2,false,0,false,6671.0,0.0.3
1370377394310,cdee40f08884b6dd9f5c597aaa09b78a,250,2,false,0,false,6671.0,0.0.3
1370377394310,e9d85caceda96757363815a31b097cdd,500,1,true,50,false,6671.0,0.0.3
1370377394310,c419cc61586bd34b65d90398376e4f4a,750,1,false,0,false,6671.0,0.0.3
1370377394310,6074559693db1498ef3e42299981a38a,1500,2,false,0,false,6671.0,0.0.3
1370377394310,9b1f4bbe394c3386807e6ebee1114b4b,2500,0,false,0,false,6671.0,0.0.3
1370377394310,630841e95f700bbf32414537f55985af,5000,0,false,0,false,6671.0,0.0.3
1370377394310,993875435564e5196f8ccdf8d8d77436,10000,0,true,1,false,6671.0,0.0.3
1370378001956,fb25251477236e2e74100ff5f94ccc01,1,0,false,0,false,6706.0,0.0.3
1370378001956,cb3cb19ff7b1af1a99263fc54392c6a5,10,2,false,0,false,6706.0,0.0.3
1370378001956,9d006aaa1906a1ce24b704d55b7a647a,5,2,false,0,false,6706.0,0.0.3
1370378001956,84a489fd151fe16a515ed701538027e5,20,2,false,0,false,6706.0,0.0.3
1370378001956,b423ae1a45e733a8269d1e4a1140a070,35,5,false,0,false,6706.0,0.0.3
1370378001956,74302bb679f06704ca67bb93f5a29bd3,50,1,false,0,false,6706.0,0.0.3
1370378001956,43f922460a0c152fbdeff45a380f2a19,100,8,false,0,false,6706.0,0.0.3
1370378001956,3dbecc36913ac5e69812b6c1cfda1d49,175,1,false,0,false,6706.0,0.0.3
1370378001956,c5640682845ac15ba6a89ed4bc4239c0,200,2,false,0,false,6706.0,0.0.3
1370378001956,cdee40f08884b6dd9f5c597aaa09b78a,250,2,false,0,false,6706.0,0.0.3
1370378001956,e9d85caceda96757363815a31b097cdd,500,1,true,50,false,6706.0,0.0.3
1370378001956,c419cc61586bd34b65d90398376e4f4a,750,1,false,0,false,6706.0,0.0.3
1370378001956,6074559693db1498ef3e42299981a38a,1500,2,false,0,false,6706.0,0.0.3
1370378001956,630841e95f700bbf32414537f55985af,5000,0,false,0,false,6706.0,0.0.3
1370378001956,9b1f4bbe394c3386807e6ebee1114b4b,2500,0,false,0,false,6706.0,0.0.3
1370378001956,993875435564e5196f8ccdf8d8d77436,10000,0,true,1,false,6706.0,0.0.3
1370389394465,fb25251477236e2e74100ff5f94ccc01,1,0,false,0,false,6756.0,0.0.3
1370389394465,9d006aaa1906a1ce24b704d55b7a647a,5,2,false,0,false,6756.0,0.0.3
1370389394465,84a489fd151fe16a515ed701538027e5,20,2,false,0,false,6756.0,0.0.3
1370389394465,cb3cb19ff7b1af1a99263fc54392c6a5,10,2,false,0,false,6756.0,0.0.3
1370389394465,b423ae1a45e733a8269d1e4a1140a070,35,5,false,0,false,6756.0,0.0.3
1370389394465,74302bb679f06704ca67bb93f5a29bd3,50,2,false,0,false,6756.0,0.0.3
1370389394465,43f922460a0c152fbdeff45a380f2a19,100,8,false,0,false,6756.0,0.0.3
1370389394465,3dbecc36913ac5e69812b6c1cfda1d49,175,1,false,0,false,6756.0,0.0.3
1370389394465,cdee40f08884b6dd9f5c597aaa09b78a,250,2,false,0,false,6756.0,0.0.3
1370389394465,e9d85caceda96757363815a31b097cdd,500,1,true,50,false,6756.0,0.0.3
1370389394465,c5640682845ac15ba6a89ed4bc4239c0,200,2,false,0,false,6756.0,0.0.3
1370389394465,c419cc61586bd34b65d90398376e4f4a,750,1,false,0,false,6756.0,0.0.3
1370389394465,6074559693db1498ef3e42299981a38a,1500,2,false,0,false,6756.0,0.0.3
1370389394465,9b1f4bbe394c3386807e6ebee1114b4b,2500,0,false,0,false,6756.0,0.0.3
1370389394465,630841e95f700bbf32414537f55985af,5000,0,false,0,false,6756.0,0.0.3
1370389394465,993875435564e5196f8ccdf8d8d77436,10000,0,true,1,false,6756.0,0.0.3
1370448812260,fb25251477236e2e74100ff5f94ccc01,1,0,false,0,false,6956.0,0.0.3
1370448812260,9d006aaa1906a1ce24b704d55b7a647a,5,2,false,0,false,6956.0,0.0.3
1370448812260,cb3cb19ff7b1af1a99263fc54392c6a5,10,2,false,0,false,6956.0,0.0.3
1370448812260,84a489fd151fe16a515ed701538027e5,20,2,false,0,false,6956.0,0.0.3
1370448812260,b423ae1a45e733a8269d1e4a1140a070,35,5,false,0,false,6956.0,0.0.3
1370448812260,74302bb679f06704ca67bb93f5a29bd3,50,2,false,0,false,6956.0,0.0.3
1370448812260,43f922460a0c152fbdeff45a380f2a19,100,8,false,0,false,6956.0,0.0.3
1370448812260,3dbecc36913ac5e69812b6c1cfda1d49,175,1,false,0,false,6956.0,0.0.3
1370448812260,c5640682845ac15ba6a89ed4bc4239c0,200,3,false,0,false,6956.0,0.0.3
1370448812260,cdee40f08884b6dd9f5c597aaa09b78a,250,2,false,0,false,6956.0,0.0.3
1370448812260,e9d85caceda96757363815a31b097cdd,500,1,true,50,false,6956.0,0.0.3
1370448812260,c419cc61586bd34b65d90398376e4f4a,750,1,false,0,false,6956.0,0.0.3
1370448812260,6074559693db1498ef3e42299981a38a,1500,2,false,0,false,6956.0,0.0.3
1370448812260,9b1f4bbe394c3386807e6ebee1114b4b,2500,0,false,0,false,6956.0,0.0.3
1370448812260,630841e95f700bbf32414537f55985af,5000,0,false,0,false,6956.0,0.0.3
1370448812260,993875435564e5196f8ccdf8d8d77436,10000,0,true,1,false,6956.0,0.0.3
1370459038276,fb25251477236e2e74100ff5f94ccc01,1,0,false,0,false,7056.0,0.0.3
1370459038276,cb3cb19ff7b1af1a99263fc54392c6a5,10,2,false,0,false,7056.0,0.0.3
1370459038276,84a489fd151fe16a515ed701538027e5,20,2,false,0,false,7056.0,0.0.3
1370459038276,9d006aaa1906a1ce24b704d55b7a647a,5,2,false,0,false,7056.0,0.0.3
1370459038276,b423ae1a45e733a8269d1e4a1140a070,35,5,false,0,false,7056.0,0.0.3
1370459038276,74302bb679f06704ca67bb93f5a29bd3,50,2,false,0,false,7056.0,0.0.3
1370459038276,43f922460a0c152fbdeff45a380f2a19,100,9,false,0,false,7056.0,0.0.3
1370459038276,3dbecc36913ac5e69812b6c1cfda1d49,175,1,false,0,false,7056.0,0.0.3
1370459038276,c5640682845ac15ba6a89ed4bc4239c0,200,3,false,0,false,7056.0,0.0.3
1370459038276,c419cc61586bd34b65d90398376e4f4a,750,1,false,0,false,7056.0,0.0.3
1370459038276,cdee40f08884b6dd9f5c597aaa09b78a,250,2,false,0,false,7056.0,0.0.3
1370459038276,e9d85caceda96757363815a31b097cdd,500,1,true,50,false,7056.0,0.0.3
1370459038276,6074559693db1498ef3e42299981a38a,1500,2,false,0,false,7056.0,0.0.3
1370459038276,9b1f4bbe394c3386807e6ebee1114b4b,2500,0,false,0,false,7056.0,0.0.3
1370459038276,630841e95f700bbf32414537f55985af,5000,0,false,0,false,7056.0,0.0.3
1370459038276,993875435564e5196f8ccdf8d8d77436,10000,0,true,1,false,7056.0,0.0.3
1370461425252,9d006aaa1906a1ce24b704d55b7a647a,5,2,false,0,false,7076.0,0.0.3
1370461425252,cb3cb19ff7b1af1a99263fc54392c6a5,10,2,false,0,false,7076.0,0.0.3
1370461425252,84a489fd151fe16a515ed701538027e5,20,2,false,0,false,7076.0,0.0.3
1370461425252,b423ae1a45e733a8269d1e4a1140a070,35,5,false,0,false,7076.0,0.0.3
1370461425252,74302bb679f06704ca67bb93f5a29bd3,50,2,false,0,false,7076.0,0.0.3
1370461425252,43f922460a0c152fbdeff45a380f2a19,100,9,false,0,false,7076.0,0.0.3
1370461425252,3dbecc36913ac5e69812b6c1cfda1d49,175,1,false,0,false,7076.0,0.0.3
1370461425252,fb25251477236e2e74100ff5f94ccc01,1,0,false,0,false,7076.0,0.0.3
1370461425252,c5640682845ac15ba6a89ed4bc4239c0,200,3,false,0,false,7076.0,0.0.3
1370461425252,cdee40f08884b6dd9f5c597aaa09b78a,250,2,false,0,false,7076.0,0.0.3
1370461425252,e9d85caceda96757363815a31b097cdd,500,1,true,50,false,7076.0,0.0.3
1370461425252,c419cc61586bd34b65d90398376e4f4a,750,1,false,0,false,7076.0,0.0.3
1370461425252,6074559693db1498ef3e42299981a38a,1500,2,false,0,false,7076.0,0.0.3
1370461425252,9b1f4bbe394c3386807e6ebee1114b4b,2500,0,false,0,false,7076.0,0.0.3
1370461425252,630841e95f700bbf32414537f55985af,5000,0,false,0,false,7076.0,0.0.3
1370461425252,993875435564e5196f8ccdf8d8d77436,10000,0,true,1,false,7076.0,0.0.3
1370469233789,fb25251477236e2e74100ff5f94ccc01,1,0,false,0,false,7176.0,0.0.3
1370469233789,84a489fd151fe16a515ed701538027e5,20,2,false,0,false,7176.0,0.0.3
1370469233789,cb3cb19ff7b1af1a99263fc54392c6a5,10,2,false,0,false,7176.0,0.0.3
1370469233789,b423ae1a45e733a8269d1e4a1140a070,35,5,false,0,false,7176.0,0.0.3
1370469233789,9d006aaa1906a1ce24b704d55b7a647a,5,2,false,0,false,7176.0,0.0.3
1370469233789,74302bb679f06704ca67bb93f5a29bd3,50,2,false,0,false,7176.0,0.0.3
1370469233789,43f922460a0c152fbdeff45a380f2a19,100,9,false,0,false,7176.0,0.0.3
1370469233789,3dbecc36913ac5e69812b6c1cfda1d49,175,1,false,0,false,7176.0,0.0.3
1370469233789,c5640682845ac15ba6a89ed4bc4239c0,200,3,false,0,false,7176.0,0.0.3
1370469233789,cdee40f08884b6dd9f5c597aaa09b78a,250,2,false,0,false,7176.0,0.0.3
1370469233789,c419cc61586bd34b65d90398376e4f4a,750,1,false,0,false,7176.0,0.0.3
1370469233789,6074559693db1498ef3e42299981a38a,1500,2,false,0,false,7176.0,0.0.3
1370469233789,9b1f4bbe394c3386807e6ebee1114b4b,2500,0,false,0,false,7176.0,0.0.3
1370469233789,e9d85caceda96757363815a31b097cdd,500,1,true,50,false,7176.0,0.0.3
1370469233789,630841e95f700bbf32414537f55985af,5000,0,false,0,false,7176.0,0.0.3
1370469233789,993875435564e5196f8ccdf8d8d77436,10000,0,true,1,false,7176.0,0.0.3
1370496243106,9d006aaa1906a1ce24b704d55b7a647a,5,2,false,0,false,7196.0,0.0.3
1370496243106,84a489fd151fe16a515ed701538027e5,20,3,false,0,false,7196.0,0.0.3
1370496243106,cb3cb19ff7b1af1a99263fc54392c6a5,10,2,false,0,false,7196.0,0.0.3
1370496243106,74302bb679f06704ca67bb93f5a29bd3,50,2,false,0,false,7196.0,0.0.3
1370496243106,b423ae1a45e733a8269d1e4a1140a070,35,5,false,0,false,7196.0,0.0.3
1370496243106,43f922460a0c152fbdeff45a380f2a19,100,9,false,0,false,7196.0,0.0.3
1370496243106,3dbecc36913ac5e69812b6c1cfda1d49,175,1,false,0,false,7196.0,0.0.3
1370496243106,fb25251477236e2e74100ff5f94ccc01,1,0,false,0,false,7196.0,0.0.3
1370496243106,c5640682845ac15ba6a89ed4bc4239c0,200,3,false,0,false,7196.0,0.0.3
1370496243106,cdee40f08884b6dd9f5c597aaa09b78a,250,2,false,0,false,7196.0,0.0.3
1370496243106,e9d85caceda96757363815a31b097cdd,500,1,true,50,false,7196.0,0.0.3
1370496243106,c419cc61586bd34b65d90398376e4f4a,750,1,false,0,false,7196.0,0.0.3
1370496243106,6074559693db1498ef3e42299981a38a,1500,2,false,0,false,7196.0,0.0.3
1370496243106,9b1f4bbe394c3386807e6ebee1114b4b,2500,0,false,0,false,7196.0,0.0.3
1370496243106,630841e95f700bbf32414537f55985af,5000,0,false,0,false,7196.0,0.0.3
1370496243106,993875435564e5196f8ccdf8d8d77436,10000,0,true,1,false,7196.0,0.0.3
1370518451968,fb25251477236e2e74100ff5f94ccc01,1,0,false,0,false,7216.0,0.0.3
1370518451968,b423ae1a45e733a8269d1e4a1140a070,35,5,false,0,false,7216.0,0.0.3
1370518451968,84a489fd151fe16a515ed701538027e5,20,4,false,0,false,7216.0,0.0.3
1370518451968,43f922460a0c152fbdeff45a380f2a19,100,9,false,0,false,7216.0,0.0.3
1370518451968,74302bb679f06704ca67bb93f5a29bd3,50,2,false,0,false,7216.0,0.0.3
1370518451968,cb3cb19ff7b1af1a99263fc54392c6a5,10,2,false,0,false,7216.0,0.0.3
1370518451968,9d006aaa1906a1ce24b704d55b7a647a,5,2,false,0,false,7216.0,0.0.3
1370518451968,3dbecc36913ac5e69812b6c1cfda1d49,175,1,false,0,false,7216.0,0.0.3
1370518451968,c5640682845ac15ba6a89ed4bc4239c0,200,3,false,0,false,7216.0,0.0.3
1370518451968,e9d85caceda96757363815a31b097cdd,500,1,true,50,false,7216.0,0.0.3
1370518451968,c419cc61586bd34b65d90398376e4f4a,750,1,false,0,false,7216.0,0.0.3
1370518451968,cdee40f08884b6dd9f5c597aaa09b78a,250,2,false,0,false,7216.0,0.0.3
1370518451968,6074559693db1498ef3e42299981a38a,1500,2,false,0,false,7216.0,0.0.3
1370518451968,9b1f4bbe394c3386807e6ebee1114b4b,2500,0,false,0,false,7216.0,0.0.3
1370518451968,630841e95f700bbf32414537f55985af,5000,0,false,0,false,7216.0,0.0.3
1370518451968,993875435564e5196f8ccdf8d8d77436,10000,0,true,1,false,7216.0,0.0.3
1370543056865,9d006aaa1906a1ce24b704d55b7a647a,5,2,false,0,false,7316.0,0.0.3
1370543056865,84a489fd151fe16a515ed701538027e5,20,4,false,0,false,7316.0,0.0.3
1370543056865,cb3cb19ff7b1af1a99263fc54392c6a5,10,2,false,0,false,7316.0,0.0.3
1370543056865,74302bb679f06704ca67bb93f5a29bd3,50,2,false,0,false,7316.0,0.0.3
1370543056865,b423ae1a45e733a8269d1e4a1140a070,35,5,false,0,false,7316.0,0.0.3
1370543056865,43f922460a0c152fbdeff45a380f2a19,100,10,false,0,false,7316.0,0.0.3
1370543056865,3dbecc36913ac5e69812b6c1cfda1d49,175,1,false,0,false,7316.0,0.0.3
1370543056865,fb25251477236e2e74100ff5f94ccc01,1,0,false,0,false,7316.0,0.0.3
1370543056865,c5640682845ac15ba6a89ed4bc4239c0,200,3,false,0,false,7316.0,0.0.3
1370543056865,cdee40f08884b6dd9f5c597aaa09b78a,250,2,false,0,false,7316.0,0.0.3
1370543056865,e9d85caceda96757363815a31b097cdd,500,1,true,50,false,7316.0,0.0.3
1370543056865,c419cc61586bd34b65d90398376e4f4a,750,1,false,0,false,7316.0,0.0.3
1370543056865,6074559693db1498ef3e42299981a38a,1500,2,false,0,false,7316.0,0.0.3
1370543056865,9b1f4bbe394c3386807e6ebee1114b4b,2500,0,false,0,false,7316.0,0.0.3
1370543056865,630841e95f700bbf32414537f55985af,5000,0,false,0,false,7316.0,0.0.3
1370543056865,993875435564e5196f8ccdf8d8d77436,10000,0,true,1,false,7316.0,0.0.3
1370561658735,fb25251477236e2e74100ff5f94ccc01,1,1,false,0,false,7317.0,0.0.3
1370561658735,9d006aaa1906a1ce24b704d55b7a647a,5,2,false,0,false,7317.0,0.0.3
1370561658735,cb3cb19ff7b1af1a99263fc54392c6a5,10,2,false,0,false,7317.0,0.0.3
1370561658735,84a489fd151fe16a515ed701538027e5,20,4,false,0,false,7317.0,0.0.3
1370561658735,b423ae1a45e733a8269d1e4a1140a070,35,5,false,0,false,7317.0,0.0.3
1370561658735,74302bb679f06704ca67bb93f5a29bd3,50,2,false,0,false,7317.0,0.0.3
1370561658735,43f922460a0c152fbdeff45a380f2a19,100,10,false,0,false,7317.0,0.0.3
1370561658735,3dbecc36913ac5e69812b6c1cfda1d49,175,1,false,0,false,7317.0,0.0.3
1370561658735,c5640682845ac15ba6a89ed4bc4239c0,200,3,false,0,false,7317.0,0.0.3
1370561658735,cdee40f08884b6dd9f5c597aaa09b78a,250,2,false,0,false,7317.0,0.0.3
1370561658735,e9d85caceda96757363815a31b097cdd,500,1,true,50,false,7317.0,0.0.3
1370561658735,c419cc61586bd34b65d90398376e4f4a,750,1,false,0,false,7317.0,0.0.3
1370561658735,6074559693db1498ef3e42299981a38a,1500,2,false,0,false,7317.0,0.0.3
1370561658735,9b1f4bbe394c3386807e6ebee1114b4b,2500,0,false,0,false,7317.0,0.0.3
1370561658735,630841e95f700bbf32414537f55985af,5000,0,false,0,false,7317.0,0.0.3
1370561658735,993875435564e5196f8ccdf8d8d77436,10000,0,true,1,false,7317.0,0.0.3
